path,kind,bytes,sha256,source,status,public_path,basis,reason
MANIFEST.csv,reference,175573,00ff386397910781e8f1ae74c71cdf654f1afaee79d846bd1ce49a326abaac7e,R19 supplementary archive,excluded,,docs/PROVENANCE.md,Not a current public input: duplicate/historical/internal verification material; selected counterparts or documented workflow provided
PORTABLE_REPLAY_VERIFIED.json,reference,2098,64ff080ad207bc5857a85ed0e0ba61f1a1e7768fe0955aa287c9f1faa4ae4400,R19 supplementary archive,excluded,,docs/PROVENANCE.md,Not a current public input: duplicate/historical/internal verification material; selected counterparts or documented workflow provided
R16/LICENSE,aggregate_or_figure,1068,9f1abe28a25b5f6f95c58a81a647de3fa72ff6388d228c59bddd079255709989,R19 supplementary archive,published,LICENSE_CODE,LICENSE_CODE; DATA_LICENSES.md,Author code or non-reconstructive study aggregate/plot selected explicitly
R16/audits/r15_20260917/artifacts_sha256.csv,reference,233333,ba4585be48fb93bcb7104dd94b9092720f27facba89441c7405c3825679aaf66,R19 supplementary archive,excluded,,docs/PROVENANCE.md,Not a current public input: duplicate/historical/internal verification material; selected counterparts or documented workflow provided
R16/audits/r15_20260917/code_sha256.csv,reference,6820,2c08c69d0d4e9c491a817b7278105a30dd1f7105edcd9214dd32d55150f744a1,R19 supplementary archive,excluded,,docs/PROVENANCE.md,Not a current public input: duplicate/historical/internal verification material; selected counterparts or documented workflow provided
R16/audits/r15_20260917/environment_full_python311.json,reference,26078,aa1a204ff681306f70a3c93f81291f1920478ac91b8609854029df0361a18c94,R19 supplementary archive,excluded,,docs/PROVENANCE.md,Not a current public input: duplicate/historical/internal verification material; selected counterparts or documented workflow provided
R16/audits/r15_20260917/final_state.json,reference,1051,eccf2c816b47d5ba1ab3d72a9856eccaafc7e105c2f4f6e64f13880dfb30c8fb,R19 supplementary archive,excluded,,docs/PROVENANCE.md,Not a current public input: duplicate/historical/internal verification material; selected counterparts or documented workflow provided
R16/audits/r15_20260917/results/emt_agent_labels.json,reference,214,42897c49d103ef34575e7bf58406c76f8aa3a9496adba867b27780718936aee2,R19 supplementary archive,excluded,,docs/PROVENANCE.md,Not a current public input: duplicate/historical/internal verification material; selected counterparts or documented workflow provided
R16/audits/r15_20260917/results/emt_provenance.json,reference,550,82a8c8fd190e2206d47d56afd06f6eb8b611ed66bd34430e35da4ba3615d31c8,R19 supplementary archive,excluded,,docs/PROVENANCE.md,Not a current public input: duplicate/historical/internal verification material; selected counterparts or documented workflow provided
R16/audits/r15_20260917/results/emt_provenance_by_recording.csv,reference,3212,b94288ecbcfe6d051860dc97b1e5f241e653b4af109aec7e2f8168f6084d1650,R19 supplementary archive,excluded,,docs/PROVENANCE.md,Not a current public input: duplicate/historical/internal verification material; selected counterparts or documented workflow provided
R16/audits/r15_20260917/results/models/adapt_EMT_0_0.1_target_median.csv,sample_array_or_model,1145,90d1ea63fcc2e3a2cab94dbac0afcd4b683600152e0fc8d9a5bd5e9c47e52d85,R19 supplementary archive,pending_rights,,DATA_LICENSES.md provider-specific links,Keyed samples/labels/features or learned source-derived contents: applicable redistribution/non-reconstruction and mixed-license scope not established; preserve privately
R16/audits/r15_20260917/results/models/adapt_EMT_0_0.2_target_median.csv,sample_array_or_model,1155,5908139af8a545fecc94cfa9ce444e5407e6ba2248002375e56d80f4d0466141,R19 supplementary archive,pending_rights,,DATA_LICENSES.md provider-specific links,Keyed samples/labels/features or learned source-derived contents: applicable redistribution/non-reconstruction and mixed-license scope not established; preserve privately
R16/audits/r15_20260917/results/models/adapt_EMT_0_0.4_target_median.csv,sample_array_or_model,1047,96b31ee6658c4432ad7ce107fc1517d377e514d6e6e9d19b243d73cd00633dce,R19 supplementary archive,pending_rights,,DATA_LICENSES.md provider-specific links,Keyed samples/labels/features or learned source-derived contents: applicable redistribution/non-reconstruction and mixed-license scope not established; preserve privately
R16/audits/r15_20260917/results/models/adapt_EMT_0_0.6_target_median.csv,sample_array_or_model,1111,ed5e6644ca31f04e16e5a48436b59642f37e7e562678d0880ba495635b27d25e,R19 supplementary archive,pending_rights,,DATA_LICENSES.md provider-specific links,Keyed samples/labels/features or learned source-derived contents: applicable redistribution/non-reconstruction and mixed-license scope not established; preserve privately
R16/audits/r15_20260917/results/models/adapt_EMT_0_1.0_target_median.csv,sample_array_or_model,1154,3cfe409bca12f4aeaa41002d53d565a382fb5b976e5dac3a5837beab3449d6b7,R19 supplementary archive,pending_rights,,DATA_LICENSES.md provider-specific links,Keyed samples/labels/features or learned source-derived contents: applicable redistribution/non-reconstruction and mixed-license scope not established; preserve privately
R16/audits/r15_20260917/results/models/adapt_EMT_1_0.1_target_median.csv,sample_array_or_model,1167,078a1a178b0ccf4ec18a2b5f22126de342e3d2d49db9bab312e8c3579043ebd8,R19 supplementary archive,pending_rights,,DATA_LICENSES.md provider-specific links,Keyed samples/labels/features or learned source-derived contents: applicable redistribution/non-reconstruction and mixed-license scope not established; preserve privately
R16/audits/r15_20260917/results/models/adapt_EMT_1_0.2_target_median.csv,sample_array_or_model,1119,0e3d0ae09391a546b378482f345188e66869a91ddfdfac95122d592599f5c449,R19 supplementary archive,pending_rights,,DATA_LICENSES.md provider-specific links,Keyed samples/labels/features or learned source-derived contents: applicable redistribution/non-reconstruction and mixed-license scope not established; preserve privately
R16/audits/r15_20260917/results/models/adapt_EMT_1_0.4_target_median.csv,sample_array_or_model,1164,4e81e813a3bfe57d084ff356e66ad44c47d5186f156c09256eaeaf7d5502a552,R19 supplementary archive,pending_rights,,DATA_LICENSES.md provider-specific links,Keyed samples/labels/features or learned source-derived contents: applicable redistribution/non-reconstruction and mixed-license scope not established; preserve privately
R16/audits/r15_20260917/results/models/adapt_EMT_1_0.6_target_median.csv,sample_array_or_model,1144,bb858d0188a6f45274c2203aa417b11089eefce8c13973a049814955b785bb2a,R19 supplementary archive,pending_rights,,DATA_LICENSES.md provider-specific links,Keyed samples/labels/features or learned source-derived contents: applicable redistribution/non-reconstruction and mixed-license scope not established; preserve privately
R16/audits/r15_20260917/results/models/adapt_EMT_1_1.0_target_median.csv,sample_array_or_model,1095,5913b8f61503846665a07e50b316e2e1229d5ab2bf28814c536547552b216c6b,R19 supplementary archive,pending_rights,,DATA_LICENSES.md provider-specific links,Keyed samples/labels/features or learned source-derived contents: applicable redistribution/non-reconstruction and mixed-license scope not established; preserve privately
R16/audits/r15_20260917/results/models/adapt_EMT_42_0.1_target_median.csv,sample_array_or_model,1174,e3ce29cd460b0e8643d44b1a1bf1aeec3e731a99596428d6b164cf7110787115,R19 supplementary archive,pending_rights,,DATA_LICENSES.md provider-specific links,Keyed samples/labels/features or learned source-derived contents: applicable redistribution/non-reconstruction and mixed-license scope not established; preserve privately
R16/audits/r15_20260917/results/models/adapt_EMT_42_0.2_target_median.csv,sample_array_or_model,1134,f353bc3ee90516d097d2b9bba70dd4b7e6ab5740fc5be78147cac8be8d3d2699,R19 supplementary archive,pending_rights,,DATA_LICENSES.md provider-specific links,Keyed samples/labels/features or learned source-derived contents: applicable redistribution/non-reconstruction and mixed-license scope not established; preserve privately
R16/audits/r15_20260917/results/models/adapt_EMT_42_0.4_target_median.csv,sample_array_or_model,1157,52f2dbe60f6ff90425c9062f0e28532db2f658bc6ac6df4c8f327b900c7da12f,R19 supplementary archive,pending_rights,,DATA_LICENSES.md provider-specific links,Keyed samples/labels/features or learned source-derived contents: applicable redistribution/non-reconstruction and mixed-license scope not established; preserve privately
R16/audits/r15_20260917/results/models/adapt_EMT_42_0.6_target_median.csv,sample_array_or_model,1131,b357d9a999312cd2b3ea61a43ae0226ed8dc161c0324ac3aa282c9633c221dbb,R19 supplementary archive,pending_rights,,DATA_LICENSES.md provider-specific links,Keyed samples/labels/features or learned source-derived contents: applicable redistribution/non-reconstruction and mixed-license scope not established; preserve privately
R16/audits/r15_20260917/results/models/adapt_EMT_42_1.0_target_median.csv,sample_array_or_model,1121,fe0b192a1bca345114914c81dabd9b69d965aaf4f44b10f2020120efc5013b25,R19 supplementary archive,pending_rights,,DATA_LICENSES.md provider-specific links,Keyed samples/labels/features or learned source-derived contents: applicable redistribution/non-reconstruction and mixed-license scope not established; preserve privately
R16/audits/r15_20260917/results/models/adapt_ETRI_0_0.1_target_median.csv,sample_array_or_model,1266,99ff232bf007b65b4641feb91736f6f9704892441de10c2dc33f923f5124bb1f,R19 supplementary archive,pending_rights,,DATA_LICENSES.md provider-specific links,Keyed samples/labels/features or learned source-derived contents: applicable redistribution/non-reconstruction and mixed-license scope not established; preserve privately
R16/audits/r15_20260917/results/models/adapt_ETRI_0_0.2_target_median.csv,sample_array_or_model,1242,8f066dcd4d33eb0ff76983d1aaf0495a612d81fef9a1d3c0c9f9e4d80b24104a,R19 supplementary archive,pending_rights,,DATA_LICENSES.md provider-specific links,Keyed samples/labels/features or learned source-derived contents: applicable redistribution/non-reconstruction and mixed-license scope not established; preserve privately
R16/audits/r15_20260917/results/models/adapt_ETRI_0_0.4_target_median.csv,sample_array_or_model,1247,35b18399617c2e83de1a176d10cb767e50ec4d36a650ec599eca73adb66707ea,R19 supplementary archive,pending_rights,,DATA_LICENSES.md provider-specific links,Keyed samples/labels/features or learned source-derived contents: applicable redistribution/non-reconstruction and mixed-license scope not established; preserve privately
R16/audits/r15_20260917/results/models/adapt_ETRI_0_0.6_target_median.csv,sample_array_or_model,1200,970f013f018082199c0bb276651f479bc354f142b8b856cfdeece3d5984c153f,R19 supplementary archive,pending_rights,,DATA_LICENSES.md provider-specific links,Keyed samples/labels/features or learned source-derived contents: applicable redistribution/non-reconstruction and mixed-license scope not established; preserve privately
R16/audits/r15_20260917/results/models/adapt_ETRI_0_1.0_target_median.csv,sample_array_or_model,1200,eb0e1507aa45d632d5f5cf30d087e1d5adfcd413e0687ca8ee2c47ba9a96cc6b,R19 supplementary archive,pending_rights,,DATA_LICENSES.md provider-specific links,Keyed samples/labels/features or learned source-derived contents: applicable redistribution/non-reconstruction and mixed-license scope not established; preserve privately
R16/audits/r15_20260917/results/models/adapt_ETRI_1_0.1_target_median.csv,sample_array_or_model,1176,c145c736d8ef9b7c0a6510a087b67fc094c1505ada5112ce0d5da79dc11954eb,R19 supplementary archive,pending_rights,,DATA_LICENSES.md provider-specific links,Keyed samples/labels/features or learned source-derived contents: applicable redistribution/non-reconstruction and mixed-license scope not established; preserve privately
R16/audits/r15_20260917/results/models/adapt_ETRI_1_0.2_target_median.csv,sample_array_or_model,1183,e5a055dfd89f58767574e48ee69d868634be6694a925939b8db7454e368c7287,R19 supplementary archive,pending_rights,,DATA_LICENSES.md provider-specific links,Keyed samples/labels/features or learned source-derived contents: applicable redistribution/non-reconstruction and mixed-license scope not established; preserve privately
R16/audits/r15_20260917/results/models/adapt_ETRI_1_0.4_target_median.csv,sample_array_or_model,1220,1d21097c6133babe896277ade04e80f01c7d90f4356bf918bfd460f488d0ad6c,R19 supplementary archive,pending_rights,,DATA_LICENSES.md provider-specific links,Keyed samples/labels/features or learned source-derived contents: applicable redistribution/non-reconstruction and mixed-license scope not established; preserve privately
R16/audits/r15_20260917/results/models/adapt_ETRI_1_0.6_target_median.csv,sample_array_or_model,1200,3445d6b1f54f78754af0b4e2c883ce89a928e523835b4aa2729429fc9ed12f5c,R19 supplementary archive,pending_rights,,DATA_LICENSES.md provider-specific links,Keyed samples/labels/features or learned source-derived contents: applicable redistribution/non-reconstruction and mixed-license scope not established; preserve privately
R16/audits/r15_20260917/results/models/adapt_ETRI_1_1.0_target_median.csv,sample_array_or_model,1213,4227f7bc5ceb12b232a8a24019a7c62d59667af00a086384b861063ccb0768b2,R19 supplementary archive,pending_rights,,DATA_LICENSES.md provider-specific links,Keyed samples/labels/features or learned source-derived contents: applicable redistribution/non-reconstruction and mixed-license scope not established; preserve privately
R16/audits/r15_20260917/results/models/adapt_ETRI_42_0.1_target_median.csv,sample_array_or_model,1198,4140c3ad701f662679a94a8e5e0490962fd36632e81371df211fb3e2f0d07e4b,R19 supplementary archive,pending_rights,,DATA_LICENSES.md provider-specific links,Keyed samples/labels/features or learned source-derived contents: applicable redistribution/non-reconstruction and mixed-license scope not established; preserve privately
R16/audits/r15_20260917/results/models/adapt_ETRI_42_0.2_target_median.csv,sample_array_or_model,1203,8b169a1032210230c58e510ad7c5a909e187c9d0162f9382e26c644df98220b4,R19 supplementary archive,pending_rights,,DATA_LICENSES.md provider-specific links,Keyed samples/labels/features or learned source-derived contents: applicable redistribution/non-reconstruction and mixed-license scope not established; preserve privately
R16/audits/r15_20260917/results/models/adapt_ETRI_42_0.4_target_median.csv,sample_array_or_model,1218,e102d7c7101af7c3db698c8a8e1d7614b058521ad60cfce6f092be3d41f63e14,R19 supplementary archive,pending_rights,,DATA_LICENSES.md provider-specific links,Keyed samples/labels/features or learned source-derived contents: applicable redistribution/non-reconstruction and mixed-license scope not established; preserve privately
R16/audits/r15_20260917/results/models/adapt_ETRI_42_0.6_target_median.csv,sample_array_or_model,1198,14a8e8d606934412fd710d17f95a3c603fc0ae92970feb927a406864b3a658a6,R19 supplementary archive,pending_rights,,DATA_LICENSES.md provider-specific links,Keyed samples/labels/features or learned source-derived contents: applicable redistribution/non-reconstruction and mixed-license scope not established; preserve privately
R16/audits/r15_20260917/results/models/adapt_ETRI_42_1.0_target_median.csv,sample_array_or_model,1169,3c677cf839116d0591c0b06b66ee878bfedca24ae13954534935639bd6f38023,R19 supplementary archive,pending_rights,,DATA_LICENSES.md provider-specific links,Keyed samples/labels/features or learned source-derived contents: applicable redistribution/non-reconstruction and mixed-license scope not established; preserve privately
R16/audits/r15_20260917/results/models/adapt_exiD_0_0.1_target_median.csv,sample_array_or_model,1161,8b7a434150ab869a2bb944daa768dbdebf28026f535d5bd192cc7b4e171f334b,R19 supplementary archive,pending_rights,,DATA_LICENSES.md provider-specific links,Keyed samples/labels/features or learned source-derived contents: applicable redistribution/non-reconstruction and mixed-license scope not established; preserve privately
R16/audits/r15_20260917/results/models/adapt_exiD_0_0.2_target_median.csv,sample_array_or_model,1212,7ef4faf32580e0874a6808c0883e8d55a7a42959b9ac537674b6547e901e497d,R19 supplementary archive,pending_rights,,DATA_LICENSES.md provider-specific links,Keyed samples/labels/features or learned source-derived contents: applicable redistribution/non-reconstruction and mixed-license scope not established; preserve privately
R16/audits/r15_20260917/results/models/adapt_exiD_0_0.4_target_median.csv,sample_array_or_model,1167,4f38c0d83f7d345ddd89d4b7b86877060325da57f4785a1bfc898bb07c59b1ae,R19 supplementary archive,pending_rights,,DATA_LICENSES.md provider-specific links,Keyed samples/labels/features or learned source-derived contents: applicable redistribution/non-reconstruction and mixed-license scope not established; preserve privately
R16/audits/r15_20260917/results/models/adapt_exiD_0_0.6_target_median.csv,sample_array_or_model,1152,2f089416b8a45f38642997ac1a7caedba55ca8443a898263991f5c14203070fb,R19 supplementary archive,pending_rights,,DATA_LICENSES.md provider-specific links,Keyed samples/labels/features or learned source-derived contents: applicable redistribution/non-reconstruction and mixed-license scope not established; preserve privately
R16/audits/r15_20260917/results/models/adapt_exiD_0_1.0_target_median.csv,sample_array_or_model,1163,81f388009e03b4282ec3c1862cad93add01d199f37901788a9eba3bf3a3f8628,R19 supplementary archive,pending_rights,,DATA_LICENSES.md provider-specific links,Keyed samples/labels/features or learned source-derived contents: applicable redistribution/non-reconstruction and mixed-license scope not established; preserve privately
R16/audits/r15_20260917/results/models/adapt_exiD_1_0.1_target_median.csv,sample_array_or_model,1163,fd34a63141914c337a441f8c74d6b4cdc983f7e3eee639201f8fe456854188ba,R19 supplementary archive,pending_rights,,DATA_LICENSES.md provider-specific links,Keyed samples/labels/features or learned source-derived contents: applicable redistribution/non-reconstruction and mixed-license scope not established; preserve privately
R16/audits/r15_20260917/results/models/adapt_exiD_1_0.2_target_median.csv,sample_array_or_model,1224,55832d41e88515d4790cc6b904fbdd7e81b5cbadb9e7abc93b6ad56e8a42f759,R19 supplementary archive,pending_rights,,DATA_LICENSES.md provider-specific links,Keyed samples/labels/features or learned source-derived contents: applicable redistribution/non-reconstruction and mixed-license scope not established; preserve privately
R16/audits/r15_20260917/results/models/adapt_exiD_1_0.4_target_median.csv,sample_array_or_model,1182,5bfef32d18a6f1d5d1e6e273de477ab403f61c52d25fd360452c250129288ae5,R19 supplementary archive,pending_rights,,DATA_LICENSES.md provider-specific links,Keyed samples/labels/features or learned source-derived contents: applicable redistribution/non-reconstruction and mixed-license scope not established; preserve privately
R16/audits/r15_20260917/results/models/adapt_exiD_1_0.6_target_median.csv,sample_array_or_model,1215,358075cf495ee3e97f4ec5b36473bd04a29967ea4c3ba5aa7a173b1959f1b962,R19 supplementary archive,pending_rights,,DATA_LICENSES.md provider-specific links,Keyed samples/labels/features or learned source-derived contents: applicable redistribution/non-reconstruction and mixed-license scope not established; preserve privately
R16/audits/r15_20260917/results/models/adapt_exiD_1_1.0_target_median.csv,sample_array_or_model,1182,63b0c5e71d6ee746283fc3577ac385ef6f9cd09fc22adb0b23f419456516836e,R19 supplementary archive,pending_rights,,DATA_LICENSES.md provider-specific links,Keyed samples/labels/features or learned source-derived contents: applicable redistribution/non-reconstruction and mixed-license scope not established; preserve privately
R16/audits/r15_20260917/results/models/adapt_exiD_42_0.1_target_median.csv,sample_array_or_model,1196,9e94f33f376c60b95c2eebdfb7ecf84469b036e83b484339063e14577a60b360,R19 supplementary archive,pending_rights,,DATA_LICENSES.md provider-specific links,Keyed samples/labels/features or learned source-derived contents: applicable redistribution/non-reconstruction and mixed-license scope not established; preserve privately
R16/audits/r15_20260917/results/models/adapt_exiD_42_0.2_target_median.csv,sample_array_or_model,1176,7832859c80987e260ae4804a7d0ccc6bb77308d6eee3be86e37af3602dc9afaf,R19 supplementary archive,pending_rights,,DATA_LICENSES.md provider-specific links,Keyed samples/labels/features or learned source-derived contents: applicable redistribution/non-reconstruction and mixed-license scope not established; preserve privately
R16/audits/r15_20260917/results/models/adapt_exiD_42_0.4_target_median.csv,sample_array_or_model,1174,f1d1b40e05312708fedc1bcfbb277a9d171d6f4a3e05f095864dae9be488541e,R19 supplementary archive,pending_rights,,DATA_LICENSES.md provider-specific links,Keyed samples/labels/features or learned source-derived contents: applicable redistribution/non-reconstruction and mixed-license scope not established; preserve privately
R16/audits/r15_20260917/results/models/adapt_exiD_42_0.6_target_median.csv,sample_array_or_model,1195,4efd0f4a9a5324dec911a9adac84a27000f53ab4547a8d9c94b9cf39076164f6,R19 supplementary archive,pending_rights,,DATA_LICENSES.md provider-specific links,Keyed samples/labels/features or learned source-derived contents: applicable redistribution/non-reconstruction and mixed-license scope not established; preserve privately
R16/audits/r15_20260917/results/models/adapt_exiD_42_1.0_target_median.csv,sample_array_or_model,1189,1f3dd0cd450f688d9a2e0c302f0c5623a2d254644992e56d5d3c4f9cc5eb2849,R19 supplementary archive,pending_rights,,DATA_LICENSES.md provider-specific links,Keyed samples/labels/features or learned source-derived contents: applicable redistribution/non-reconstruction and mixed-license scope not established; preserve privately
R16/audits/r15_20260917/results/models/adapt_source_0_median.csv,sample_array_or_model,1281,45feb91c79c9209dc6542998870b9f6d86e758cc00ddb55efbf1f344b507c583,R19 supplementary archive,pending_rights,,DATA_LICENSES.md provider-specific links,Keyed samples/labels/features or learned source-derived contents: applicable redistribution/non-reconstruction and mixed-license scope not established; preserve privately
R16/audits/r15_20260917/results/models/adapt_source_1_median.csv,sample_array_or_model,1281,45feb91c79c9209dc6542998870b9f6d86e758cc00ddb55efbf1f344b507c583,R19 supplementary archive,pending_rights,,DATA_LICENSES.md provider-specific links,Keyed samples/labels/features or learned source-derived contents: applicable redistribution/non-reconstruction and mixed-license scope not established; preserve privately
R16/audits/r15_20260917/results/models/adapt_source_42_median.csv,sample_array_or_model,1281,45feb91c79c9209dc6542998870b9f6d86e758cc00ddb55efbf1f344b507c583,R19 supplementary archive,pending_rights,,DATA_LICENSES.md provider-specific links,Keyed samples/labels/features or learned source-derived contents: applicable redistribution/non-reconstruction and mixed-license scope not established; preserve privately
R16/audits/r15_20260917/results/models/adapt_uniD_0_0.1_target_median.csv,sample_array_or_model,1219,213f0df1bb6c7a986ece63a1e011e4f8a26849371816aa30f797b604a5d62fe2,R19 supplementary archive,pending_rights,,DATA_LICENSES.md provider-specific links,Keyed samples/labels/features or learned source-derived contents: applicable redistribution/non-reconstruction and mixed-license scope not established; preserve privately
R16/audits/r15_20260917/results/models/adapt_uniD_0_0.2_target_median.csv,sample_array_or_model,1231,ddb29992ba2271a21af1e8eac11d93a86a144a8296f1b5584f69a6fc2fc094ad,R19 supplementary archive,pending_rights,,DATA_LICENSES.md provider-specific links,Keyed samples/labels/features or learned source-derived contents: applicable redistribution/non-reconstruction and mixed-license scope not established; preserve privately
R16/audits/r15_20260917/results/models/adapt_uniD_0_0.4_target_median.csv,sample_array_or_model,1170,ee0bd96a15e8aa3284c02f8d6c3529588f766cb8b5d50f12014cde460b776f52,R19 supplementary archive,pending_rights,,DATA_LICENSES.md provider-specific links,Keyed samples/labels/features or learned source-derived contents: applicable redistribution/non-reconstruction and mixed-license scope not established; preserve privately
R16/audits/r15_20260917/results/models/adapt_uniD_0_0.6_target_median.csv,sample_array_or_model,1208,d618c73ff8a428b220e43e470cbc28fedf2dca64af5b15339401ec671b367562,R19 supplementary archive,pending_rights,,DATA_LICENSES.md provider-specific links,Keyed samples/labels/features or learned source-derived contents: applicable redistribution/non-reconstruction and mixed-license scope not established; preserve privately
R16/audits/r15_20260917/results/models/adapt_uniD_0_1.0_target_median.csv,sample_array_or_model,1223,f2bef0624d211245a41a63548f9129c6b764fd1b1e817310c56cca25f64d6f81,R19 supplementary archive,pending_rights,,DATA_LICENSES.md provider-specific links,Keyed samples/labels/features or learned source-derived contents: applicable redistribution/non-reconstruction and mixed-license scope not established; preserve privately
R16/audits/r15_20260917/results/models/adapt_uniD_1_0.1_target_median.csv,sample_array_or_model,1165,877524e0a9c24c896beada3f36f2819be9149b51408528d729b3dcac650fc5a0,R19 supplementary archive,pending_rights,,DATA_LICENSES.md provider-specific links,Keyed samples/labels/features or learned source-derived contents: applicable redistribution/non-reconstruction and mixed-license scope not established; preserve privately
R16/audits/r15_20260917/results/models/adapt_uniD_1_0.2_target_median.csv,sample_array_or_model,1154,6a7cabd0ada3c80184efc583618cd99d58c09401985985fbc25d2294c943bda3,R19 supplementary archive,pending_rights,,DATA_LICENSES.md provider-specific links,Keyed samples/labels/features or learned source-derived contents: applicable redistribution/non-reconstruction and mixed-license scope not established; preserve privately
R16/audits/r15_20260917/results/models/adapt_uniD_1_0.4_target_median.csv,sample_array_or_model,1198,0bc09a2fc68d95d83ab6714c5722ad4e7248a710c756dc9bc4dcb55d32595ac0,R19 supplementary archive,pending_rights,,DATA_LICENSES.md provider-specific links,Keyed samples/labels/features or learned source-derived contents: applicable redistribution/non-reconstruction and mixed-license scope not established; preserve privately
R16/audits/r15_20260917/results/models/adapt_uniD_1_0.6_target_median.csv,sample_array_or_model,1180,137d5a2d503cd67fb564f4e88128f39925c6d9258ab144e692367b72b0017f35,R19 supplementary archive,pending_rights,,DATA_LICENSES.md provider-specific links,Keyed samples/labels/features or learned source-derived contents: applicable redistribution/non-reconstruction and mixed-license scope not established; preserve privately
R16/audits/r15_20260917/results/models/adapt_uniD_1_1.0_target_median.csv,sample_array_or_model,1176,5b2eb9c4c495f0732bdb1739f783c28349062f47e3a81c3ae068804d4c0b567b,R19 supplementary archive,pending_rights,,DATA_LICENSES.md provider-specific links,Keyed samples/labels/features or learned source-derived contents: applicable redistribution/non-reconstruction and mixed-license scope not established; preserve privately
R16/audits/r15_20260917/results/models/adapt_uniD_42_0.1_target_median.csv,sample_array_or_model,1243,5adbe5bdff8ead16ff17d9a5581382733b958e0a66bd833b2ec8a9f9a9586afc,R19 supplementary archive,pending_rights,,DATA_LICENSES.md provider-specific links,Keyed samples/labels/features or learned source-derived contents: applicable redistribution/non-reconstruction and mixed-license scope not established; preserve privately
R16/audits/r15_20260917/results/models/adapt_uniD_42_0.2_target_median.csv,sample_array_or_model,1178,faebc6f3a9e99c2e43f92dbbd3d20a625780a45f968f56c8db57316b249f1449,R19 supplementary archive,pending_rights,,DATA_LICENSES.md provider-specific links,Keyed samples/labels/features or learned source-derived contents: applicable redistribution/non-reconstruction and mixed-license scope not established; preserve privately
R16/audits/r15_20260917/results/models/adapt_uniD_42_0.4_target_median.csv,sample_array_or_model,1135,ce5f47045a94486a44498e297d8ea74b537ce274ec551fed14c15aa9e193d4e6,R19 supplementary archive,pending_rights,,DATA_LICENSES.md provider-specific links,Keyed samples/labels/features or learned source-derived contents: applicable redistribution/non-reconstruction and mixed-license scope not established; preserve privately
R16/audits/r15_20260917/results/models/adapt_uniD_42_0.6_target_median.csv,sample_array_or_model,1224,952a3e98be5b8df8ac7427c1014e71dfd0ff05ba4adf2fa5b0dd6ebdfc248257,R19 supplementary archive,pending_rights,,DATA_LICENSES.md provider-specific links,Keyed samples/labels/features or learned source-derived contents: applicable redistribution/non-reconstruction and mixed-license scope not established; preserve privately
R16/audits/r15_20260917/results/models/adapt_uniD_42_1.0_target_median.csv,sample_array_or_model,1232,4add7873b5967109e72099c2eb9289eb3c048bf9c13fd4f09798ae3a5f72e022,R19 supplementary archive,pending_rights,,DATA_LICENSES.md provider-specific links,Keyed samples/labels/features or learned source-derived contents: applicable redistribution/non-reconstruction and mixed-license scope not established; preserve privately
R16/audits/r15_20260917/results/models/xgb_source_median_before_0_median.csv,sample_array_or_model,1281,45feb91c79c9209dc6542998870b9f6d86e758cc00ddb55efbf1f344b507c583,R19 supplementary archive,pending_rights,,DATA_LICENSES.md provider-specific links,Keyed samples/labels/features or learned source-derived contents: applicable redistribution/non-reconstruction and mixed-license scope not established; preserve privately
R16/audits/r15_20260917/results/models/xgb_source_median_before_1_median.csv,sample_array_or_model,1281,45feb91c79c9209dc6542998870b9f6d86e758cc00ddb55efbf1f344b507c583,R19 supplementary archive,pending_rights,,DATA_LICENSES.md provider-specific links,Keyed samples/labels/features or learned source-derived contents: applicable redistribution/non-reconstruction and mixed-license scope not established; preserve privately
R16/audits/r15_20260917/results/models/xgb_source_median_before_42_median.csv,sample_array_or_model,1281,45feb91c79c9209dc6542998870b9f6d86e758cc00ddb55efbf1f344b507c583,R19 supplementary archive,pending_rights,,DATA_LICENSES.md provider-specific links,Keyed samples/labels/features or learned source-derived contents: applicable redistribution/non-reconstruction and mixed-license scope not established; preserve privately
R16/audits/r15_20260917/results/models/xgb_train_median_after_0_median.csv,sample_array_or_model,1258,caec6676da71a01d55b3838307c23ee7c75f82a98dc8287002430645b8602404,R19 supplementary archive,pending_rights,,DATA_LICENSES.md provider-specific links,Keyed samples/labels/features or learned source-derived contents: applicable redistribution/non-reconstruction and mixed-license scope not established; preserve privately
R16/audits/r15_20260917/results/models/xgb_train_median_after_1_median.csv,sample_array_or_model,1271,790aab9cccf38e69d8d809dc1dcb49095b80a5102168c91bc73988920d5443fd,R19 supplementary archive,pending_rights,,DATA_LICENSES.md provider-specific links,Keyed samples/labels/features or learned source-derived contents: applicable redistribution/non-reconstruction and mixed-license scope not established; preserve privately
R16/audits/r15_20260917/results/models/xgb_train_median_after_42.ubj,sample_array_or_model,1887798,fec7340c523cfa123ff18d57b8eaa613096e8a47e8a2bb59607aed12dde7fb89,R19 supplementary archive,pending_rights,,DATA_LICENSES.md provider-specific links,Mixed-source checkpoint: highD non-commercial abstract-derivative conditions and NGSIM CC BY-SA/MiTra CC BY scope require compatibility clarification; no blanket model prohibition claimed.
R16/audits/r15_20260917/results/models/xgb_train_median_after_42_median.csv,sample_array_or_model,1224,1e09997afd2191b42de07646fefa08c8c779f987c45009ce7a3fef3b30068d5e,R19 supplementary archive,pending_rights,,DATA_LICENSES.md provider-specific links,Keyed samples/labels/features or learned source-derived contents: applicable redistribution/non-reconstruction and mixed-license scope not established; preserve privately
R16/audits/r15_20260917/results/predictions/adapt_EMT_0_0.1_continuation_best.parquet,sample_array_or_model,11878,2046360615e5f873173588a0eaff2a3c96833ac8d065c1bb8edf932f2b5fe97f,R19 supplementary archive,pending_rights,,DATA_LICENSES.md provider-specific links,Keyed samples/labels/features or learned source-derived contents: applicable redistribution/non-reconstruction and mixed-license scope not established; preserve privately
R16/audits/r15_20260917/results/predictions/adapt_EMT_0_0.1_target_only_target_median_best.parquet,sample_array_or_model,11769,04bfeb1ad3689df1127d87cf9fdf30d8b5d1ac844658312259615f21c5c35c8b,R19 supplementary archive,pending_rights,,DATA_LICENSES.md provider-specific links,Keyed samples/labels/features or learned source-derived contents: applicable redistribution/non-reconstruction and mixed-license scope not established; preserve privately
R16/audits/r15_20260917/results/predictions/adapt_EMT_0_0.2_continuation_best.parquet,sample_array_or_model,11878,83b4e6787c20eae5bd7ddb9c10946302909ff843de1418ae04c48e8603a2bd11,R19 supplementary archive,pending_rights,,DATA_LICENSES.md provider-specific links,Keyed samples/labels/features or learned source-derived contents: applicable redistribution/non-reconstruction and mixed-license scope not established; preserve privately
R16/audits/r15_20260917/results/predictions/adapt_EMT_0_0.2_target_only_target_median_best.parquet,sample_array_or_model,10850,c1248ca7bc3f31d8615c00235f6923e13a345e47fc64fec9df79737df159a9b4,R19 supplementary archive,pending_rights,,DATA_LICENSES.md provider-specific links,Keyed samples/labels/features or learned source-derived contents: applicable redistribution/non-reconstruction and mixed-license scope not established; preserve privately
R16/audits/r15_20260917/results/predictions/adapt_EMT_0_0.4_continuation_best.parquet,sample_array_or_model,11886,a848f56bbbf1697ce37c883d615a7597edaa530a7e9c39ad3a478a9f4ad42d1b,R19 supplementary archive,pending_rights,,DATA_LICENSES.md provider-specific links,Keyed samples/labels/features or learned source-derived contents: applicable redistribution/non-reconstruction and mixed-license scope not established; preserve privately
R16/audits/r15_20260917/results/predictions/adapt_EMT_0_0.4_target_only_target_median_best.parquet,sample_array_or_model,10886,eb0ca0a910e8f9a9eda982c377f290b4acce4383a825d95f7a422d9f84b34a6e,R19 supplementary archive,pending_rights,,DATA_LICENSES.md provider-specific links,Keyed samples/labels/features or learned source-derived contents: applicable redistribution/non-reconstruction and mixed-license scope not established; preserve privately
R16/audits/r15_20260917/results/predictions/adapt_EMT_0_0.6_continuation_best.parquet,sample_array_or_model,11882,9130b9acbe560e4ae5111dac48590745e66c326a3f2eb0564ec025ebc565a170,R19 supplementary archive,pending_rights,,DATA_LICENSES.md provider-specific links,Keyed samples/labels/features or learned source-derived contents: applicable redistribution/non-reconstruction and mixed-license scope not established; preserve privately
R16/audits/r15_20260917/results/predictions/adapt_EMT_0_0.6_target_only_target_median_best.parquet,sample_array_or_model,11721,e8c1ff03f52d54607cb8c1c5d14bdfc8e0d675581fccd616e580e49000937aa9,R19 supplementary archive,pending_rights,,DATA_LICENSES.md provider-specific links,Keyed samples/labels/features or learned source-derived contents: applicable redistribution/non-reconstruction and mixed-license scope not established; preserve privately
R16/audits/r15_20260917/results/predictions/adapt_EMT_0_1.0_continuation_best.parquet,sample_array_or_model,11882,1345fa80dfd60eaf155473a5a4e08638df21d4bf17196cd867a2907301746c9c,R19 supplementary archive,pending_rights,,DATA_LICENSES.md provider-specific links,Keyed samples/labels/features or learned source-derived contents: applicable redistribution/non-reconstruction and mixed-license scope not established; preserve privately
R16/audits/r15_20260917/results/predictions/adapt_EMT_0_1.0_target_only_target_median_best.parquet,sample_array_or_model,10887,f630185565544d7bac8efd786b1bfae18a2b486cf70e55e10d21d82148adadae,R19 supplementary archive,pending_rights,,DATA_LICENSES.md provider-specific links,Keyed samples/labels/features or learned source-derived contents: applicable redistribution/non-reconstruction and mixed-license scope not established; preserve privately
R16/audits/r15_20260917/results/predictions/adapt_EMT_1_0.1_continuation_best.parquet,sample_array_or_model,11747,bcbf2e0dcb310afbdd38af6005d181b88797a2d4f773633e84e325f3aaeeb422,R19 supplementary archive,pending_rights,,DATA_LICENSES.md provider-specific links,Keyed samples/labels/features or learned source-derived contents: applicable redistribution/non-reconstruction and mixed-license scope not established; preserve privately
R16/audits/r15_20260917/results/predictions/adapt_EMT_1_0.1_target_only_target_median_best.parquet,sample_array_or_model,11067,48eac7ea09c96c28bdbce3ab32f1e59b62069d99bd49419afcb52ccf4b1ff13d,R19 supplementary archive,pending_rights,,DATA_LICENSES.md provider-specific links,Keyed samples/labels/features or learned source-derived contents: applicable redistribution/non-reconstruction and mixed-license scope not established; preserve privately
R16/audits/r15_20260917/results/predictions/adapt_EMT_1_0.2_continuation_best.parquet,sample_array_or_model,11747,004b849d42af6c087cd9cc3bfea761c1ad0908e35adbf3e0b5ac19b1515f08f9,R19 supplementary archive,pending_rights,,DATA_LICENSES.md provider-specific links,Keyed samples/labels/features or learned source-derived contents: applicable redistribution/non-reconstruction and mixed-license scope not established; preserve privately
R16/audits/r15_20260917/results/predictions/adapt_EMT_1_0.2_target_only_target_median_best.parquet,sample_array_or_model,9787,6d1e96d7c4176c0c00162caf39b875f34d2b0e3bc3471d95480abcaa20d370c1,R19 supplementary archive,pending_rights,,DATA_LICENSES.md provider-specific links,Keyed samples/labels/features or learned source-derived contents: applicable redistribution/non-reconstruction and mixed-license scope not established; preserve privately
R16/audits/r15_20260917/results/predictions/adapt_EMT_1_0.4_continuation_best.parquet,sample_array_or_model,11747,48e7fd581b7ebc5ad2f396c8c304c3bdb37247ba6f75837f60b3ed7cd9d5b4b9,R19 supplementary archive,pending_rights,,DATA_LICENSES.md provider-specific links,Keyed samples/labels/features or learned source-derived contents: applicable redistribution/non-reconstruction and mixed-license scope not established; preserve privately
R16/audits/r15_20260917/results/predictions/adapt_EMT_1_0.4_target_only_target_median_best.parquet,sample_array_or_model,11735,c2539c07352b59eb2148f3f0b03638540a6f59aece63faebdac2b41c11bf6934,R19 supplementary archive,pending_rights,,DATA_LICENSES.md provider-specific links,Keyed samples/labels/features or learned source-derived contents: applicable redistribution/non-reconstruction and mixed-license scope not established; preserve privately
R16/audits/r15_20260917/results/predictions/adapt_EMT_1_0.6_continuation_best.parquet,sample_array_or_model,11755,f40629f9ca8c98f459a52f526828f5a2bdcef1b85e993068da80786724084a7d,R19 supplementary archive,pending_rights,,DATA_LICENSES.md provider-specific links,Keyed samples/labels/features or learned source-derived contents: applicable redistribution/non-reconstruction and mixed-license scope not established; preserve privately
R16/audits/r15_20260917/results/predictions/adapt_EMT_1_0.6_target_only_target_median_best.parquet,sample_array_or_model,11687,4387f0f27b9004abc24a47bd56b988de8418aa88554a935b279c5679726db022,R19 supplementary archive,pending_rights,,DATA_LICENSES.md provider-specific links,Keyed samples/labels/features or learned source-derived contents: applicable redistribution/non-reconstruction and mixed-license scope not established; preserve privately
R16/audits/r15_20260917/results/predictions/adapt_EMT_1_1.0_continuation_best.parquet,sample_array_or_model,11747,4adfc0e0604cb369a34e83a3e579786f8cffcc411e1fbf387bfb9897b17303ad,R19 supplementary archive,pending_rights,,DATA_LICENSES.md provider-specific links,Keyed samples/labels/features or learned source-derived contents: applicable redistribution/non-reconstruction and mixed-license scope not established; preserve privately
R16/audits/r15_20260917/results/predictions/adapt_EMT_1_1.0_target_only_target_median_best.parquet,sample_array_or_model,11611,c0a9a95c2fa7d7785d4476019a00821f933ba1a407a092e3664e91e151980289,R19 supplementary archive,pending_rights,,DATA_LICENSES.md provider-specific links,Keyed samples/labels/features or learned source-derived contents: applicable redistribution/non-reconstruction and mixed-license scope not established; preserve privately
R16/audits/r15_20260917/results/predictions/adapt_EMT_42_0.1_continuation_best.parquet,sample_array_or_model,11197,7639a48f107d8e03752397fda8f8fbdd9848388e6aa4b5987d080d9fa5db7d29,R19 supplementary archive,pending_rights,,DATA_LICENSES.md provider-specific links,Keyed samples/labels/features or learned source-derived contents: applicable redistribution/non-reconstruction and mixed-license scope not established; preserve privately
R16/audits/r15_20260917/results/predictions/adapt_EMT_42_0.1_target_only_target_median_best.parquet,sample_array_or_model,9788,121de7ebf1e030ce5368218939a391e10f4c6e0cf605dcff7b336f6ad378b805,R19 supplementary archive,pending_rights,,DATA_LICENSES.md provider-specific links,Keyed samples/labels/features or learned source-derived contents: applicable redistribution/non-reconstruction and mixed-license scope not established; preserve privately
R16/audits/r15_20260917/results/predictions/adapt_EMT_42_0.2_continuation_best.parquet,sample_array_or_model,11197,0ed0f16e4aacfd4670fc365fa2e62bc8c794d2d23793cceec8bc9a8f28ba2ffb,R19 supplementary archive,pending_rights,,DATA_LICENSES.md provider-specific links,Keyed samples/labels/features or learned source-derived contents: applicable redistribution/non-reconstruction and mixed-license scope not established; preserve privately
R16/audits/r15_20260917/results/predictions/adapt_EMT_42_0.2_target_only_target_median_best.parquet,sample_array_or_model,9716,b10b2fd78a71a33fdf715dbb76d10d11a3148aaf97da1702edf96a1d5cf42948,R19 supplementary archive,pending_rights,,DATA_LICENSES.md provider-specific links,Keyed samples/labels/features or learned source-derived contents: applicable redistribution/non-reconstruction and mixed-license scope not established; preserve privately
R16/audits/r15_20260917/results/predictions/adapt_EMT_42_0.4_continuation_best.parquet,sample_array_or_model,11197,95436e1c4aafe5135ca84ce4eaf17a87a627887a060a5fba1a5fde29f09e3e03,R19 supplementary archive,pending_rights,,DATA_LICENSES.md provider-specific links,Keyed samples/labels/features or learned source-derived contents: applicable redistribution/non-reconstruction and mixed-license scope not established; preserve privately
R16/audits/r15_20260917/results/predictions/adapt_EMT_42_0.4_target_only_target_median_best.parquet,sample_array_or_model,11181,89e6af8ab25b448919324178e50c18a6176abdcf0048642af2ee1f9f30a12eb1,R19 supplementary archive,pending_rights,,DATA_LICENSES.md provider-specific links,Keyed samples/labels/features or learned source-derived contents: applicable redistribution/non-reconstruction and mixed-license scope not established; preserve privately
R16/audits/r15_20260917/results/predictions/adapt_EMT_42_0.6_continuation_best.parquet,sample_array_or_model,11197,abc315fce7a0ef30da9e1c7113a23775bf4adbee87e6f5f915498433020e04ea,R19 supplementary archive,pending_rights,,DATA_LICENSES.md provider-specific links,Keyed samples/labels/features or learned source-derived contents: applicable redistribution/non-reconstruction and mixed-license scope not established; preserve privately
R16/audits/r15_20260917/results/predictions/adapt_EMT_42_0.6_target_only_target_median_best.parquet,sample_array_or_model,10620,0c8719f0909746e26f8016af51c3e0de2c335b0f1006ba19d2c3d9140d9a0b3d,R19 supplementary archive,pending_rights,,DATA_LICENSES.md provider-specific links,Keyed samples/labels/features or learned source-derived contents: applicable redistribution/non-reconstruction and mixed-license scope not established; preserve privately
R16/audits/r15_20260917/results/predictions/adapt_EMT_42_1.0_continuation_best.parquet,sample_array_or_model,11197,716bb75d523e82f6223c97b9760e1e736aed82949adeb3c38da4df5174f23266,R19 supplementary archive,pending_rights,,DATA_LICENSES.md provider-specific links,Keyed samples/labels/features or learned source-derived contents: applicable redistribution/non-reconstruction and mixed-license scope not established; preserve privately
R16/audits/r15_20260917/results/predictions/adapt_EMT_42_1.0_target_only_target_median_best.parquet,sample_array_or_model,10612,959801a28a8095e69e919c961aa09c61016e4f57e4c42d3f9fd327d1ebeb2c8e,R19 supplementary archive,pending_rights,,DATA_LICENSES.md provider-specific links,Keyed samples/labels/features or learned source-derived contents: applicable redistribution/non-reconstruction and mixed-license scope not established; preserve privately
R16/audits/r15_20260917/results/predictions/adapt_ETRI_0_0.1_continuation_best.parquet,sample_array_or_model,7439,6ae5e744fa77d73d191c156a35f4b501e575cfabc418c8f674f01e2dad6ae99d,R19 supplementary archive,pending_rights,,DATA_LICENSES.md provider-specific links,Keyed samples/labels/features or learned source-derived contents: applicable redistribution/non-reconstruction and mixed-license scope not established; preserve privately
R16/audits/r15_20260917/results/predictions/adapt_ETRI_0_0.1_target_only_target_median_best.parquet,sample_array_or_model,7059,50691e0565feba9e72fe7552e65e19cee982657a59f9880529ce21f7b1c6df1d,R19 supplementary archive,pending_rights,,DATA_LICENSES.md provider-specific links,Keyed samples/labels/features or learned source-derived contents: applicable redistribution/non-reconstruction and mixed-license scope not established; preserve privately
R16/audits/r15_20260917/results/predictions/adapt_ETRI_0_0.2_continuation_best.parquet,sample_array_or_model,7439,38ec7095f4b397084fd419f5ea9018c665189cb796dbe09fe1ec5665277bfa46,R19 supplementary archive,pending_rights,,DATA_LICENSES.md provider-specific links,Keyed samples/labels/features or learned source-derived contents: applicable redistribution/non-reconstruction and mixed-license scope not established; preserve privately
R16/audits/r15_20260917/results/predictions/adapt_ETRI_0_0.2_target_only_target_median_best.parquet,sample_array_or_model,7072,4f93e13466f50e80e71cce383b202fb04493411ce058b01b068b106d0ef2d39e,R19 supplementary archive,pending_rights,,DATA_LICENSES.md provider-specific links,Keyed samples/labels/features or learned source-derived contents: applicable redistribution/non-reconstruction and mixed-license scope not established; preserve privately
R16/audits/r15_20260917/results/predictions/adapt_ETRI_0_0.4_continuation_best.parquet,sample_array_or_model,7439,c3ae28a03aac03c52126d8222830263faa1094397b815d9e69aff673023a2aec,R19 supplementary archive,pending_rights,,DATA_LICENSES.md provider-specific links,Keyed samples/labels/features or learned source-derived contents: applicable redistribution/non-reconstruction and mixed-license scope not established; preserve privately
R16/audits/r15_20260917/results/predictions/adapt_ETRI_0_0.4_target_only_target_median_best.parquet,sample_array_or_model,7098,8a6476f4ba154c6794c64d55c5b2662f05609d85476685c8d53891f5bfa54449,R19 supplementary archive,pending_rights,,DATA_LICENSES.md provider-specific links,Keyed samples/labels/features or learned source-derived contents: applicable redistribution/non-reconstruction and mixed-license scope not established; preserve privately
R16/audits/r15_20260917/results/predictions/adapt_ETRI_0_0.6_continuation_best.parquet,sample_array_or_model,7439,fb6d3abc4c8905c02ccc39fc1edde0a9b23ac682589180a83bdb8fc60a92b0f2,R19 supplementary archive,pending_rights,,DATA_LICENSES.md provider-specific links,Keyed samples/labels/features or learned source-derived contents: applicable redistribution/non-reconstruction and mixed-license scope not established; preserve privately
R16/audits/r15_20260917/results/predictions/adapt_ETRI_0_0.6_target_only_target_median_best.parquet,sample_array_or_model,7319,7c9c727f25f338f5100c4bc447277d88348e5aed8f94c9cd14e39424904ee3de,R19 supplementary archive,pending_rights,,DATA_LICENSES.md provider-specific links,Keyed samples/labels/features or learned source-derived contents: applicable redistribution/non-reconstruction and mixed-license scope not established; preserve privately
R16/audits/r15_20260917/results/predictions/adapt_ETRI_0_1.0_continuation_best.parquet,sample_array_or_model,7439,1b64f0c88b8f31694e043f40cfaec724466ee35ceb74ecf0c4d4e3a32b61a60a,R19 supplementary archive,pending_rights,,DATA_LICENSES.md provider-specific links,Keyed samples/labels/features or learned source-derived contents: applicable redistribution/non-reconstruction and mixed-license scope not established; preserve privately
R16/audits/r15_20260917/results/predictions/adapt_ETRI_0_1.0_target_only_target_median_best.parquet,sample_array_or_model,7247,9386cd421f201035a264a441ceebc0c484238b5843bec54f4ce7a7282d2afe36,R19 supplementary archive,pending_rights,,DATA_LICENSES.md provider-specific links,Keyed samples/labels/features or learned source-derived contents: applicable redistribution/non-reconstruction and mixed-license scope not established; preserve privately
R16/audits/r15_20260917/results/predictions/adapt_ETRI_1_0.1_continuation_best.parquet,sample_array_or_model,7170,4c8a62a1178ac80e8296606ecd8101e38b8af3f1b983b4b17dc15339a1ff7ba3,R19 supplementary archive,pending_rights,,DATA_LICENSES.md provider-specific links,Keyed samples/labels/features or learned source-derived contents: applicable redistribution/non-reconstruction and mixed-license scope not established; preserve privately
R16/audits/r15_20260917/results/predictions/adapt_ETRI_1_0.1_target_only_target_median_best.parquet,sample_array_or_model,6914,ae910abd9e3ab6c595faf1c0e28553f862f6b0bee2173bd63d46deadb70e8b79,R19 supplementary archive,pending_rights,,DATA_LICENSES.md provider-specific links,Keyed samples/labels/features or learned source-derived contents: applicable redistribution/non-reconstruction and mixed-license scope not established; preserve privately
R16/audits/r15_20260917/results/predictions/adapt_ETRI_1_0.2_continuation_best.parquet,sample_array_or_model,7170,9c53b9e6e8d8560870bf7e15e1175757093935bce11e31a2e779fdc694b0afda,R19 supplementary archive,pending_rights,,DATA_LICENSES.md provider-specific links,Keyed samples/labels/features or learned source-derived contents: applicable redistribution/non-reconstruction and mixed-license scope not established; preserve privately
R16/audits/r15_20260917/results/predictions/adapt_ETRI_1_0.2_target_only_target_median_best.parquet,sample_array_or_model,7082,d874aad67fe014088596b22452e3809e570b524c7375391f2206a37740604785,R19 supplementary archive,pending_rights,,DATA_LICENSES.md provider-specific links,Keyed samples/labels/features or learned source-derived contents: applicable redistribution/non-reconstruction and mixed-license scope not established; preserve privately
R16/audits/r15_20260917/results/predictions/adapt_ETRI_1_0.4_continuation_best.parquet,sample_array_or_model,7170,1bcde4062bda07255fdaf8dbda2d7fcc7390b130586298376685161f1f866be2,R19 supplementary archive,pending_rights,,DATA_LICENSES.md provider-specific links,Keyed samples/labels/features or learned source-derived contents: applicable redistribution/non-reconstruction and mixed-license scope not established; preserve privately
R16/audits/r15_20260917/results/predictions/adapt_ETRI_1_0.4_target_only_target_median_best.parquet,sample_array_or_model,7082,d7568c75feae5206fdf10517fb1f1f9886d7b28221399bbc00e0c0dd5573f350,R19 supplementary archive,pending_rights,,DATA_LICENSES.md provider-specific links,Keyed samples/labels/features or learned source-derived contents: applicable redistribution/non-reconstruction and mixed-license scope not established; preserve privately
R16/audits/r15_20260917/results/predictions/adapt_ETRI_1_0.6_continuation_best.parquet,sample_array_or_model,7170,e73a6cc8bf8ea1a2d7529cf842310311530f62aa29586023b0ce4b1c1bf344af,R19 supplementary archive,pending_rights,,DATA_LICENSES.md provider-specific links,Keyed samples/labels/features or learned source-derived contents: applicable redistribution/non-reconstruction and mixed-license scope not established; preserve privately
R16/audits/r15_20260917/results/predictions/adapt_ETRI_1_0.6_target_only_target_median_best.parquet,sample_array_or_model,7134,fc45afc128af8c0f115581df0752adbbf8971599483e8fa30f4f373c1d6fc85c,R19 supplementary archive,pending_rights,,DATA_LICENSES.md provider-specific links,Keyed samples/labels/features or learned source-derived contents: applicable redistribution/non-reconstruction and mixed-license scope not established; preserve privately
R16/audits/r15_20260917/results/predictions/adapt_ETRI_1_1.0_continuation_best.parquet,sample_array_or_model,7170,45869d213bb7ab1268f53825de0e08e674098da48f323ce8806101110f145be2,R19 supplementary archive,pending_rights,,DATA_LICENSES.md provider-specific links,Keyed samples/labels/features or learned source-derived contents: applicable redistribution/non-reconstruction and mixed-license scope not established; preserve privately
R16/audits/r15_20260917/results/predictions/adapt_ETRI_1_1.0_target_only_target_median_best.parquet,sample_array_or_model,7166,c55227771c9fe8e2cd7a86434187b12b5ad84d08d2b43598998838f3f4a014f4,R19 supplementary archive,pending_rights,,DATA_LICENSES.md provider-specific links,Keyed samples/labels/features or learned source-derived contents: applicable redistribution/non-reconstruction and mixed-license scope not established; preserve privately
R16/audits/r15_20260917/results/predictions/adapt_ETRI_42_0.1_continuation_best.parquet,sample_array_or_model,7215,6f01fe78f8d174b345701d7d8fd13dfeba66382f576539a412b048a499774923,R19 supplementary archive,pending_rights,,DATA_LICENSES.md provider-specific links,Keyed samples/labels/features or learned source-derived contents: applicable redistribution/non-reconstruction and mixed-license scope not established; preserve privately
R16/audits/r15_20260917/results/predictions/adapt_ETRI_42_0.1_target_only_target_median_best.parquet,sample_array_or_model,7007,bbc6633360a2b182ed144a5dae018a7328502c08cbc7e686e2bcaac3b5542438,R19 supplementary archive,pending_rights,,DATA_LICENSES.md provider-specific links,Keyed samples/labels/features or learned source-derived contents: applicable redistribution/non-reconstruction and mixed-license scope not established; preserve privately
R16/audits/r15_20260917/results/predictions/adapt_ETRI_42_0.2_continuation_best.parquet,sample_array_or_model,7215,084a32e4f8b8255e1578c879e3ab5c6bd9366c275790d9e21d0215cd0e8b94ab,R19 supplementary archive,pending_rights,,DATA_LICENSES.md provider-specific links,Keyed samples/labels/features or learned source-derived contents: applicable redistribution/non-reconstruction and mixed-license scope not established; preserve privately
R16/audits/r15_20260917/results/predictions/adapt_ETRI_42_0.2_target_only_target_median_best.parquet,sample_array_or_model,6943,96580b6c210dbaa54c65f186f48fa80f7fb6072b6d67ef19090a2bbf3728c850,R19 supplementary archive,pending_rights,,DATA_LICENSES.md provider-specific links,Keyed samples/labels/features or learned source-derived contents: applicable redistribution/non-reconstruction and mixed-license scope not established; preserve privately
R16/audits/r15_20260917/results/predictions/adapt_ETRI_42_0.4_continuation_best.parquet,sample_array_or_model,7215,29345f0608183c4c0fbaad4ed0ea4ee8bfcbcae1024573e44dab059714408837,R19 supplementary archive,pending_rights,,DATA_LICENSES.md provider-specific links,Keyed samples/labels/features or learned source-derived contents: applicable redistribution/non-reconstruction and mixed-license scope not established; preserve privately
R16/audits/r15_20260917/results/predictions/adapt_ETRI_42_0.4_target_only_target_median_best.parquet,sample_array_or_model,7163,a3beca4aef30d3453055cd6a313293223f2ca8324c6d909a076cbef29f1ed64c,R19 supplementary archive,pending_rights,,DATA_LICENSES.md provider-specific links,Keyed samples/labels/features or learned source-derived contents: applicable redistribution/non-reconstruction and mixed-license scope not established; preserve privately
R16/audits/r15_20260917/results/predictions/adapt_ETRI_42_0.6_continuation_best.parquet,sample_array_or_model,7215,68891ff2cf0c9c1dc5a4fa65fb043295987c6a7b7db748dc3d570b6971b93b68,R19 supplementary archive,pending_rights,,DATA_LICENSES.md provider-specific links,Keyed samples/labels/features or learned source-derived contents: applicable redistribution/non-reconstruction and mixed-license scope not established; preserve privately
R16/audits/r15_20260917/results/predictions/adapt_ETRI_42_0.6_target_only_target_median_best.parquet,sample_array_or_model,7215,7eb1b9ae939f29aee42d406491cb611330253f4a5955cee5e71f959e60d5116d,R19 supplementary archive,pending_rights,,DATA_LICENSES.md provider-specific links,Keyed samples/labels/features or learned source-derived contents: applicable redistribution/non-reconstruction and mixed-license scope not established; preserve privately
R16/audits/r15_20260917/results/predictions/adapt_ETRI_42_1.0_continuation_best.parquet,sample_array_or_model,7215,27b5efecf752fb772b0f39f3dd8e7fa0a2e6c9ab11e4f7a20d594bf61f77d279,R19 supplementary archive,pending_rights,,DATA_LICENSES.md provider-specific links,Keyed samples/labels/features or learned source-derived contents: applicable redistribution/non-reconstruction and mixed-license scope not established; preserve privately
R16/audits/r15_20260917/results/predictions/adapt_ETRI_42_1.0_target_only_target_median_best.parquet,sample_array_or_model,7099,607d8b39af0219c6591418b151ef0d0d54eac1657207881903eb79e4cf6f8cad,R19 supplementary archive,pending_rights,,DATA_LICENSES.md provider-specific links,Keyed samples/labels/features or learned source-derived contents: applicable redistribution/non-reconstruction and mixed-license scope not established; preserve privately
R16/audits/r15_20260917/results/predictions/adapt_exiD_0_0.1_continuation_best.parquet,sample_array_or_model,304776,cedb8f5be78d8f972d09a7ddf1907d5172dd96f91467133ae27038fea9130cb8,R19 supplementary archive,pending_rights,,DATA_LICENSES.md provider-specific links,Keyed samples/labels/features or learned source-derived contents: applicable redistribution/non-reconstruction and mixed-license scope not established; preserve privately
R16/audits/r15_20260917/results/predictions/adapt_exiD_0_0.1_target_only_target_median_best.parquet,sample_array_or_model,304644,e7ea037c1c02da7c23c2341d1125e013fc6ec18b3414409e2ef63f5429b6bf65,R19 supplementary archive,pending_rights,,DATA_LICENSES.md provider-specific links,Keyed samples/labels/features or learned source-derived contents: applicable redistribution/non-reconstruction and mixed-license scope not established; preserve privately
R16/audits/r15_20260917/results/predictions/adapt_exiD_0_0.2_continuation_best.parquet,sample_array_or_model,304796,086e09f35096ac53c1803962b2bcc3569f12b886d424144c2ccc86dbeabbe6a4,R19 supplementary archive,pending_rights,,DATA_LICENSES.md provider-specific links,Keyed samples/labels/features or learned source-derived contents: applicable redistribution/non-reconstruction and mixed-license scope not established; preserve privately
R16/audits/r15_20260917/results/predictions/adapt_exiD_0_0.2_target_only_target_median_best.parquet,sample_array_or_model,304380,b6d007289eda0573c871e46363ffe796e8965fc66c26fd9bb916baf028d5a688,R19 supplementary archive,pending_rights,,DATA_LICENSES.md provider-specific links,Keyed samples/labels/features or learned source-derived contents: applicable redistribution/non-reconstruction and mixed-license scope not established; preserve privately
R16/audits/r15_20260917/results/predictions/adapt_exiD_0_0.4_continuation_best.parquet,sample_array_or_model,304776,585fc92b82b939dcd37756567518109a4dac216935ad5e6178c19af19fff9e20,R19 supplementary archive,pending_rights,,DATA_LICENSES.md provider-specific links,Keyed samples/labels/features or learned source-derived contents: applicable redistribution/non-reconstruction and mixed-license scope not established; preserve privately
R16/audits/r15_20260917/results/predictions/adapt_exiD_0_0.4_target_only_target_median_best.parquet,sample_array_or_model,303816,caefce00c417a2d8fa515308f11da89929455ad0f247e0f2a6c65b4ac3c2e4e8,R19 supplementary archive,pending_rights,,DATA_LICENSES.md provider-specific links,Keyed samples/labels/features or learned source-derived contents: applicable redistribution/non-reconstruction and mixed-license scope not established; preserve privately
R16/audits/r15_20260917/results/predictions/adapt_exiD_0_0.6_continuation_best.parquet,sample_array_or_model,304760,e7c2b5f5e4ca8178ebd07be4ef63ae3468353f8732a7309811fb43bd0901009f,R19 supplementary archive,pending_rights,,DATA_LICENSES.md provider-specific links,Keyed samples/labels/features or learned source-derived contents: applicable redistribution/non-reconstruction and mixed-license scope not established; preserve privately
R16/audits/r15_20260917/results/predictions/adapt_exiD_0_0.6_target_only_target_median_best.parquet,sample_array_or_model,303676,d5691f9a58470d04e4ef7d1bdd855509e7993695604fb13be8defb0002c13f31,R19 supplementary archive,pending_rights,,DATA_LICENSES.md provider-specific links,Keyed samples/labels/features or learned source-derived contents: applicable redistribution/non-reconstruction and mixed-license scope not established; preserve privately
R16/audits/r15_20260917/results/predictions/adapt_exiD_0_1.0_continuation_best.parquet,sample_array_or_model,304760,66867a0b3193a7f9904a7cc5660e1327c1ad43e4ab236333173d1a63198d61ce,R19 supplementary archive,pending_rights,,DATA_LICENSES.md provider-specific links,Keyed samples/labels/features or learned source-derived contents: applicable redistribution/non-reconstruction and mixed-license scope not established; preserve privately
R16/audits/r15_20260917/results/predictions/adapt_exiD_0_1.0_target_only_target_median_best.parquet,sample_array_or_model,302884,0a1de75dfd8c48c6f1d87dea9b20754bc6cb6e49b7896ca7acaf8823b63f2a55,R19 supplementary archive,pending_rights,,DATA_LICENSES.md provider-specific links,Keyed samples/labels/features or learned source-derived contents: applicable redistribution/non-reconstruction and mixed-license scope not established; preserve privately
R16/audits/r15_20260917/results/predictions/adapt_exiD_1_0.1_continuation_best.parquet,sample_array_or_model,301652,3d06915111a3f163faf7b2e912acdcaa3d9f7365ea8d68e8cfcad67a23dfe0f4,R19 supplementary archive,pending_rights,,DATA_LICENSES.md provider-specific links,Keyed samples/labels/features or learned source-derived contents: applicable redistribution/non-reconstruction and mixed-license scope not established; preserve privately
R16/audits/r15_20260917/results/predictions/adapt_exiD_1_0.1_target_only_target_median_best.parquet,sample_array_or_model,301484,6ff6a8282d34d6fb3001f4ac7932ceaf0ec537201e23f9ce7abb13860eb681aa,R19 supplementary archive,pending_rights,,DATA_LICENSES.md provider-specific links,Keyed samples/labels/features or learned source-derived contents: applicable redistribution/non-reconstruction and mixed-license scope not established; preserve privately
R16/audits/r15_20260917/results/predictions/adapt_exiD_1_0.2_continuation_best.parquet,sample_array_or_model,301684,db210efedadd9c336b97cb810dbca2fc7418c5e6262d91c8e025edb5401411ae,R19 supplementary archive,pending_rights,,DATA_LICENSES.md provider-specific links,Keyed samples/labels/features or learned source-derived contents: applicable redistribution/non-reconstruction and mixed-license scope not established; preserve privately
R16/audits/r15_20260917/results/predictions/adapt_exiD_1_0.2_target_only_target_median_best.parquet,sample_array_or_model,301288,31c84553e08865d01baaf4e867d974ab0ce0e06cdcea1634d10e00c3fc2d1954,R19 supplementary archive,pending_rights,,DATA_LICENSES.md provider-specific links,Keyed samples/labels/features or learned source-derived contents: applicable redistribution/non-reconstruction and mixed-license scope not established; preserve privately
R16/audits/r15_20260917/results/predictions/adapt_exiD_1_0.4_continuation_best.parquet,sample_array_or_model,301648,85e7ca7171dd9385e5513c7499e780ca5bcbb816fb418db7af1c87197cc31741,R19 supplementary archive,pending_rights,,DATA_LICENSES.md provider-specific links,Keyed samples/labels/features or learned source-derived contents: applicable redistribution/non-reconstruction and mixed-license scope not established; preserve privately
R16/audits/r15_20260917/results/predictions/adapt_exiD_1_0.4_target_only_target_median_best.parquet,sample_array_or_model,300120,d7c6217795da5fd76e63e5a2abfbcfbc6daea2cac6cb3c8cb766e8266d24d51a,R19 supplementary archive,pending_rights,,DATA_LICENSES.md provider-specific links,Keyed samples/labels/features or learned source-derived contents: applicable redistribution/non-reconstruction and mixed-license scope not established; preserve privately
R16/audits/r15_20260917/results/predictions/adapt_exiD_1_0.6_continuation_best.parquet,sample_array_or_model,301648,40b76ef32bf1254b7468457cd3719b74bfc0062f68378648c598631dcdbd2770,R19 supplementary archive,pending_rights,,DATA_LICENSES.md provider-specific links,Keyed samples/labels/features or learned source-derived contents: applicable redistribution/non-reconstruction and mixed-license scope not established; preserve privately
R16/audits/r15_20260917/results/predictions/adapt_exiD_1_0.6_target_only_target_median_best.parquet,sample_array_or_model,299668,e45f09ea947fca270dc3d05067eef8fe4ff1cb03c48d628535ccc12d6025830d,R19 supplementary archive,pending_rights,,DATA_LICENSES.md provider-specific links,Keyed samples/labels/features or learned source-derived contents: applicable redistribution/non-reconstruction and mixed-license scope not established; preserve privately
R16/audits/r15_20260917/results/predictions/adapt_exiD_1_1.0_continuation_best.parquet,sample_array_or_model,301672,523f724fac750da289c3932165145e7fa8f22885277289b8944d26d398913f1f,R19 supplementary archive,pending_rights,,DATA_LICENSES.md provider-specific links,Keyed samples/labels/features or learned source-derived contents: applicable redistribution/non-reconstruction and mixed-license scope not established; preserve privately
R16/audits/r15_20260917/results/predictions/adapt_exiD_1_1.0_target_only_target_median_best.parquet,sample_array_or_model,299624,d4cc84af4958d82a296fe4589d72c89435ebf58f4ec5c1b787520fdcf3123a09,R19 supplementary archive,pending_rights,,DATA_LICENSES.md provider-specific links,Keyed samples/labels/features or learned source-derived contents: applicable redistribution/non-reconstruction and mixed-license scope not established; preserve privately
R16/audits/r15_20260917/results/predictions/adapt_exiD_42_0.1_continuation_best.parquet,sample_array_or_model,301321,49719c4c7ebd18c379f110bc85f2f1877766cbddee1e017fdcf98b6222f50402,R19 supplementary archive,pending_rights,,DATA_LICENSES.md provider-specific links,Keyed samples/labels/features or learned source-derived contents: applicable redistribution/non-reconstruction and mixed-license scope not established; preserve privately
R16/audits/r15_20260917/results/predictions/adapt_exiD_42_0.1_target_only_target_median_best.parquet,sample_array_or_model,300885,5b44858809d967de22a9afd845f03b92318961361dc23d86dfc01bc06c843eb3,R19 supplementary archive,pending_rights,,DATA_LICENSES.md provider-specific links,Keyed samples/labels/features or learned source-derived contents: applicable redistribution/non-reconstruction and mixed-license scope not established; preserve privately
R16/audits/r15_20260917/results/predictions/adapt_exiD_42_0.2_continuation_best.parquet,sample_array_or_model,301265,2f49996d31df96efd4c61d47fe7aa27f8e50aaa0169fb6aa0f37440b99e1c4cc,R19 supplementary archive,pending_rights,,DATA_LICENSES.md provider-specific links,Keyed samples/labels/features or learned source-derived contents: applicable redistribution/non-reconstruction and mixed-license scope not established; preserve privately
R16/audits/r15_20260917/results/predictions/adapt_exiD_42_0.2_target_only_target_median_best.parquet,sample_array_or_model,300605,e48fcaa87127dea86695fabb6f250d5ceeb7cc1e439d5eae7ed35470fd708cbc,R19 supplementary archive,pending_rights,,DATA_LICENSES.md provider-specific links,Keyed samples/labels/features or learned source-derived contents: applicable redistribution/non-reconstruction and mixed-license scope not established; preserve privately
R16/audits/r15_20260917/results/predictions/adapt_exiD_42_0.4_continuation_best.parquet,sample_array_or_model,301281,eb29076e5786b26b03da15c8a60e4aa88516dfaad523aa1e35f6abfc6455461e,R19 supplementary archive,pending_rights,,DATA_LICENSES.md provider-specific links,Keyed samples/labels/features or learned source-derived contents: applicable redistribution/non-reconstruction and mixed-license scope not established; preserve privately
R16/audits/r15_20260917/results/predictions/adapt_exiD_42_0.4_target_only_target_median_best.parquet,sample_array_or_model,300057,bd9c60c9731fd26b0241dc6c1f8d4104c71e41c185043f9681aa4494e5b1f36c,R19 supplementary archive,pending_rights,,DATA_LICENSES.md provider-specific links,Keyed samples/labels/features or learned source-derived contents: applicable redistribution/non-reconstruction and mixed-license scope not established; preserve privately
R16/audits/r15_20260917/results/predictions/adapt_exiD_42_0.6_continuation_best.parquet,sample_array_or_model,301277,1fbfae1e884f14f41642591a295bdeca4d62112ecb5bebae7af10d7be33f3569,R19 supplementary archive,pending_rights,,DATA_LICENSES.md provider-specific links,Keyed samples/labels/features or learned source-derived contents: applicable redistribution/non-reconstruction and mixed-license scope not established; preserve privately
R16/audits/r15_20260917/results/predictions/adapt_exiD_42_0.6_target_only_target_median_best.parquet,sample_array_or_model,300477,3e75d79c8c65e479e8fb3bea7e0c4c0ae126d922a5ac85d17529aee668e0836e,R19 supplementary archive,pending_rights,,DATA_LICENSES.md provider-specific links,Keyed samples/labels/features or learned source-derived contents: applicable redistribution/non-reconstruction and mixed-license scope not established; preserve privately
R16/audits/r15_20260917/results/predictions/adapt_exiD_42_1.0_continuation_best.parquet,sample_array_or_model,301225,d846d6b2f2d39a8cea3885d52c36eafe4e57df4452e6228b1c6f0c1ef926566c,R19 supplementary archive,pending_rights,,DATA_LICENSES.md provider-specific links,Keyed samples/labels/features or learned source-derived contents: applicable redistribution/non-reconstruction and mixed-license scope not established; preserve privately
R16/audits/r15_20260917/results/predictions/adapt_exiD_42_1.0_target_only_target_median_best.parquet,sample_array_or_model,299265,1ee368479f72c9ccfa287e7fc84bdadf0f23b0978fb46ef465069ecc2fa73960,R19 supplementary archive,pending_rights,,DATA_LICENSES.md provider-specific links,Keyed samples/labels/features or learned source-derived contents: applicable redistribution/non-reconstruction and mixed-license scope not established; preserve privately
R16/audits/r15_20260917/results/predictions/adapt_uniD_0_0.1_continuation_best.parquet,sample_array_or_model,50479,897a2475bec02d2127c5f5956b622bbfd67cd3bec37c3b5684acfb5a36590b49,R19 supplementary archive,pending_rights,,DATA_LICENSES.md provider-specific links,Keyed samples/labels/features or learned source-derived contents: applicable redistribution/non-reconstruction and mixed-license scope not established; preserve privately
R16/audits/r15_20260917/results/predictions/adapt_uniD_0_0.1_target_only_target_median_best.parquet,sample_array_or_model,50219,ba51164d217148ef0cec2d3fb3eae2e55d1253831744b6eda54bc4602e2a9f27,R19 supplementary archive,pending_rights,,DATA_LICENSES.md provider-specific links,Keyed samples/labels/features or learned source-derived contents: applicable redistribution/non-reconstruction and mixed-license scope not established; preserve privately
R16/audits/r15_20260917/results/predictions/adapt_uniD_0_0.2_continuation_best.parquet,sample_array_or_model,50467,b8d53c8058fb902233adb8b46ee3e7e2911924621dc4bb16fd9408f0e4e0cc4b,R19 supplementary archive,pending_rights,,DATA_LICENSES.md provider-specific links,Keyed samples/labels/features or learned source-derived contents: applicable redistribution/non-reconstruction and mixed-license scope not established; preserve privately
R16/audits/r15_20260917/results/predictions/adapt_uniD_0_0.2_target_only_target_median_best.parquet,sample_array_or_model,50195,17958a1297facff58d9445985ac42d62c774339ef4fbf9b94ae9d717966b04a6,R19 supplementary archive,pending_rights,,DATA_LICENSES.md provider-specific links,Keyed samples/labels/features or learned source-derived contents: applicable redistribution/non-reconstruction and mixed-license scope not established; preserve privately
R16/audits/r15_20260917/results/predictions/adapt_uniD_0_0.4_continuation_best.parquet,sample_array_or_model,50471,72a1a309123e9055126741c40a6218bba450af442967422f7af598cfbde7da96,R19 supplementary archive,pending_rights,,DATA_LICENSES.md provider-specific links,Keyed samples/labels/features or learned source-derived contents: applicable redistribution/non-reconstruction and mixed-license scope not established; preserve privately
R16/audits/r15_20260917/results/predictions/adapt_uniD_0_0.4_target_only_target_median_best.parquet,sample_array_or_model,50415,faa867ccb15f5138e6ff86f9167ed475f0b1a12f8ba9323a283b462b6c7d8f36,R19 supplementary archive,pending_rights,,DATA_LICENSES.md provider-specific links,Keyed samples/labels/features or learned source-derived contents: applicable redistribution/non-reconstruction and mixed-license scope not established; preserve privately
R16/audits/r15_20260917/results/predictions/adapt_uniD_0_0.6_continuation_best.parquet,sample_array_or_model,50467,b46c854adb5f1500376c2e108f9be3bc24117f92db60cdcd83c401134bfd4427,R19 supplementary archive,pending_rights,,DATA_LICENSES.md provider-specific links,Keyed samples/labels/features or learned source-derived contents: applicable redistribution/non-reconstruction and mixed-license scope not established; preserve privately
R16/audits/r15_20260917/results/predictions/adapt_uniD_0_0.6_target_only_target_median_best.parquet,sample_array_or_model,50363,aaac9335e443b470cf2bf32ea63d0db7223d34665e0d88b1ad1edbe0003528cc,R19 supplementary archive,pending_rights,,DATA_LICENSES.md provider-specific links,Keyed samples/labels/features or learned source-derived contents: applicable redistribution/non-reconstruction and mixed-license scope not established; preserve privately
R16/audits/r15_20260917/results/predictions/adapt_uniD_0_1.0_continuation_best.parquet,sample_array_or_model,50471,5e39d06e0c66c3c44dea1d83ed272c09b8391ac72883824f3419609c8fa65f48,R19 supplementary archive,pending_rights,,DATA_LICENSES.md provider-specific links,Keyed samples/labels/features or learned source-derived contents: applicable redistribution/non-reconstruction and mixed-license scope not established; preserve privately
R16/audits/r15_20260917/results/predictions/adapt_uniD_0_1.0_target_only_target_median_best.parquet,sample_array_or_model,50343,51a53939f4869ba9a528868f00bcf280e1b97d25a8419487c0ce43e361d302b6,R19 supplementary archive,pending_rights,,DATA_LICENSES.md provider-specific links,Keyed samples/labels/features or learned source-derived contents: applicable redistribution/non-reconstruction and mixed-license scope not established; preserve privately
R16/audits/r15_20260917/results/predictions/adapt_uniD_1_0.1_continuation_best.parquet,sample_array_or_model,50211,d6acc280b2abf950f7d6fc1b8b60fddef5a7bbff021b761c20c59905edeaec5e,R19 supplementary archive,pending_rights,,DATA_LICENSES.md provider-specific links,Keyed samples/labels/features or learned source-derived contents: applicable redistribution/non-reconstruction and mixed-license scope not established; preserve privately
R16/audits/r15_20260917/results/predictions/adapt_uniD_1_0.1_target_only_target_median_best.parquet,sample_array_or_model,49191,59ee6089bb3cd1e2fa9600cbd2b02b84f0776801f94f01d287eccfeb86457356,R19 supplementary archive,pending_rights,,DATA_LICENSES.md provider-specific links,Keyed samples/labels/features or learned source-derived contents: applicable redistribution/non-reconstruction and mixed-license scope not established; preserve privately
R16/audits/r15_20260917/results/predictions/adapt_uniD_1_0.2_continuation_best.parquet,sample_array_or_model,50211,7203f4926c3859af34aae4dfaa856704bb906d7aeb696e141ba3f46d6cdf571d,R19 supplementary archive,pending_rights,,DATA_LICENSES.md provider-specific links,Keyed samples/labels/features or learned source-derived contents: applicable redistribution/non-reconstruction and mixed-license scope not established; preserve privately
R16/audits/r15_20260917/results/predictions/adapt_uniD_1_0.2_target_only_target_median_best.parquet,sample_array_or_model,49963,05dabf08db580f64117619f49bac9000f72e3d119ac01d10064e817f6653492c,R19 supplementary archive,pending_rights,,DATA_LICENSES.md provider-specific links,Keyed samples/labels/features or learned source-derived contents: applicable redistribution/non-reconstruction and mixed-license scope not established; preserve privately
R16/audits/r15_20260917/results/predictions/adapt_uniD_1_0.4_continuation_best.parquet,sample_array_or_model,50219,126b3d96367ddd05b38f56bff134169cdef216a2755ac0b4b5b1c6dcd7646a9b,R19 supplementary archive,pending_rights,,DATA_LICENSES.md provider-specific links,Keyed samples/labels/features or learned source-derived contents: applicable redistribution/non-reconstruction and mixed-license scope not established; preserve privately
R16/audits/r15_20260917/results/predictions/adapt_uniD_1_0.4_target_only_target_median_best.parquet,sample_array_or_model,50115,fed78f74ccde86094eac1090d4f84d8b2020582f5165ea1381528a243cc7f891,R19 supplementary archive,pending_rights,,DATA_LICENSES.md provider-specific links,Keyed samples/labels/features or learned source-derived contents: applicable redistribution/non-reconstruction and mixed-license scope not established; preserve privately
R16/audits/r15_20260917/results/predictions/adapt_uniD_1_0.6_continuation_best.parquet,sample_array_or_model,50219,e55a3477f991f980d75222765a79e17d6c6b841bb7b5979cfda747c3ee436d7c,R19 supplementary archive,pending_rights,,DATA_LICENSES.md provider-specific links,Keyed samples/labels/features or learned source-derived contents: applicable redistribution/non-reconstruction and mixed-license scope not established; preserve privately
R16/audits/r15_20260917/results/predictions/adapt_uniD_1_0.6_target_only_target_median_best.parquet,sample_array_or_model,50107,df637965b72f352a125ac0e4139acf0ea314d0263fa32c9441885f993d1c1220,R19 supplementary archive,pending_rights,,DATA_LICENSES.md provider-specific links,Keyed samples/labels/features or learned source-derived contents: applicable redistribution/non-reconstruction and mixed-license scope not established; preserve privately
R16/audits/r15_20260917/results/predictions/adapt_uniD_1_1.0_continuation_best.parquet,sample_array_or_model,50203,fc229720d892e4fba110c9a380265c15c3c9371530d7bdd495377ca6ae67a9e9,R19 supplementary archive,pending_rights,,DATA_LICENSES.md provider-specific links,Keyed samples/labels/features or learned source-derived contents: applicable redistribution/non-reconstruction and mixed-license scope not established; preserve privately
R16/audits/r15_20260917/results/predictions/adapt_uniD_1_1.0_target_only_target_median_best.parquet,sample_array_or_model,50083,a8bb04b40d27cee5b697a66ca06867413ee821abd410f8be00003a0f83b4b8a3,R19 supplementary archive,pending_rights,,DATA_LICENSES.md provider-specific links,Keyed samples/labels/features or learned source-derived contents: applicable redistribution/non-reconstruction and mixed-license scope not established; preserve privately
R16/audits/r15_20260917/results/predictions/adapt_uniD_42_0.1_continuation_best.parquet,sample_array_or_model,49479,a56b7906929094e62c40aaa0f5460255c2c961b576afd67f06c7d61daca000c4,R19 supplementary archive,pending_rights,,DATA_LICENSES.md provider-specific links,Keyed samples/labels/features or learned source-derived contents: applicable redistribution/non-reconstruction and mixed-license scope not established; preserve privately
R16/audits/r15_20260917/results/predictions/adapt_uniD_42_0.1_target_only_target_median_best.parquet,sample_array_or_model,49291,1fe060d22279708827f7f7ba95478913ac03fd3bb2a7d58974401567528ee076,R19 supplementary archive,pending_rights,,DATA_LICENSES.md provider-specific links,Keyed samples/labels/features or learned source-derived contents: applicable redistribution/non-reconstruction and mixed-license scope not established; preserve privately
R16/audits/r15_20260917/results/predictions/adapt_uniD_42_0.2_continuation_best.parquet,sample_array_or_model,49487,3e8d1e0ce8c42a681299e994a8d1cba0d6a891d685292aff7d813b9b9cb0532c,R19 supplementary archive,pending_rights,,DATA_LICENSES.md provider-specific links,Keyed samples/labels/features or learned source-derived contents: applicable redistribution/non-reconstruction and mixed-license scope not established; preserve privately
R16/audits/r15_20260917/results/predictions/adapt_uniD_42_0.2_target_only_target_median_best.parquet,sample_array_or_model,49451,8509f1607e6e6e94df4887805d7d874524cb5bd3c436ea18c651de6b05c69d19,R19 supplementary archive,pending_rights,,DATA_LICENSES.md provider-specific links,Keyed samples/labels/features or learned source-derived contents: applicable redistribution/non-reconstruction and mixed-license scope not established; preserve privately
R16/audits/r15_20260917/results/predictions/adapt_uniD_42_0.4_continuation_best.parquet,sample_array_or_model,49491,c14fa90db1465f418ccaf08c5b34ea2dedb8c2a58f4d5447ed6c1840d86d9ecd,R19 supplementary archive,pending_rights,,DATA_LICENSES.md provider-specific links,Keyed samples/labels/features or learned source-derived contents: applicable redistribution/non-reconstruction and mixed-license scope not established; preserve privately
R16/audits/r15_20260917/results/predictions/adapt_uniD_42_0.4_target_only_target_median_best.parquet,sample_array_or_model,49451,142e155f81a75c86ac990cdea4ba8e4b152445edd0db2b2b372504ae5d29b088,R19 supplementary archive,pending_rights,,DATA_LICENSES.md provider-specific links,Keyed samples/labels/features or learned source-derived contents: applicable redistribution/non-reconstruction and mixed-license scope not established; preserve privately
R16/audits/r15_20260917/results/predictions/adapt_uniD_42_0.6_continuation_best.parquet,sample_array_or_model,49487,df73ef68b15ceefdb0837f1457143f7d8d3614105bbbba4ae9b0dc49198a7e2c,R19 supplementary archive,pending_rights,,DATA_LICENSES.md provider-specific links,Keyed samples/labels/features or learned source-derived contents: applicable redistribution/non-reconstruction and mixed-license scope not established; preserve privately
R16/audits/r15_20260917/results/predictions/adapt_uniD_42_0.6_target_only_target_median_best.parquet,sample_array_or_model,49419,2f91151600364d1aac38d94f191431fa226f35191b29140a57401315698bd6bc,R19 supplementary archive,pending_rights,,DATA_LICENSES.md provider-specific links,Keyed samples/labels/features or learned source-derived contents: applicable redistribution/non-reconstruction and mixed-license scope not established; preserve privately
R16/audits/r15_20260917/results/predictions/adapt_uniD_42_1.0_continuation_best.parquet,sample_array_or_model,49487,3a6fa147cfada3382c8f3b78d45f53e781c70c55c8922d238bd1e839ab91e293,R19 supplementary archive,pending_rights,,DATA_LICENSES.md provider-specific links,Keyed samples/labels/features or learned source-derived contents: applicable redistribution/non-reconstruction and mixed-license scope not established; preserve privately
R16/audits/r15_20260917/results/predictions/adapt_uniD_42_1.0_target_only_target_median_best.parquet,sample_array_or_model,49411,0ee009a8d7da12a56d17fa9b71465df99b13bebddc1f78959bfcec9c325ad582,R19 supplementary archive,pending_rights,,DATA_LICENSES.md provider-specific links,Keyed samples/labels/features or learned source-derived contents: applicable redistribution/non-reconstruction and mixed-license scope not established; preserve privately
R16/audits/r15_20260917/results/predictions/lstm_after_seed0_EMT.parquet,sample_array_or_model,21836,1e4805f019223a217b8fe6902c33aab21fe3815cbb7aba00840a91b05f931e26,R19 supplementary archive,pending_rights,,DATA_LICENSES.md provider-specific links,Keyed samples/labels/features or learned source-derived contents: applicable redistribution/non-reconstruction and mixed-license scope not established; preserve privately
R16/audits/r15_20260917/results/predictions/lstm_after_seed0_ETRI.parquet,sample_array_or_model,9572,873c0359936370162f23a6b20d8277bc4ed2e1c3f459bcf5dbc8cc1a68a74eb8,R19 supplementary archive,pending_rights,,DATA_LICENSES.md provider-specific links,Keyed samples/labels/features or learned source-derived contents: applicable redistribution/non-reconstruction and mixed-license scope not established; preserve privately
R16/audits/r15_20260917/results/predictions/lstm_after_seed0_exiD.parquet,sample_array_or_model,898166,58a1b87e2a123aa9686a0b934a6e95886500dd8851a03154fa5823c544fef53e,R19 supplementary archive,pending_rights,,DATA_LICENSES.md provider-specific links,Keyed samples/labels/features or learned source-derived contents: applicable redistribution/non-reconstruction and mixed-license scope not established; preserve privately
R16/audits/r15_20260917/results/predictions/lstm_after_seed0_in_domain.parquet,sample_array_or_model,205486,ba23ff29bc2fa450fadf0f526cdaf31f0eb153a56c195c3bad6abab8663a0d76,R19 supplementary archive,pending_rights,,DATA_LICENSES.md provider-specific links,Keyed samples/labels/features or learned source-derived contents: applicable redistribution/non-reconstruction and mixed-license scope not established; preserve privately
R16/audits/r15_20260917/results/predictions/lstm_after_seed0_uniD.parquet,sample_array_or_model,147696,5944f51b7a14e4797740b51cd4b06197cfeaf802d19c7826ac18615c37dba9a9,R19 supplementary archive,pending_rights,,DATA_LICENSES.md provider-specific links,Keyed samples/labels/features or learned source-derived contents: applicable redistribution/non-reconstruction and mixed-license scope not established; preserve privately
R16/audits/r15_20260917/results/predictions/lstm_after_seed1_EMT.parquet,sample_array_or_model,21836,4eccbf8e168788d3b7690a567210e2c5f20e5a07a3df5d4efda8fc92dd08054b,R19 supplementary archive,pending_rights,,DATA_LICENSES.md provider-specific links,Keyed samples/labels/features or learned source-derived contents: applicable redistribution/non-reconstruction and mixed-license scope not established; preserve privately
R16/audits/r15_20260917/results/predictions/lstm_after_seed1_ETRI.parquet,sample_array_or_model,9572,2f8166d789641a8e7ddbfb74916267b1f3d4c8957518fcc21f90903dbaec1a54,R19 supplementary archive,pending_rights,,DATA_LICENSES.md provider-specific links,Keyed samples/labels/features or learned source-derived contents: applicable redistribution/non-reconstruction and mixed-license scope not established; preserve privately
R16/audits/r15_20260917/results/predictions/lstm_after_seed1_exiD.parquet,sample_array_or_model,897934,c19150e9f31f26ae46fabf5acdb089d0d2350f07013553b9fb2ca22238580b60,R19 supplementary archive,pending_rights,,DATA_LICENSES.md provider-specific links,Keyed samples/labels/features or learned source-derived contents: applicable redistribution/non-reconstruction and mixed-license scope not established; preserve privately
R16/audits/r15_20260917/results/predictions/lstm_after_seed1_in_domain.parquet,sample_array_or_model,207426,74b82fd9ecbfe0c6bcc63fefee9b81c801d1f3c8b7108bc211c64c4d4ba55a3f,R19 supplementary archive,pending_rights,,DATA_LICENSES.md provider-specific links,Keyed samples/labels/features or learned source-derived contents: applicable redistribution/non-reconstruction and mixed-license scope not established; preserve privately
R16/audits/r15_20260917/results/predictions/lstm_after_seed1_uniD.parquet,sample_array_or_model,147684,7ff404b845c14c94dbeca1a3044a7dde0ab413302c1e6d4af0efd12ea3918ba7,R19 supplementary archive,pending_rights,,DATA_LICENSES.md provider-specific links,Keyed samples/labels/features or learned source-derived contents: applicable redistribution/non-reconstruction and mixed-license scope not established; preserve privately
R16/audits/r15_20260917/results/predictions/lstm_after_seed42_EMT.parquet,sample_array_or_model,21836,d041180b175274f25b6ed1233f15c13a22691ffc6c904c6b7a1d5e9a2b6b67fc,R19 supplementary archive,pending_rights,,DATA_LICENSES.md provider-specific links,Keyed samples/labels/features or learned source-derived contents: applicable redistribution/non-reconstruction and mixed-license scope not established; preserve privately
R16/audits/r15_20260917/results/predictions/lstm_after_seed42_ETRI.parquet,sample_array_or_model,9572,2f7bf77da581415d2087b911f9c647ee7aa840e5eb84cc2077550588d2b9eb83,R19 supplementary archive,pending_rights,,DATA_LICENSES.md provider-specific links,Keyed samples/labels/features or learned source-derived contents: applicable redistribution/non-reconstruction and mixed-license scope not established; preserve privately
R16/audits/r15_20260917/results/predictions/lstm_after_seed42_exiD.parquet,sample_array_or_model,897370,fe79d3b350abb0792bbceafa41318a8befd5e8a15907db9b1711a68d0f795f8b,R19 supplementary archive,pending_rights,,DATA_LICENSES.md provider-specific links,Keyed samples/labels/features or learned source-derived contents: applicable redistribution/non-reconstruction and mixed-license scope not established; preserve privately
R16/audits/r15_20260917/results/predictions/lstm_after_seed42_in_domain.parquet,sample_array_or_model,206554,9746b95a5c7f1532932b0e791c12db9302a18bfb5404715e9bcbd3e84af0d349,R19 supplementary archive,pending_rights,,DATA_LICENSES.md provider-specific links,Keyed samples/labels/features or learned source-derived contents: applicable redistribution/non-reconstruction and mixed-license scope not established; preserve privately
R16/audits/r15_20260917/results/predictions/lstm_after_seed42_uniD.parquet,sample_array_or_model,147680,05681ad183dc2cf5fa99f2663216f8042c71c01ee4b2318eeaf5193f22e7fc51,R19 supplementary archive,pending_rights,,DATA_LICENSES.md provider-specific links,Keyed samples/labels/features or learned source-derived contents: applicable redistribution/non-reconstruction and mixed-license scope not established; preserve privately
R16/audits/r15_20260917/results/predictions/lstm_before_seed0_EMT.parquet,sample_array_or_model,21992,d438871681a1685842d889392b855885b9bdffee20c070ef9524fc47e933a301,R19 supplementary archive,pending_rights,,DATA_LICENSES.md provider-specific links,Keyed samples/labels/features or learned source-derived contents: applicable redistribution/non-reconstruction and mixed-license scope not established; preserve privately
R16/audits/r15_20260917/results/predictions/lstm_before_seed0_ETRI.parquet,sample_array_or_model,9572,211fb6a4d5705a2002343095c3a9e1051d39eac9216eff4e74800ae4634ead64,R19 supplementary archive,pending_rights,,DATA_LICENSES.md provider-specific links,Keyed samples/labels/features or learned source-derived contents: applicable redistribution/non-reconstruction and mixed-license scope not established; preserve privately
R16/audits/r15_20260917/results/predictions/lstm_before_seed0_exiD.parquet,sample_array_or_model,895143,215e85fc98bad28307bd68393a2463dd390604c99a79aa4181a5c753dc22d828,R19 supplementary archive,pending_rights,,DATA_LICENSES.md provider-specific links,Keyed samples/labels/features or learned source-derived contents: applicable redistribution/non-reconstruction and mixed-license scope not established; preserve privately
R16/audits/r15_20260917/results/predictions/lstm_before_seed0_in_domain.parquet,sample_array_or_model,205422,4f41691f042ae9df0ad42c105d511eaa45720c60265f969372acf4944e8c75e3,R19 supplementary archive,pending_rights,,DATA_LICENSES.md provider-specific links,Keyed samples/labels/features or learned source-derived contents: applicable redistribution/non-reconstruction and mixed-license scope not established; preserve privately
R16/audits/r15_20260917/results/predictions/lstm_before_seed0_uniD.parquet,sample_array_or_model,147968,fa33ccbe31c054a190cf612de755d3141f50e7cff48beea8b0edf8eec6fcb74a,R19 supplementary archive,pending_rights,,DATA_LICENSES.md provider-specific links,Keyed samples/labels/features or learned source-derived contents: applicable redistribution/non-reconstruction and mixed-license scope not established; preserve privately
R16/audits/r15_20260917/results/predictions/lstm_before_seed1_EMT.parquet,sample_array_or_model,21992,eb18f2f186a6a3d8a61a77e367701aeca8d3abb266fb064912dba5bdb52ccc11,R19 supplementary archive,pending_rights,,DATA_LICENSES.md provider-specific links,Keyed samples/labels/features or learned source-derived contents: applicable redistribution/non-reconstruction and mixed-license scope not established; preserve privately
R16/audits/r15_20260917/results/predictions/lstm_before_seed1_ETRI.parquet,sample_array_or_model,9572,3791b844fb14a880ecff1a571243b139fdc6c540bb568be01da0ef363fbf093e,R19 supplementary archive,pending_rights,,DATA_LICENSES.md provider-specific links,Keyed samples/labels/features or learned source-derived contents: applicable redistribution/non-reconstruction and mixed-license scope not established; preserve privately
R16/audits/r15_20260917/results/predictions/lstm_before_seed1_exiD.parquet,sample_array_or_model,895273,dffe438bd14648e3d3f8f566d0a140236367a6c27f017195941cc4bc189d8c2f,R19 supplementary archive,pending_rights,,DATA_LICENSES.md provider-specific links,Keyed samples/labels/features or learned source-derived contents: applicable redistribution/non-reconstruction and mixed-license scope not established; preserve privately
R16/audits/r15_20260917/results/predictions/lstm_before_seed1_in_domain.parquet,sample_array_or_model,207350,4539d37dec3653912ae57d49e287c579286acd55a7f97be1c3eb540f61a991f9,R19 supplementary archive,pending_rights,,DATA_LICENSES.md provider-specific links,Keyed samples/labels/features or learned source-derived contents: applicable redistribution/non-reconstruction and mixed-license scope not established; preserve privately
R16/audits/r15_20260917/results/predictions/lstm_before_seed1_uniD.parquet,sample_array_or_model,147940,9d1f32214aa33625dd2be35bb893f4d7708532bd54d5ae6520c3d7c66686e509,R19 supplementary archive,pending_rights,,DATA_LICENSES.md provider-specific links,Keyed samples/labels/features or learned source-derived contents: applicable redistribution/non-reconstruction and mixed-license scope not established; preserve privately
R16/audits/r15_20260917/results/predictions/lstm_before_seed42_EMT.parquet,sample_array_or_model,21992,c387f7005532f0bf3e42c2ece9ace79ea1008f3f17ae02ca8bf5f628b1192995,R19 supplementary archive,pending_rights,,DATA_LICENSES.md provider-specific links,Keyed samples/labels/features or learned source-derived contents: applicable redistribution/non-reconstruction and mixed-license scope not established; preserve privately
R16/audits/r15_20260917/results/predictions/lstm_before_seed42_ETRI.parquet,sample_array_or_model,9572,b5b2561123fa3313811254a4a1fdbe0529c52ec9bd7bf8cd63ddfdd9f436451e,R19 supplementary archive,pending_rights,,DATA_LICENSES.md provider-specific links,Keyed samples/labels/features or learned source-derived contents: applicable redistribution/non-reconstruction and mixed-license scope not established; preserve privately
R16/audits/r15_20260917/results/predictions/lstm_before_seed42_exiD.parquet,sample_array_or_model,895269,cfa53d2ba82e37153188254ae1f0f4e292ab604e069e85f7ac169423bd42da10,R19 supplementary archive,pending_rights,,DATA_LICENSES.md provider-specific links,Keyed samples/labels/features or learned source-derived contents: applicable redistribution/non-reconstruction and mixed-license scope not established; preserve privately
R16/audits/r15_20260917/results/predictions/lstm_before_seed42_in_domain.parquet,sample_array_or_model,206478,c04de33572bb089fee3f1211dca9e2df483bffdf8dc650a90fd27a93824cef13,R19 supplementary archive,pending_rights,,DATA_LICENSES.md provider-specific links,Keyed samples/labels/features or learned source-derived contents: applicable redistribution/non-reconstruction and mixed-license scope not established; preserve privately
R16/audits/r15_20260917/results/predictions/lstm_before_seed42_uniD.parquet,sample_array_or_model,147956,0674d8aa62ca67283cd85b76485f3270a9e48d7c2a9f1d2cf8ed78b582e31057,R19 supplementary archive,pending_rights,,DATA_LICENSES.md provider-specific links,Keyed samples/labels/features or learned source-derived contents: applicable redistribution/non-reconstruction and mixed-license scope not established; preserve privately
R16/audits/r15_20260917/results/predictions/xgb_source_median_before_seed0_EMT.parquet,sample_array_or_model,21844,bdfd774e8a14b0c1d8057f79b5db96a73abaab7829d21b081c53e2ed3a6897c4,R19 supplementary archive,pending_rights,,DATA_LICENSES.md provider-specific links,Keyed samples/labels/features or learned source-derived contents: applicable redistribution/non-reconstruction and mixed-license scope not established; preserve privately
R16/audits/r15_20260917/results/predictions/xgb_source_median_before_seed0_EMT_neighbors_fixed.parquet,sample_array_or_model,21964,5d30c0b892d356432a8f1037db25497d5e2eebe8573e3803c386a96a50fed0c1,R19 supplementary archive,pending_rights,,DATA_LICENSES.md provider-specific links,Keyed samples/labels/features or learned source-derived contents: applicable redistribution/non-reconstruction and mixed-license scope not established; preserve privately
R16/audits/r15_20260917/results/predictions/xgb_source_median_before_seed0_ETRI.parquet,sample_array_or_model,9572,92da5b8a731c2641340e159ab9e8138e392e43b57e20a38afc4bf7a5557eab18,R19 supplementary archive,pending_rights,,DATA_LICENSES.md provider-specific links,Keyed samples/labels/features or learned source-derived contents: applicable redistribution/non-reconstruction and mixed-license scope not established; preserve privately
R16/audits/r15_20260917/results/predictions/xgb_source_median_before_seed0_exiD.parquet,sample_array_or_model,897642,c29b96a94e57d15692e9c812a20e24e3b762995a62909075db9eb9ff826d5312,R19 supplementary archive,pending_rights,,DATA_LICENSES.md provider-specific links,Keyed samples/labels/features or learned source-derived contents: applicable redistribution/non-reconstruction and mixed-license scope not established; preserve privately
R16/audits/r15_20260917/results/predictions/xgb_source_median_before_seed0_in_domain.parquet,sample_array_or_model,205502,e5456315bc9ce6c53e823b28db61fd8f09d04abc8504c48d31e10e40fc10bc34,R19 supplementary archive,pending_rights,,DATA_LICENSES.md provider-specific links,Keyed samples/labels/features or learned source-derived contents: applicable redistribution/non-reconstruction and mixed-license scope not established; preserve privately
R16/audits/r15_20260917/results/predictions/xgb_source_median_before_seed0_uniD.parquet,sample_array_or_model,147964,cb0544a5df07108cb48567cc085cb857e79bb7b45369a9712b97ab339c9616b2,R19 supplementary archive,pending_rights,,DATA_LICENSES.md provider-specific links,Keyed samples/labels/features or learned source-derived contents: applicable redistribution/non-reconstruction and mixed-license scope not established; preserve privately
R16/audits/r15_20260917/results/predictions/xgb_source_median_before_seed1_EMT.parquet,sample_array_or_model,21846,d6861c3ae3c591f05f309156919aa9e283918ee7a61abd3d14454521264ae8d7,R19 supplementary archive,pending_rights,,DATA_LICENSES.md provider-specific links,Keyed samples/labels/features or learned source-derived contents: applicable redistribution/non-reconstruction and mixed-license scope not established; preserve privately
R16/audits/r15_20260917/results/predictions/xgb_source_median_before_seed1_EMT_neighbors_fixed.parquet,sample_array_or_model,21982,25845963f977aa661a5102e47f17b580948a8b81cbae19858e9473efe7e9e1b1,R19 supplementary archive,pending_rights,,DATA_LICENSES.md provider-specific links,Keyed samples/labels/features or learned source-derived contents: applicable redistribution/non-reconstruction and mixed-license scope not established; preserve privately
R16/audits/r15_20260917/results/predictions/xgb_source_median_before_seed1_ETRI.parquet,sample_array_or_model,9570,6c02ea849650773686b1c7902770b74294b769888e9219cbe9424a851b28ddca,R19 supplementary archive,pending_rights,,DATA_LICENSES.md provider-specific links,Keyed samples/labels/features or learned source-derived contents: applicable redistribution/non-reconstruction and mixed-license scope not established; preserve privately
R16/audits/r15_20260917/results/predictions/xgb_source_median_before_seed1_exiD.parquet,sample_array_or_model,897764,5d4f53f4a392c4fbcb1e369f1303a4ab1d65293c6576325b0b4f8fb608fb8577,R19 supplementary archive,pending_rights,,DATA_LICENSES.md provider-specific links,Keyed samples/labels/features or learned source-derived contents: applicable redistribution/non-reconstruction and mixed-license scope not established; preserve privately
R16/audits/r15_20260917/results/predictions/xgb_source_median_before_seed1_in_domain.parquet,sample_array_or_model,207452,7c348ca77e2a0ce461069f608edad725de1f4c13840083aba559f1a409d315cf,R19 supplementary archive,pending_rights,,DATA_LICENSES.md provider-specific links,Keyed samples/labels/features or learned source-derived contents: applicable redistribution/non-reconstruction and mixed-license scope not established; preserve privately
R16/audits/r15_20260917/results/predictions/xgb_source_median_before_seed1_uniD.parquet,sample_array_or_model,147774,af59c91a4eef6ab2cd635a8908841c2f44329f9c2211d367b7960dff7892bf33,R19 supplementary archive,pending_rights,,DATA_LICENSES.md provider-specific links,Keyed samples/labels/features or learned source-derived contents: applicable redistribution/non-reconstruction and mixed-license scope not established; preserve privately
R16/audits/r15_20260917/results/predictions/xgb_source_median_before_seed42_EMT.parquet,sample_array_or_model,21876,35238414ab6af09999a7d3469cf995adff3e987aff4f2799e25d05535321a455,R19 supplementary archive,pending_rights,,DATA_LICENSES.md provider-specific links,Keyed samples/labels/features or learned source-derived contents: applicable redistribution/non-reconstruction and mixed-license scope not established; preserve privately
R16/audits/r15_20260917/results/predictions/xgb_source_median_before_seed42_EMT_neighbors_fixed.parquet,sample_array_or_model,21992,34cf98dbf6f73dd1cee1d53810ef78a66a3ea1855385c05d1e83bf8bd4d0d78a,R19 supplementary archive,pending_rights,,DATA_LICENSES.md provider-specific links,Keyed samples/labels/features or learned source-derived contents: applicable redistribution/non-reconstruction and mixed-license scope not established; preserve privately
R16/audits/r15_20260917/results/predictions/xgb_source_median_before_seed42_ETRI.parquet,sample_array_or_model,9572,577a52577dd76b0bed028b05063f6355fb879da2b6ab10838056741e19708e1c,R19 supplementary archive,pending_rights,,DATA_LICENSES.md provider-specific links,Keyed samples/labels/features or learned source-derived contents: applicable redistribution/non-reconstruction and mixed-license scope not established; preserve privately
R16/audits/r15_20260917/results/predictions/xgb_source_median_before_seed42_exiD.parquet,sample_array_or_model,897858,9f3dd2476b14dae810fbc729b1b7bf4164f2354548e59be21433300cbffc0170,R19 supplementary archive,pending_rights,,DATA_LICENSES.md provider-specific links,Keyed samples/labels/features or learned source-derived contents: applicable redistribution/non-reconstruction and mixed-license scope not established; preserve privately
R16/audits/r15_20260917/results/predictions/xgb_source_median_before_seed42_in_domain.parquet,sample_array_or_model,206542,9b9407f253fb58733b5e4cc5d188a26099a3c03a9fdd35e6a5d607c90d8c6d4f,R19 supplementary archive,pending_rights,,DATA_LICENSES.md provider-specific links,Keyed samples/labels/features or learned source-derived contents: applicable redistribution/non-reconstruction and mixed-license scope not established; preserve privately
R16/audits/r15_20260917/results/predictions/xgb_source_median_before_seed42_uniD.parquet,sample_array_or_model,147896,92bd7fbdc7901c70bb34613f32c570033c6e1943fbdbe5fd172b567846e7683f,R19 supplementary archive,pending_rights,,DATA_LICENSES.md provider-specific links,Keyed samples/labels/features or learned source-derived contents: applicable redistribution/non-reconstruction and mixed-license scope not established; preserve privately
R16/audits/r15_20260917/results/predictions/xgb_train_median_after_seed0_EMT.parquet,sample_array_or_model,21812,da7b806df37b1b83641748be62f7309f218af9e48bca25f4e97ace2426dc8ba8,R19 supplementary archive,pending_rights,,DATA_LICENSES.md provider-specific links,Keyed samples/labels/features or learned source-derived contents: applicable redistribution/non-reconstruction and mixed-license scope not established; preserve privately
R16/audits/r15_20260917/results/predictions/xgb_train_median_after_seed0_EMT_neighbors_fixed.parquet,sample_array_or_model,21968,1a5f7f62dc73eb4a1c0cbe137d94cb3e052d067db87409d3b5a5b6c1a189a15c,R19 supplementary archive,pending_rights,,DATA_LICENSES.md provider-specific links,Keyed samples/labels/features or learned source-derived contents: applicable redistribution/non-reconstruction and mixed-license scope not established; preserve privately
R16/audits/r15_20260917/results/predictions/xgb_train_median_after_seed0_ETRI.parquet,sample_array_or_model,9572,eaa50322bcd2747645d7aa0c2040556e93147188f1658e31572fe3c613d528a8,R19 supplementary archive,pending_rights,,DATA_LICENSES.md provider-specific links,Keyed samples/labels/features or learned source-derived contents: applicable redistribution/non-reconstruction and mixed-license scope not established; preserve privately
R16/audits/r15_20260917/results/predictions/xgb_train_median_after_seed0_exiD.parquet,sample_array_or_model,897722,3dadbf0f6e2f445d5b58502b4e7778d13ce424f6f053d6b02c18441fc8e785a1,R19 supplementary archive,pending_rights,,DATA_LICENSES.md provider-specific links,Keyed samples/labels/features or learned source-derived contents: applicable redistribution/non-reconstruction and mixed-license scope not established; preserve privately
R16/audits/r15_20260917/results/predictions/xgb_train_median_after_seed0_in_domain.parquet,sample_array_or_model,205502,2db99f527c8191a0f2ac4f39e365a7b0499888e45b2e4ff9d3f41dd13e944f4d,R19 supplementary archive,pending_rights,,DATA_LICENSES.md provider-specific links,Keyed samples/labels/features or learned source-derived contents: applicable redistribution/non-reconstruction and mixed-license scope not established; preserve privately
R16/audits/r15_20260917/results/predictions/xgb_train_median_after_seed0_uniD.parquet,sample_array_or_model,147876,213b6524b7e0a27f87512e0314a4a1535cd2273bd2917bedcf2e6f33d4fbdc49,R19 supplementary archive,pending_rights,,DATA_LICENSES.md provider-specific links,Keyed samples/labels/features or learned source-derived contents: applicable redistribution/non-reconstruction and mixed-license scope not established; preserve privately
R16/audits/r15_20260917/results/predictions/xgb_train_median_after_seed1_EMT.parquet,sample_array_or_model,21844,ac96624933df73b39d34f1339eb927c962d875d3fd1f2e0f381508ac0accdce1,R19 supplementary archive,pending_rights,,DATA_LICENSES.md provider-specific links,Keyed samples/labels/features or learned source-derived contents: applicable redistribution/non-reconstruction and mixed-license scope not established; preserve privately
R16/audits/r15_20260917/results/predictions/xgb_train_median_after_seed1_EMT_neighbors_fixed.parquet,sample_array_or_model,21976,f4009197de40114446241331d96ec0be6cdd9020915de9196123d414c0d54c5f,R19 supplementary archive,pending_rights,,DATA_LICENSES.md provider-specific links,Keyed samples/labels/features or learned source-derived contents: applicable redistribution/non-reconstruction and mixed-license scope not established; preserve privately
R16/audits/r15_20260917/results/predictions/xgb_train_median_after_seed1_ETRI.parquet,sample_array_or_model,9572,a3bd97c3d8e45454fb427b2c2c31c5b1c8b494c33f212d4951c4a4ff20e9416f,R19 supplementary archive,pending_rights,,DATA_LICENSES.md provider-specific links,Keyed samples/labels/features or learned source-derived contents: applicable redistribution/non-reconstruction and mixed-license scope not established; preserve privately
R16/audits/r15_20260917/results/predictions/xgb_train_median_after_seed1_exiD.parquet,sample_array_or_model,897982,f5ce2d45aff8857a3123adac1b6a15cfa81a7f4f61808d7a2a9f835fc0ddd86e,R19 supplementary archive,pending_rights,,DATA_LICENSES.md provider-specific links,Keyed samples/labels/features or learned source-derived contents: applicable redistribution/non-reconstruction and mixed-license scope not established; preserve privately
R16/audits/r15_20260917/results/predictions/xgb_train_median_after_seed1_in_domain.parquet,sample_array_or_model,207430,1d521963b9c17b27f07478af6520f2d97a85e101ad4ba5c1e3be92c90c12176d,R19 supplementary archive,pending_rights,,DATA_LICENSES.md provider-specific links,Keyed samples/labels/features or learned source-derived contents: applicable redistribution/non-reconstruction and mixed-license scope not established; preserve privately
R16/audits/r15_20260917/results/predictions/xgb_train_median_after_seed1_uniD.parquet,sample_array_or_model,147784,4feab05f463e146ef103947d4e077e20af404ecc3156c63e0f5d3abab69b411c,R19 supplementary archive,pending_rights,,DATA_LICENSES.md provider-specific links,Keyed samples/labels/features or learned source-derived contents: applicable redistribution/non-reconstruction and mixed-license scope not established; preserve privately
R16/audits/r15_20260917/results/predictions/xgb_train_median_after_seed42_EMT.parquet,sample_array_or_model,21872,ebdb19f473b871dcf4d0fde0af60082f73b8ebf9ed061f115a0d37c98c7161b1,R19 supplementary archive,pending_rights,,DATA_LICENSES.md provider-specific links,Keyed samples/labels/features or learned source-derived contents: applicable redistribution/non-reconstruction and mixed-license scope not established; preserve privately
R16/audits/r15_20260917/results/predictions/xgb_train_median_after_seed42_EMT_neighbors_fixed.parquet,sample_array_or_model,21976,beac5b34314a0ef3fe07e07f5f11c260f96a617cc5c5f4f1e6e1d7d267aa53c9,R19 supplementary archive,pending_rights,,DATA_LICENSES.md provider-specific links,Keyed samples/labels/features or learned source-derived contents: applicable redistribution/non-reconstruction and mixed-license scope not established; preserve privately
R16/audits/r15_20260917/results/predictions/xgb_train_median_after_seed42_ETRI.parquet,sample_array_or_model,9572,9d0b76b7dadbe55ac824439d55354cb95fd6270631c7c512deecdedef110825d,R19 supplementary archive,pending_rights,,DATA_LICENSES.md provider-specific links,Keyed samples/labels/features or learned source-derived contents: applicable redistribution/non-reconstruction and mixed-license scope not established; preserve privately
R16/audits/r15_20260917/results/predictions/xgb_train_median_after_seed42_exiD.parquet,sample_array_or_model,897738,d70975308d30dd9cedfb27c6e9fc137051daa1a5f591c5c6737c00e6eeec691a,R19 supplementary archive,pending_rights,,DATA_LICENSES.md provider-specific links,Keyed samples/labels/features or learned source-derived contents: applicable redistribution/non-reconstruction and mixed-license scope not established; preserve privately
R16/audits/r15_20260917/results/predictions/xgb_train_median_after_seed42_in_domain.parquet,sample_array_or_model,206562,3c919a12f08fc1e79f191e1c39a17a822e39784d6ac642c39b8f1fe612162e3c,R19 supplementary archive,pending_rights,,DATA_LICENSES.md provider-specific links,Keyed samples/labels/features or learned source-derived contents: applicable redistribution/non-reconstruction and mixed-license scope not established; preserve privately
R16/audits/r15_20260917/results/predictions/xgb_train_median_after_seed42_uniD.parquet,sample_array_or_model,148004,ec834f26b8bc2a93a7a9dbad173f35601c99581b79c4a99b4191a0f6d09a5f04,R19 supplementary archive,pending_rights,,DATA_LICENSES.md provider-specific links,Keyed samples/labels/features or learned source-derived contents: applicable redistribution/non-reconstruction and mixed-license scope not established; preserve privately
R16/audits/r15_20260917/results/run_config.json,reference,948,81762c7ec595775b2a4dd7a1feb6250af5b0ab17a0843d174917f3e239275d5e,R19 supplementary archive,excluded,,docs/PROVENANCE.md,Not a current public input: duplicate/historical/internal verification material; selected counterparts or documented workflow provided
R16/audits/r15_20260917/results/shap/EMT_neighbors_fixed.npz,sample_array_or_model,501079,a934e4da7f1a5d238f43339c77b35b6997f26c9b174b946ad385e6d2e7973585,R19 supplementary archive,pending_rights,,DATA_LICENSES.md provider-specific links,"Inspected fields values,bias,features,feature_names,margin; actual feature matrix retained in original. Entire sample-array file withheld; only mean-absolute aggregate/static plot released."
R16/audits/r15_20260917/results/shap/EMT_neighbors_fixed_ids.parquet,sample_array_or_model,14016,d70f23015a0cedf9bb4da496c4a74005138c2870ecf7c1c5cd2c005b6764480e,R19 supplementary archive,pending_rights,,DATA_LICENSES.md provider-specific links,Keyed samples/labels/features or learned source-derived contents: applicable redistribution/non-reconstruction and mixed-license scope not established; preserve privately
R16/audits/r15_20260917/results/shap/ETRI.npz,sample_array_or_model,87001,bbfdd985fecf313e60941b9fdc0846f1047ae424e8e6ee892a32b998f92af3ae,R19 supplementary archive,pending_rights,,DATA_LICENSES.md provider-specific links,"Inspected fields values,bias,features,feature_names,margin; actual feature matrix retained in original. Entire sample-array file withheld; only mean-absolute aggregate/static plot released."
R16/audits/r15_20260917/results/shap/ETRI_ids.parquet,sample_array_or_model,6619,dfa807c29d881ef3a641cc2d25c69458f8090b41247aee5c5995edf768ab6e6e,R19 supplementary archive,pending_rights,,DATA_LICENSES.md provider-specific links,Keyed samples/labels/features or learned source-derived contents: applicable redistribution/non-reconstruction and mixed-license scope not established; preserve privately
R16/audits/r15_20260917/results/shap/exiD.npz,sample_array_or_model,530794,09472c7a0b95dd6ae867a3a38ceef35283e7014042c75b7acfade8addf14970d,R19 supplementary archive,pending_rights,,DATA_LICENSES.md provider-specific links,"Inspected fields values,bias,features,feature_names,margin; actual feature matrix retained in original. Entire sample-array file withheld; only mean-absolute aggregate/static plot released."
R16/audits/r15_20260917/results/shap/exiD_ids.parquet,sample_array_or_model,20693,36c7c87eddefbe31f45386f5b529c3e4dd47f2b1d544516007a2d13fc775f2d5,R19 supplementary archive,pending_rights,,DATA_LICENSES.md provider-specific links,Keyed samples/labels/features or learned source-derived contents: applicable redistribution/non-reconstruction and mixed-license scope not established; preserve privately
R16/audits/r15_20260917/results/shap/source_heldout.npz,sample_array_or_model,1072233,8a3b4e2178917244024e3879d1dc8672c5ff1ad466b4312cc4a7ea7205e98a23,R19 supplementary archive,pending_rights,,DATA_LICENSES.md provider-specific links,"Inspected fields values,bias,features,feature_names,margin; actual feature matrix retained in original. Entire sample-array file withheld; only mean-absolute aggregate/static plot released."
R16/audits/r15_20260917/results/shap/source_heldout_ids.parquet,sample_array_or_model,35193,66f5e06e3ee62310d04f9288e822ef155124ccac7a4c7fed57c7ad1610ddade7,R19 supplementary archive,pending_rights,,DATA_LICENSES.md provider-specific links,Keyed samples/labels/features or learned source-derived contents: applicable redistribution/non-reconstruction and mixed-license scope not established; preserve privately
R16/audits/r15_20260917/results/shap/uniD.npz,sample_array_or_model,519055,70a7ec51bbe7636aebd9599f46032fa8050ddedf396dd7704dd265ba2e8548e8,R19 supplementary archive,pending_rights,,DATA_LICENSES.md provider-specific links,"Inspected fields values,bias,features,feature_names,margin; actual feature matrix retained in original. Entire sample-array file withheld; only mean-absolute aggregate/static plot released."
R16/audits/r15_20260917/results/shap/uniD_ids.parquet,sample_array_or_model,18764,24f161865467db4738834985d5b1e3cc2e3821dfbaee13df6d95464943d486b6,R19 supplementary archive,pending_rights,,DATA_LICENSES.md provider-specific links,Keyed samples/labels/features or learned source-derived contents: applicable redistribution/non-reconstruction and mixed-license scope not established; preserve privately
R16/audits/r15_20260917/results/splits/adapt_EMT_0_0.1.parquet,sample_array_or_model,12396,5ce58246e6c330b4408b986cd18042c7f66e0c0fada553a6fcab53509c668e0e,R19 supplementary archive,pending_rights,,DATA_LICENSES.md provider-specific links,Keyed samples/labels/features or learned source-derived contents: applicable redistribution/non-reconstruction and mixed-license scope not established; preserve privately
R16/audits/r15_20260917/results/splits/adapt_EMT_0_0.2.parquet,sample_array_or_model,12417,87baa0d274e1f24f2580cf25ff2ce54e4e2a456278131bd5894ee7bc46ad2b63,R19 supplementary archive,pending_rights,,DATA_LICENSES.md provider-specific links,Keyed samples/labels/features or learned source-derived contents: applicable redistribution/non-reconstruction and mixed-license scope not established; preserve privately
R16/audits/r15_20260917/results/splits/adapt_EMT_0_0.4.parquet,sample_array_or_model,12442,1ed83a81e15e4b2674bc90c369f54e97f4279bf8c225c03d54be4b0c4085bf68,R19 supplementary archive,pending_rights,,DATA_LICENSES.md provider-specific links,Keyed samples/labels/features or learned source-derived contents: applicable redistribution/non-reconstruction and mixed-license scope not established; preserve privately
R16/audits/r15_20260917/results/splits/adapt_EMT_0_0.6.parquet,sample_array_or_model,12434,0844edc4b2cee03a859e66e33b7f632e2d45df3ae2dfe801e89b46e5591f9e11,R19 supplementary archive,pending_rights,,DATA_LICENSES.md provider-specific links,Keyed samples/labels/features or learned source-derived contents: applicable redistribution/non-reconstruction and mixed-license scope not established; preserve privately
R16/audits/r15_20260917/results/splits/adapt_EMT_0_1.0.parquet,sample_array_or_model,12397,1456dbc711d413a216c9af24e7fe83f7cfb4ffb3d434e10511938a4c69b58a22,R19 supplementary archive,pending_rights,,DATA_LICENSES.md provider-specific links,Keyed samples/labels/features or learned source-derived contents: applicable redistribution/non-reconstruction and mixed-license scope not established; preserve privately
R16/audits/r15_20260917/results/splits/adapt_EMT_1_0.1.parquet,sample_array_or_model,12400,e4ca71b2342997732cb07b0ddb17af6370cd956b698c173f77a089117a6ff140,R19 supplementary archive,pending_rights,,DATA_LICENSES.md provider-specific links,Keyed samples/labels/features or learned source-derived contents: applicable redistribution/non-reconstruction and mixed-license scope not established; preserve privately
R16/audits/r15_20260917/results/splits/adapt_EMT_1_0.2.parquet,sample_array_or_model,12409,b2153784a09e4bf12bc185492dd4fcc382efbf8945e66cd6436ac3dc94c5ae0e,R19 supplementary archive,pending_rights,,DATA_LICENSES.md provider-specific links,Keyed samples/labels/features or learned source-derived contents: applicable redistribution/non-reconstruction and mixed-license scope not established; preserve privately
R16/audits/r15_20260917/results/splits/adapt_EMT_1_0.4.parquet,sample_array_or_model,12430,2d65d037a3981bfe96a38c6419d74c2deee90383012911ddf9322fda8a98b31c,R19 supplementary archive,pending_rights,,DATA_LICENSES.md provider-specific links,Keyed samples/labels/features or learned source-derived contents: applicable redistribution/non-reconstruction and mixed-license scope not established; preserve privately
R16/audits/r15_20260917/results/splits/adapt_EMT_1_0.6.parquet,sample_array_or_model,12440,ed903e4846b0d669e9db9e067e33734243f3b2632ab99900880ea7c119617d78,R19 supplementary archive,pending_rights,,DATA_LICENSES.md provider-specific links,Keyed samples/labels/features or learned source-derived contents: applicable redistribution/non-reconstruction and mixed-license scope not established; preserve privately
R16/audits/r15_20260917/results/splits/adapt_EMT_1_1.0.parquet,sample_array_or_model,12383,e670556f2174f69fc4616c9701000a76f23f2e4465949144cca261810f151d68,R19 supplementary archive,pending_rights,,DATA_LICENSES.md provider-specific links,Keyed samples/labels/features or learned source-derived contents: applicable redistribution/non-reconstruction and mixed-license scope not established; preserve privately
R16/audits/r15_20260917/results/splits/adapt_EMT_42_0.1.parquet,sample_array_or_model,12407,536b49cbfe19014a04b49671fdd4b420a9c28715f0361035c6e053b8e3a1f33a,R19 supplementary archive,pending_rights,,DATA_LICENSES.md provider-specific links,Keyed samples/labels/features or learned source-derived contents: applicable redistribution/non-reconstruction and mixed-license scope not established; preserve privately
R16/audits/r15_20260917/results/splits/adapt_EMT_42_0.2.parquet,sample_array_or_model,12421,331791eb271207a7e9c0583a1cc65f92c4a2b1a7602e115ddad32a84ea6dc8c5,R19 supplementary archive,pending_rights,,DATA_LICENSES.md provider-specific links,Keyed samples/labels/features or learned source-derived contents: applicable redistribution/non-reconstruction and mixed-license scope not established; preserve privately
R16/audits/r15_20260917/results/splits/adapt_EMT_42_0.4.parquet,sample_array_or_model,12436,d0431289c791f60a2f9c021b6b0340c3503fca84512670e52a7db821815ef611,R19 supplementary archive,pending_rights,,DATA_LICENSES.md provider-specific links,Keyed samples/labels/features or learned source-derived contents: applicable redistribution/non-reconstruction and mixed-license scope not established; preserve privately
R16/audits/r15_20260917/results/splits/adapt_EMT_42_0.6.parquet,sample_array_or_model,12444,98fe57aac9a663838d98f36e0e5724dad4afbd69a557da5f6db044a6e19bf7b3,R19 supplementary archive,pending_rights,,DATA_LICENSES.md provider-specific links,Keyed samples/labels/features or learned source-derived contents: applicable redistribution/non-reconstruction and mixed-license scope not established; preserve privately
R16/audits/r15_20260917/results/splits/adapt_EMT_42_1.0.parquet,sample_array_or_model,12397,e21464d220cae6e7733e798975e440a6407d1f2f622d5ceb4dd281bd273e059f,R19 supplementary archive,pending_rights,,DATA_LICENSES.md provider-specific links,Keyed samples/labels/features or learned source-derived contents: applicable redistribution/non-reconstruction and mixed-license scope not established; preserve privately
R16/audits/r15_20260917/results/splits/adapt_ETRI_0_0.1.parquet,sample_array_or_model,6196,04a43b82ad0ba7cb117fd7c09054b17753719bbb90d758eae3228b29064d2e99,R19 supplementary archive,pending_rights,,DATA_LICENSES.md provider-specific links,Keyed samples/labels/features or learned source-derived contents: applicable redistribution/non-reconstruction and mixed-license scope not established; preserve privately
R16/audits/r15_20260917/results/splits/adapt_ETRI_0_0.2.parquet,sample_array_or_model,6196,60cca2d95c9bfa73d439d64b2430683d15a0bafd7579914b64067a201d12c06f,R19 supplementary archive,pending_rights,,DATA_LICENSES.md provider-specific links,Keyed samples/labels/features or learned source-derived contents: applicable redistribution/non-reconstruction and mixed-license scope not established; preserve privately
R16/audits/r15_20260917/results/splits/adapt_ETRI_0_0.4.parquet,sample_array_or_model,6203,8f79f0da5a324487b99e584daa633aa7cb1a0ebc3d8321081994e2adb962d8dd,R19 supplementary archive,pending_rights,,DATA_LICENSES.md provider-specific links,Keyed samples/labels/features or learned source-derived contents: applicable redistribution/non-reconstruction and mixed-license scope not established; preserve privately
R16/audits/r15_20260917/results/splits/adapt_ETRI_0_0.6.parquet,sample_array_or_model,6208,e85b223c570d1425b15739c87a34ef729bd18d1c70c1bf905545ec3695429d02,R19 supplementary archive,pending_rights,,DATA_LICENSES.md provider-specific links,Keyed samples/labels/features or learned source-derived contents: applicable redistribution/non-reconstruction and mixed-license scope not established; preserve privately
R16/audits/r15_20260917/results/splits/adapt_ETRI_0_1.0.parquet,sample_array_or_model,6181,0be96ba1e05f0eb89c8ac2494ccfc8d72394145b192b431b02f7ffe5f1a457dd,R19 supplementary archive,pending_rights,,DATA_LICENSES.md provider-specific links,Keyed samples/labels/features or learned source-derived contents: applicable redistribution/non-reconstruction and mixed-license scope not established; preserve privately
R16/audits/r15_20260917/results/splits/adapt_ETRI_1_0.1.parquet,sample_array_or_model,6188,493520f9049dc863f1d3aac7a6cf6e77d0dc1ecdf488cf4c823855b691bb7c25,R19 supplementary archive,pending_rights,,DATA_LICENSES.md provider-specific links,Keyed samples/labels/features or learned source-derived contents: applicable redistribution/non-reconstruction and mixed-license scope not established; preserve privately
R16/audits/r15_20260917/results/splits/adapt_ETRI_1_0.2.parquet,sample_array_or_model,6197,9e33079eb0324452b61785275e01db728f3da8dab0c13b24b11bed1d0056591d,R19 supplementary archive,pending_rights,,DATA_LICENSES.md provider-specific links,Keyed samples/labels/features or learned source-derived contents: applicable redistribution/non-reconstruction and mixed-license scope not established; preserve privately
R16/audits/r15_20260917/results/splits/adapt_ETRI_1_0.4.parquet,sample_array_or_model,6203,c0ef1fd1f3c14efa87e8739dc64aae914e0264570a334035f00fba0ccc6fdb0b,R19 supplementary archive,pending_rights,,DATA_LICENSES.md provider-specific links,Keyed samples/labels/features or learned source-derived contents: applicable redistribution/non-reconstruction and mixed-license scope not established; preserve privately
R16/audits/r15_20260917/results/splits/adapt_ETRI_1_0.6.parquet,sample_array_or_model,6206,c86baf8f526b717b452223a3a2f4b8d8c0622009a0ab1fcd65eb592ecb6e945a,R19 supplementary archive,pending_rights,,DATA_LICENSES.md provider-specific links,Keyed samples/labels/features or learned source-derived contents: applicable redistribution/non-reconstruction and mixed-license scope not established; preserve privately
R16/audits/r15_20260917/results/splits/adapt_ETRI_1_1.0.parquet,sample_array_or_model,6184,7f064eaaf91a8860634d6d194ce282c6dae1578d3a39759e173b0efbbba6fc6f,R19 supplementary archive,pending_rights,,DATA_LICENSES.md provider-specific links,Keyed samples/labels/features or learned source-derived contents: applicable redistribution/non-reconstruction and mixed-license scope not established; preserve privately
R16/audits/r15_20260917/results/splits/adapt_ETRI_42_0.1.parquet,sample_array_or_model,6201,2fdd1d177c5bdeb352a1b9081e8a0305c769efc93766d4475415c470416adb5c,R19 supplementary archive,pending_rights,,DATA_LICENSES.md provider-specific links,Keyed samples/labels/features or learned source-derived contents: applicable redistribution/non-reconstruction and mixed-license scope not established; preserve privately
R16/audits/r15_20260917/results/splits/adapt_ETRI_42_0.2.parquet,sample_array_or_model,6198,bda02919c5e185d0fe019e553983598d41bde03ec83bff8ddae578743af753e2,R19 supplementary archive,pending_rights,,DATA_LICENSES.md provider-specific links,Keyed samples/labels/features or learned source-derived contents: applicable redistribution/non-reconstruction and mixed-license scope not established; preserve privately
R16/audits/r15_20260917/results/splits/adapt_ETRI_42_0.4.parquet,sample_array_or_model,6198,d1f2be1e00e63fae2ff263013654dcc1e035c30d4d428f378595d0d1724c8ea9,R19 supplementary archive,pending_rights,,DATA_LICENSES.md provider-specific links,Keyed samples/labels/features or learned source-derived contents: applicable redistribution/non-reconstruction and mixed-license scope not established; preserve privately
R16/audits/r15_20260917/results/splits/adapt_ETRI_42_0.6.parquet,sample_array_or_model,6205,12637b009af5ab7740099cb73b91bce2f4902ff9f9f74ac04aec9fe259fc88bb,R19 supplementary archive,pending_rights,,DATA_LICENSES.md provider-specific links,Keyed samples/labels/features or learned source-derived contents: applicable redistribution/non-reconstruction and mixed-license scope not established; preserve privately
R16/audits/r15_20260917/results/splits/adapt_ETRI_42_1.0.parquet,sample_array_or_model,6191,a6d7b06eb0f96d188640379ed22208d93770ca1827aad1d80682367b0994754f,R19 supplementary archive,pending_rights,,DATA_LICENSES.md provider-specific links,Keyed samples/labels/features or learned source-derived contents: applicable redistribution/non-reconstruction and mixed-license scope not established; preserve privately
R16/audits/r15_20260917/results/splits/adapt_exiD_0_0.1.parquet,sample_array_or_model,402729,75e5f0506918bca69495294585adc1f329ff2d4f904ec506b24561677cbddc36,R19 supplementary archive,pending_rights,,DATA_LICENSES.md provider-specific links,Keyed samples/labels/features or learned source-derived contents: applicable redistribution/non-reconstruction and mixed-license scope not established; preserve privately
R16/audits/r15_20260917/results/splits/adapt_exiD_0_0.2.parquet,sample_array_or_model,404588,560ae7724b6fd4765607222dee9b97d7b870e567658ad2f68358ed8b1579ad45,R19 supplementary archive,pending_rights,,DATA_LICENSES.md provider-specific links,Keyed samples/labels/features or learned source-derived contents: applicable redistribution/non-reconstruction and mixed-license scope not established; preserve privately
R16/audits/r15_20260917/results/splits/adapt_exiD_0_0.4.parquet,sample_array_or_model,406859,272f18c7f92c888ba52bce72df68b7749d93ffe00b8c703f99f50ffb5c98c8dc,R19 supplementary archive,pending_rights,,DATA_LICENSES.md provider-specific links,Keyed samples/labels/features or learned source-derived contents: applicable redistribution/non-reconstruction and mixed-license scope not established; preserve privately
R16/audits/r15_20260917/results/splits/adapt_exiD_0_0.6.parquet,sample_array_or_model,407082,56d1d6e24738017da9eb87dd4318cb1d4af27cca3297d3b495a9667391558ee5,R19 supplementary archive,pending_rights,,DATA_LICENSES.md provider-specific links,Keyed samples/labels/features or learned source-derived contents: applicable redistribution/non-reconstruction and mixed-license scope not established; preserve privately
R16/audits/r15_20260917/results/splits/adapt_exiD_0_1.0.parquet,sample_array_or_model,404019,5def8f42016875b61c6fe2daebec0d00e1a8b26162f9ca61cfc7b112c2594f34,R19 supplementary archive,pending_rights,,DATA_LICENSES.md provider-specific links,Keyed samples/labels/features or learned source-derived contents: applicable redistribution/non-reconstruction and mixed-license scope not established; preserve privately
R16/audits/r15_20260917/results/splits/adapt_exiD_1_0.1.parquet,sample_array_or_model,402587,ea0e63fa138d5fc7cbbfa35e5083154a57eeb39d62cfa2e9956231f4d34b65ce,R19 supplementary archive,pending_rights,,DATA_LICENSES.md provider-specific links,Keyed samples/labels/features or learned source-derived contents: applicable redistribution/non-reconstruction and mixed-license scope not established; preserve privately
R16/audits/r15_20260917/results/splits/adapt_exiD_1_0.2.parquet,sample_array_or_model,404439,bb0c75d4093dda77e6fa2d323bd9d4b8e7c92412a071dc7de5d5bff117725322,R19 supplementary archive,pending_rights,,DATA_LICENSES.md provider-specific links,Keyed samples/labels/features or learned source-derived contents: applicable redistribution/non-reconstruction and mixed-license scope not established; preserve privately
R16/audits/r15_20260917/results/splits/adapt_exiD_1_0.4.parquet,sample_array_or_model,406402,2db3ec14c9e80738c3df4a1d8bb256f000c472c8334a88a5e18347501262d6ab,R19 supplementary archive,pending_rights,,DATA_LICENSES.md provider-specific links,Keyed samples/labels/features or learned source-derived contents: applicable redistribution/non-reconstruction and mixed-license scope not established; preserve privately
R16/audits/r15_20260917/results/splits/adapt_exiD_1_0.6.parquet,sample_array_or_model,407378,5e91a76d8d94b5f5524b3f9f3145af9ee786a7f86289c1937161025c1251f61f,R19 supplementary archive,pending_rights,,DATA_LICENSES.md provider-specific links,Keyed samples/labels/features or learned source-derived contents: applicable redistribution/non-reconstruction and mixed-license scope not established; preserve privately
R16/audits/r15_20260917/results/splits/adapt_exiD_1_1.0.parquet,sample_array_or_model,404013,54f5751b2007c9e13a35d7fac5055bb025747367a854e86a4913114a9d8d1380,R19 supplementary archive,pending_rights,,DATA_LICENSES.md provider-specific links,Keyed samples/labels/features or learned source-derived contents: applicable redistribution/non-reconstruction and mixed-license scope not established; preserve privately
R16/audits/r15_20260917/results/splits/adapt_exiD_42_0.1.parquet,sample_array_or_model,402535,3be11e5f349f04b06350603e2fe8b5ae33cb0534731c5168c36171f7eecef4ac,R19 supplementary archive,pending_rights,,DATA_LICENSES.md provider-specific links,Keyed samples/labels/features or learned source-derived contents: applicable redistribution/non-reconstruction and mixed-license scope not established; preserve privately
R16/audits/r15_20260917/results/splits/adapt_exiD_42_0.2.parquet,sample_array_or_model,404568,fe21345cc7c24d1ad7d034df7d24710fce60487216e7556a3f8cc0b22c635fc9,R19 supplementary archive,pending_rights,,DATA_LICENSES.md provider-specific links,Keyed samples/labels/features or learned source-derived contents: applicable redistribution/non-reconstruction and mixed-license scope not established; preserve privately
R16/audits/r15_20260917/results/splits/adapt_exiD_42_0.4.parquet,sample_array_or_model,407102,1f664010d7fac9a4717ec8ed7ed3640dab3661a12b4ecd06a1b522b72e096e3d,R19 supplementary archive,pending_rights,,DATA_LICENSES.md provider-specific links,Keyed samples/labels/features or learned source-derived contents: applicable redistribution/non-reconstruction and mixed-license scope not established; preserve privately
R16/audits/r15_20260917/results/splits/adapt_exiD_42_0.6.parquet,sample_array_or_model,407804,2235f07365a444326839890677da3df06608596d554bf309a754a42c80ecde36,R19 supplementary archive,pending_rights,,DATA_LICENSES.md provider-specific links,Keyed samples/labels/features or learned source-derived contents: applicable redistribution/non-reconstruction and mixed-license scope not established; preserve privately
R16/audits/r15_20260917/results/splits/adapt_exiD_42_1.0.parquet,sample_array_or_model,404026,7a33923baec417b81f616b6a6d538c67e891dd7d453ae751c23b8d8f7bc795dd,R19 supplementary archive,pending_rights,,DATA_LICENSES.md provider-specific links,Keyed samples/labels/features or learned source-derived contents: applicable redistribution/non-reconstruction and mixed-license scope not established; preserve privately
R16/audits/r15_20260917/results/splits/adapt_uniD_0_0.1.parquet,sample_array_or_model,84585,21a8158a02e8a5f18516bb685bafaf9f9c3f5a21d9cf570aaeef077005952f5c,R19 supplementary archive,pending_rights,,DATA_LICENSES.md provider-specific links,Keyed samples/labels/features or learned source-derived contents: applicable redistribution/non-reconstruction and mixed-license scope not established; preserve privately
R16/audits/r15_20260917/results/splits/adapt_uniD_0_0.2.parquet,sample_array_or_model,85012,c8fb0dfe90e7507e2f49602e367e8be7173b745e74a8a5e802c8813d431f0292,R19 supplementary archive,pending_rights,,DATA_LICENSES.md provider-specific links,Keyed samples/labels/features or learned source-derived contents: applicable redistribution/non-reconstruction and mixed-license scope not established; preserve privately
R16/audits/r15_20260917/results/splits/adapt_uniD_0_0.4.parquet,sample_array_or_model,85060,e761873050c3c5ec973bb8633a07f8bafe29b294cd6f873723db07d3c49f9812,R19 supplementary archive,pending_rights,,DATA_LICENSES.md provider-specific links,Keyed samples/labels/features or learned source-derived contents: applicable redistribution/non-reconstruction and mixed-license scope not established; preserve privately
R16/audits/r15_20260917/results/splits/adapt_uniD_0_0.6.parquet,sample_array_or_model,85062,e5c0f95c377a7da7e3a00debb9561869a2497cf0571fd0a28e4f8a17be3d778d,R19 supplementary archive,pending_rights,,DATA_LICENSES.md provider-specific links,Keyed samples/labels/features or learned source-derived contents: applicable redistribution/non-reconstruction and mixed-license scope not established; preserve privately
R16/audits/r15_20260917/results/splits/adapt_uniD_0_1.0.parquet,sample_array_or_model,84882,85548e85e3f2bec963acc128bf1cf7b20cbe8bf9dc43a4444b3b3276ef6914e6,R19 supplementary archive,pending_rights,,DATA_LICENSES.md provider-specific links,Keyed samples/labels/features or learned source-derived contents: applicable redistribution/non-reconstruction and mixed-license scope not established; preserve privately
R16/audits/r15_20260917/results/splits/adapt_uniD_1_0.1.parquet,sample_array_or_model,84701,5b0ecba8236c8ce00e4c7e6f069164287bf174219f56aef76e8ea4bb5f776ed6,R19 supplementary archive,pending_rights,,DATA_LICENSES.md provider-specific links,Keyed samples/labels/features or learned source-derived contents: applicable redistribution/non-reconstruction and mixed-license scope not established; preserve privately
R16/audits/r15_20260917/results/splits/adapt_uniD_1_0.2.parquet,sample_array_or_model,84997,b48f939d0115bb475127b8f1d50a23151aeb7af21b4491df0317f9b31036b619,R19 supplementary archive,pending_rights,,DATA_LICENSES.md provider-specific links,Keyed samples/labels/features or learned source-derived contents: applicable redistribution/non-reconstruction and mixed-license scope not established; preserve privately
R16/audits/r15_20260917/results/splits/adapt_uniD_1_0.4.parquet,sample_array_or_model,85062,dcf318b367319978ef7bfb650504bfbafdd86f168457372f17ec40956260a558,R19 supplementary archive,pending_rights,,DATA_LICENSES.md provider-specific links,Keyed samples/labels/features or learned source-derived contents: applicable redistribution/non-reconstruction and mixed-license scope not established; preserve privately
R16/audits/r15_20260917/results/splits/adapt_uniD_1_0.6.parquet,sample_array_or_model,85063,6f8160818e115bd1b0f512f65f16d29890af30c73de143743ee04ff0f1f060dd,R19 supplementary archive,pending_rights,,DATA_LICENSES.md provider-specific links,Keyed samples/labels/features or learned source-derived contents: applicable redistribution/non-reconstruction and mixed-license scope not established; preserve privately
R16/audits/r15_20260917/results/splits/adapt_uniD_1_1.0.parquet,sample_array_or_model,84815,b424eac86bc450e01b06f208bc953dae9bbadff07c016da15b0e8bc341b568d5,R19 supplementary archive,pending_rights,,DATA_LICENSES.md provider-specific links,Keyed samples/labels/features or learned source-derived contents: applicable redistribution/non-reconstruction and mixed-license scope not established; preserve privately
R16/audits/r15_20260917/results/splits/adapt_uniD_42_0.1.parquet,sample_array_or_model,84620,3a98ce49c093da093268aa2baddb9f4b2d0b809e26aa0ebb38a0f9ac13c72a19,R19 supplementary archive,pending_rights,,DATA_LICENSES.md provider-specific links,Keyed samples/labels/features or learned source-derived contents: applicable redistribution/non-reconstruction and mixed-license scope not established; preserve privately
R16/audits/r15_20260917/results/splits/adapt_uniD_42_0.2.parquet,sample_array_or_model,84916,8c5d853401638c926de7fa0e30488b74aab97cc7e37a88cd28ae4be031d0d0c8,R19 supplementary archive,pending_rights,,DATA_LICENSES.md provider-specific links,Keyed samples/labels/features or learned source-derived contents: applicable redistribution/non-reconstruction and mixed-license scope not established; preserve privately
R16/audits/r15_20260917/results/splits/adapt_uniD_42_0.4.parquet,sample_array_or_model,85049,5df8a787fec0f69f08e05685ffeda60a4e12c2210c84a7e984d7dad4275805b1,R19 supplementary archive,pending_rights,,DATA_LICENSES.md provider-specific links,Keyed samples/labels/features or learned source-derived contents: applicable redistribution/non-reconstruction and mixed-license scope not established; preserve privately
R16/audits/r15_20260917/results/splits/adapt_uniD_42_0.6.parquet,sample_array_or_model,85065,11c01a895ae8fd82a33fe3b1daa087419c47b09d58c40787400a4d64b97a8516,R19 supplementary archive,pending_rights,,DATA_LICENSES.md provider-specific links,Keyed samples/labels/features or learned source-derived contents: applicable redistribution/non-reconstruction and mixed-license scope not established; preserve privately
R16/audits/r15_20260917/results/splits/adapt_uniD_42_1.0.parquet,sample_array_or_model,84894,a79db6b517b518ba8fa5364f5771b313557b29cd49fd4563e193aded7b74307f,R19 supplementary archive,pending_rights,,DATA_LICENSES.md provider-specific links,Keyed samples/labels/features or learned source-derived contents: applicable redistribution/non-reconstruction and mixed-license scope not established; preserve privately
R16/audits/r15_20260917/results/splits/source_seed0.parquet,sample_array_or_model,299436,16395b0761c70ffde5aa10280669cef37a60254c84752b3e83ec59031bd024a0,R19 supplementary archive,pending_rights,,DATA_LICENSES.md provider-specific links,Keyed samples/labels/features or learned source-derived contents: applicable redistribution/non-reconstruction and mixed-license scope not established; preserve privately
R16/audits/r15_20260917/results/splits/source_seed1.parquet,sample_array_or_model,299308,887afe2b0753a2d4b76736bde0b4f88f291d730880cf2a04932633b9a0b0ebb7,R19 supplementary archive,pending_rights,,DATA_LICENSES.md provider-specific links,Keyed samples/labels/features or learned source-derived contents: applicable redistribution/non-reconstruction and mixed-license scope not established; preserve privately
R16/audits/r15_20260917/results/splits/source_seed42.parquet,sample_array_or_model,299511,4fef29d69f0da90a43a7ce0ae824d3c65cbb1969598fcb1fa419b87ff1887acd,R19 supplementary archive,pending_rights,,DATA_LICENSES.md provider-specific links,Keyed samples/labels/features or learned source-derived contents: applicable redistribution/non-reconstruction and mixed-license scope not established; preserve privately
R16/audits/r15_20260917/results/tables/adaptation_flat_summary.csv,reference,9082,54c2351308251a795a1c859a300cb05f888b1f02f5c0f14a66eae5564369033b,R19 supplementary archive,excluded,,docs/PROVENANCE.md,Not a current public input: duplicate/historical/internal verification material; selected counterparts or documented workflow provided
R16/audits/r15_20260917/results/tables/adaptation_gain_summary.csv,reference,2875,3507ee1a524f0f5741c7e5b588de88594ee2ec857708d0c031ff142fce47e6d8,R19 supplementary archive,excluded,,docs/PROVENANCE.md,Not a current public input: duplicate/historical/internal verification material; selected counterparts or documented workflow provided
R16/audits/r15_20260917/results/tables/adaptation_metrics.csv,reference,97748,5a0f4ece4ea70cf50f166ffbbf584403780292c35ffbf92395ebd732f270dfcb,R19 supplementary archive,excluded,,docs/PROVENANCE.md,Not a current public input: duplicate/historical/internal verification material; selected counterparts or documented workflow provided
R16/audits/r15_20260917/results/tables/adaptation_paired_seed_gains.csv,reference,4539,8af624c50383d04477d2cbfce160bdcdd8572113f4bc08ec45b731509c5059eb,R19 supplementary archive,excluded,,docs/PROVENANCE.md,Not a current public input: duplicate/historical/internal verification material; selected counterparts or documented workflow provided
R16/audits/r15_20260917/results/tables/adaptation_paired_vehicle_ci.csv,reference,3939,8835d41e24e36b075b0d5448e45c712f5a3a12db2c97d8ed16b7f2df1d3815aa,R19 supplementary archive,excluded,,docs/PROVENANCE.md,Not a current public input: duplicate/historical/internal verification material; selected counterparts or documented workflow provided
R16/audits/r15_20260917/results/tables/adaptation_summary.csv,reference,18942,15daa16eaa35a2653f4f5e0e4ce7eddb859e62458ef8113a9444b2cdea35bcb9,R19 supplementary archive,excluded,,docs/PROVENANCE.md,Not a current public input: duplicate/historical/internal verification material; selected counterparts or documented workflow provided
R16/audits/r15_20260917/results/tables/calibration_same_fit_bins.csv,reference,2294,487cac423d5416279fbe35eeb458de27fe665f41dd15299c5ccfb6d4c4bd8335,R19 supplementary archive,excluded,,docs/PROVENANCE.md,Not a current public input: duplicate/historical/internal verification material; selected counterparts or documented workflow provided
R16/audits/r15_20260917/results/tables/domain_classifier_metrics.csv,reference,562,36093fb4c2f74eae10d1307837c533b2ff4de8edd7eb3e21dd7a75b33a2bff33,R19 supplementary archive,excluded,,docs/PROVENANCE.md,Not a current public input: duplicate/historical/internal verification material; selected counterparts or documented workflow provided
R16/audits/r15_20260917/results/tables/emt_benchmark_agent_classes.csv,reference,144,df2badcf8841658f1289ef92d74de5b2b6fdcfb175b26f231e6acffa24f28edd,R19 supplementary archive,excluded,,docs/PROVENANCE.md,Not a current public input: duplicate/historical/internal verification material; selected counterparts or documented workflow provided
R16/audits/r15_20260917/results/tables/emt_feature_impact_3s.csv,reference,907,cbf6e495fda2cb61d351365d238b2ad505fe4976e0f937664107b402e05565c9,R19 supplementary archive,excluded,,docs/PROVENANCE.md,Not a current public input: duplicate/historical/internal verification material; selected counterparts or documented workflow provided
R16/audits/r15_20260917/results/tables/emt_feature_impact_5s.csv,reference,901,97ab1b57c6a6c6ad0ff471d90a9a6292760789abb88adfcc826f367a007e1646,R19 supplementary archive,excluded,,docs/PROVENANCE.md,Not a current public input: duplicate/historical/internal verification material; selected counterparts or documented workflow provided
R16/audits/r15_20260917/results/tables/emt_feature_impact_7s.csv,reference,899,0ebe2fd813bd6bb2cec98709d8925c67847a7f641965d9a261f2936a591f0cdc,R19 supplementary archive,excluded,,docs/PROVENANCE.md,Not a current public input: duplicate/historical/internal verification material; selected counterparts or documented workflow provided
R16/audits/r15_20260917/results/tables/emt_feature_reproduction_3s.csv,reference,29368,7b5f60d40f612b77fe1adbbce2e1706919f0ddd9a4bed26c82204f203deb02b3,R19 supplementary archive,excluded,,docs/PROVENANCE.md,Not a current public input: duplicate/historical/internal verification material; selected counterparts or documented workflow provided
R16/audits/r15_20260917/results/tables/emt_feature_reproduction_5s.csv,reference,27902,d9cbb56365f36f3c4a4a1c5c844aaf2fc3e338fc92b102c1753e4287a9d36465,R19 supplementary archive,excluded,,docs/PROVENANCE.md,Not a current public input: duplicate/historical/internal verification material; selected counterparts or documented workflow provided
R16/audits/r15_20260917/results/tables/emt_feature_reproduction_7s.csv,reference,26436,113866c20edcc592148b5395787d17fbe324e4a034e755e8a2ed7e3bf83f142d,R19 supplementary archive,excluded,,docs/PROVENANCE.md,Not a current public input: duplicate/historical/internal verification material; selected counterparts or documented workflow provided
R16/audits/r15_20260917/results/tables/emt_legacy_reproduction.csv,reference,148,eef23b5470b693429081292aa075551c7867098017dd12e1167928c069e00b5b,R19 supplementary archive,excluded,,docs/PROVENANCE.md,Not a current public input: duplicate/historical/internal verification material; selected counterparts or documented workflow provided
R16/audits/r15_20260917/results/tables/emt_neighbor_impact.csv,reference,212,49d5de91737f0efc1d31d71c1192c958ee5d8ca11c66143d0419a11432781a86,R19 supplementary archive,excluded,,docs/PROVENANCE.md,Not a current public input: duplicate/historical/internal verification material; selected counterparts or documented workflow provided
R16/audits/r15_20260917/results/tables/emt_neighbor_integrity.csv,reference,665,20b653abeb2ce029ead88d197488f824ca7229999c9d670c7a96b4d1c9aa0795,R19 supplementary archive,excluded,,docs/PROVENANCE.md,Not a current public input: duplicate/historical/internal verification material; selected counterparts or documented workflow provided
R16/audits/r15_20260917/results/tables/loco_metrics.csv,reference,26105,5e674497930387c73a75b2eb3b5b3dd51cdd1478701304ebf9b49baab5250361,R19 supplementary archive,excluded,,docs/PROVENANCE.md,Not a current public input: duplicate/historical/internal verification material; selected counterparts or documented workflow provided
R16/audits/r15_20260917/results/tables/loco_summary.csv,reference,626,1985f00016416b9eb1f3b0f91cb667faafa6730425217f979d3dd48661089ccc,R19 supplementary archive,excluded,,docs/PROVENANCE.md,Not a current public input: duplicate/historical/internal verification material; selected counterparts or documented workflow provided
R16/audits/r15_20260917/results/tables/lstm_metrics.csv,reference,7066,641bfa14e2843141482f9e732e55a42f66ec00c40350d99aca77e953a4928c5c,R19 supplementary archive,excluded,,docs/PROVENANCE.md,Not a current public input: duplicate/historical/internal verification material; selected counterparts or documented workflow provided
R16/audits/r15_20260917/results/tables/lstm_ood_means.csv,reference,331,78d5871dcb8413b9fc4d0770df39e99ca2df84514624b9ed17777cb861785a38,R19 supplementary archive,excluded,,docs/PROVENANCE.md,Not a current public input: duplicate/historical/internal verification material; selected counterparts or documented workflow provided
R16/audits/r15_20260917/results/tables/lstm_summary.csv,reference,958,c827239dfb3b5cd8cbf170431523911eb22807f285b7a393d8b8c118685077a8,R19 supplementary archive,excluded,,docs/PROVENANCE.md,Not a current public input: duplicate/historical/internal verification material; selected counterparts or documented workflow provided
R16/audits/r15_20260917/results/tables/same_fit_ci.csv,reference,1381,00fd2e112400d9b69f4b0540a49b5d980a809171f31f4624c1e52c017f26f632,R19 supplementary archive,excluded,,docs/PROVENANCE.md,Not a current public input: duplicate/historical/internal verification material; selected counterparts or documented workflow provided
R16/audits/r15_20260917/results/tables/same_fit_metrics.csv,reference,550,f0c7bafa316935a89087707a96f6f5bfec80e65069c02de4719e297e4c86aff8,R19 supplementary archive,excluded,,docs/PROVENANCE.md,Not a current public input: duplicate/historical/internal verification material; selected counterparts or documented workflow provided
R16/audits/r15_20260917/results/tables/sequence_impact.csv,aggregate_or_figure,355,1083410c3ade04556f6d3e6f8d6194b59b4984570eb5d1076ac1cc66efac3668,R19 supplementary archive,published_derivative,aggregates/R16/sequence_impact.csv,LICENSE_CODE; DATA_LICENSES.md,Author code or non-reconstructive study aggregate/plot selected explicitly
R16/audits/r15_20260917/results/tables/shap_same_model.csv,reference,37094,3b4bf4b6d8b43e31665bd052a63972d4f17018e2a8aeaa89f5fec6129ed13045,R19 supplementary archive,excluded,,docs/PROVENANCE.md,Not a current public input: duplicate/historical/internal verification material; selected counterparts or documented workflow provided
R16/audits/r15_20260917/results/tables/xgb_metrics.csv,reference,8920,e60e54384db7e4c385e569c29df5e983d9e6da3f506b246b18006fed2e2e72b8,R19 supplementary archive,excluded,,docs/PROVENANCE.md,Not a current public input: duplicate/historical/internal verification material; selected counterparts or documented workflow provided
R16/audits/r15_20260917/results/tables/xgb_ood_means.csv,reference,413,2259a93e83ca4af5f98b0604bada1a798b48289f620c6b77f83d89f126ec19fe,R19 supplementary archive,excluded,,docs/PROVENANCE.md,Not a current public input: duplicate/historical/internal verification material; selected counterparts or documented workflow provided
R16/audits/r15_20260917/results/tables/xgb_summary.csv,reference,1332,df8d3725711822dc5b5a8efb0a0e69f9c8abb397e54e5dad2227bc7f1a0719f3,R19 supplementary archive,excluded,,docs/PROVENANCE.md,Not a current public input: duplicate/historical/internal verification material; selected counterparts or documented workflow provided
R16/delivery/collection_metadata.json,reference,835,7ee791573e6e92ae40f9ece555d3008fadef461da6d747d0f26cf7369fc375ee,R19 supplementary archive,excluded,,docs/PROVENANCE.md,Not a current public input: duplicate/historical/internal verification material; selected counterparts or documented workflow provided
R16/delivery/omitted_predictions.csv,reference,206988,7ca8fd3a6a25366213e384b05e16403b6072cb5fb66d1378c877d11011be2db3,R19 supplementary archive,excluded,,docs/PROVENANCE.md,Not a current public input: duplicate/historical/internal verification material; selected counterparts or documented workflow provided
R16/delivery/section5_same_fit_mapping.csv,reference,2644,1eb19d252fdbf1da700955d258db19333a65792f4766ad8b9f604705029ec61c,R19 supplementary archive,excluded,,docs/PROVENANCE.md,Not a current public input: duplicate/historical/internal verification material; selected counterparts or documented workflow provided
R16/delivery/selected_predictions.csv,reference,178021,c0435afc4dfbb4d58f5c67ab29b7f7f6be39af3c2eb4d7016781bd963d58a369,R19 supplementary archive,excluded,,docs/PROVENANCE.md,Not a current public input: duplicate/historical/internal verification material; selected counterparts or documented workflow provided
R16/scripts/05_domain_adapt_v2.py,code,8637,620eff21f709d03e18f9d466c8d843bc3154871f42d9cd896419efed03b4cc11,R19 supplementary archive,published,research/r16/scripts/05_domain_adapt_v2.py,LICENSE_CODE; DATA_LICENSES.md,Author code or non-reconstructive study aggregate/plot selected explicitly
R16/scripts/12_extras.py,code,3858,d8666ef1fca96fd2a2aa616fba8e738431d9ac09e368c09d244fb70bc36e79c9,R19 supplementary archive,published,research/r16/scripts/12_extras.py,LICENSE_CODE; DATA_LICENSES.md,Author code or non-reconstructive study aggregate/plot selected explicitly
R16/scripts/15_loco.py,code,3609,1070615a9d94f9c6e089b5c85f2c4fa61d1d32b737170f719b06e14b03a9114a,R19 supplementary archive,published,research/r16/scripts/15_loco.py,LICENSE_CODE; DATA_LICENSES.md,Author code or non-reconstructive study aggregate/plot selected explicitly
R16/scripts/18_tiv_remaining.py,code,16391,515a0736c586ce78c6c33b32c163ea29d585fdd86b535124ea999a36253531d2,R19 supplementary archive,published,research/r16/scripts/18_tiv_remaining.py,LICENSE_CODE; DATA_LICENSES.md,Author code or non-reconstructive study aggregate/plot selected explicitly
R16/scripts/19_baselines_all.py,code,6395,fcf84edd1ccdada24b80e9e9412b8de51da0777a44b3eb3f057e1d9ec56b8262,R19 supplementary archive,published,research/r16/scripts/19_baselines_all.py,LICENSE_CODE; DATA_LICENSES.md,Author code or non-reconstructive study aggregate/plot selected explicitly
R16/scripts/20_adapt_control.py,code,7410,299200d0091798a70ca67b81801c41e0c0723b5c0546c49204c332f15b450868,R19 supplementary archive,published,research/r16/scripts/20_adapt_control.py,LICENSE_CODE; DATA_LICENSES.md,Author code or non-reconstructive study aggregate/plot selected explicitly
R16/scripts/36_r15_revalidate.py,code,14270,9dc482257ae4d064efca62fd7324cb8d1c82527d8397e8b993b527c061d125dc,R19 supplementary archive,published,research/r16/scripts/36_r15_revalidate.py,LICENSE_CODE; DATA_LICENSES.md,Author code or non-reconstructive study aggregate/plot selected explicitly
R16/src/__init__.py,code,0,e3b0c44298fc1c149afbf4c8996fb92427ae41e4649b934ca495991b7852b855,R19 supplementary archive,published,research/r16/src/__init__.py,LICENSE_CODE; DATA_LICENSES.md,Author code or non-reconstructive study aggregate/plot selected explicitly
R16/src/config.py,code,1731,25900f1f169aae03962385cb4a35adb7f1f7bd86274a19eb717323d1f431a543,R19 supplementary archive,published,research/r16/src/config.py,LICENSE_CODE; DATA_LICENSES.md,Author code or non-reconstructive study aggregate/plot selected explicitly
R16/src/data/__init__.py,code,0,e3b0c44298fc1c149afbf4c8996fb92427ae41e4649b934ca495991b7852b855,R19 supplementary archive,published,research/r16/src/data/__init__.py,LICENSE_CODE; DATA_LICENSES.md,Author code or non-reconstructive study aggregate/plot selected explicitly
R16/src/data/base_adapter.py,code,3366,0ec9980a7d07e14505f3726f6997629910cfd390bbfdd6a00c272a3ef7c4f66f,R19 supplementary archive,published,research/r16/src/data/base_adapter.py,LICENSE_CODE; DATA_LICENSES.md,Author code or non-reconstructive study aggregate/plot selected explicitly
R16/src/data/emt_adapter.py,code,5786,d34cf4a12ccb14b46cd893310820641451da00128d2365b750abab76a94bc063,R19 supplementary archive,published,research/r16/src/data/emt_adapter.py,LICENSE_CODE; DATA_LICENSES.md,Author code or non-reconstructive study aggregate/plot selected explicitly
R16/src/data/emt_annotations.py,code,1216,17c4518eabeffbbe60d618023a39027376b5fa46f336a0a0a59dc7f17d229cd4,R19 supplementary archive,published,research/r16/src/data/emt_annotations.py,LICENSE_CODE; DATA_LICENSES.md,Author code or non-reconstructive study aggregate/plot selected explicitly
R16/src/data/etri_adapter.py,code,3139,619dc98ab5150ace35cc0b7dfbd48f376a2440e740c0e61c8b0527ae4f3e29bd,R19 supplementary archive,published,research/r16/src/data/etri_adapter.py,LICENSE_CODE; DATA_LICENSES.md,Author code or non-reconstructive study aggregate/plot selected explicitly
R16/src/data/events.py,code,1100,4ea0e5281e667f26cb8c5c144ac3731d996a3e071c900f72202ca97491a2e012,R19 supplementary archive,published,research/r16/src/data/events.py,LICENSE_CODE; DATA_LICENSES.md,Author code or non-reconstructive study aggregate/plot selected explicitly
R16/src/data/exid_adapter.py,code,3530,61a9bc803c72ca1ebdf5de59a9fede17dde51fe2fc9dd4a918c4822611592000,R19 supplementary archive,published,research/r16/src/data/exid_adapter.py,LICENSE_CODE; DATA_LICENSES.md,Author code or non-reconstructive study aggregate/plot selected explicitly
R16/src/data/highd_adapter.py,code,2022,462b417e8d4e2ffa2a59023cbcb6d6e463a33c65e5e8bcf68ca3a2f297ea795c,R19 supplementary archive,published,research/r16/src/data/highd_adapter.py,LICENSE_CODE; DATA_LICENSES.md,Author code or non-reconstructive study aggregate/plot selected explicitly
R16/src/data/mitra_adapter.py,code,2642,546de976dfea10a6a2501a52e2540b0346daecd6a1f09a88239c633cd115db4d,R19 supplementary archive,published,research/r16/src/data/mitra_adapter.py,LICENSE_CODE; DATA_LICENSES.md,Author code or non-reconstructive study aggregate/plot selected explicitly
R16/src/data/ngsim_adapter.py,code,2050,c35dcd79dc3650b6967884a8babd421f0ffbfdf0a77ec194da7bcc23de35469f,R19 supplementary archive,published,research/r16/src/data/ngsim_adapter.py,LICENSE_CODE; DATA_LICENSES.md,Author code or non-reconstructive study aggregate/plot selected explicitly
R16/src/data/schema.py,code,1000,1ec10eac08d958bf3fad52f301a9622e7737147e9dccd4f35e8133fc5276a562,R19 supplementary archive,published_derivative,research/r16/src/data/schema.py,LICENSE_CODE; DATA_LICENSES.md,Author code or non-reconstructive study aggregate/plot selected explicitly
R16/src/data/unid_adapter.py,code,2424,bc6eabad715d4d960ad9eddb06c9818065613f8cc1612ce95ba53d5541392031,R19 supplementary archive,published,research/r16/src/data/unid_adapter.py,LICENSE_CODE; DATA_LICENSES.md,Author code or non-reconstructive study aggregate/plot selected explicitly
R16/src/features/__init__.py,code,0,e3b0c44298fc1c149afbf4c8996fb92427ae41e4649b934ca495991b7852b855,R19 supplementary archive,published,research/r16/src/features/__init__.py,LICENSE_CODE; DATA_LICENSES.md,Author code or non-reconstructive study aggregate/plot selected explicitly
R16/src/features/game_core.py,code,16588,4e39538cb0f81ce45c2a13adcd154235b529472d09da9668279aa91421149b05,R19 supplementary archive,published,research/r16/src/features/game_core.py,LICENSE_CODE; DATA_LICENSES.md,Author code or non-reconstructive study aggregate/plot selected explicitly
R16/src/features/game_core_di.py,code,12494,b18f587d0aa54e6448b14b933a18c67a8af6fd89c09919359411d3e9cce4555e,R19 supplementary archive,published,research/r16/src/features/game_core_di.py,LICENSE_CODE; DATA_LICENSES.md,Author code or non-reconstructive study aggregate/plot selected explicitly
R16/src/features/game_theory.py,code,4505,dfe2f431daecc153fa74de2fc0a1b012a0be2a4e244ed95426421554ed95afa0,R19 supplementary archive,published,research/r16/src/features/game_theory.py,LICENSE_CODE; DATA_LICENSES.md,Author code or non-reconstructive study aggregate/plot selected explicitly
R16/src/features/game_theory_di.py,code,3386,d848c9c857f284e729d813d3b8b873344aa19dcb9ab73488dc35000211d8645a,R19 supplementary archive,published,research/r16/src/features/game_theory_di.py,LICENSE_CODE; DATA_LICENSES.md,Author code or non-reconstructive study aggregate/plot selected explicitly
R16/src/features/kinematic.py,code,8127,35af5233752038645aaa159a89a1785aad1f4af83e5f5694a8dd5ee4c3c119c8,R19 supplementary archive,published,research/r16/src/features/kinematic.py,LICENSE_CODE; DATA_LICENSES.md,Author code or non-reconstructive study aggregate/plot selected explicitly
R16/src/features/roadframe.py,code,6041,ca709890ad97ee24c01ea289461e26afc794fa98586f441a457652e13119e49a,R19 supplementary archive,published,research/r16/src/features/roadframe.py,LICENSE_CODE; DATA_LICENSES.md,Author code or non-reconstructive study aggregate/plot selected explicitly
R16/src/features/sampling.py,code,6607,8da0257f6a1a02bdd39623cd69e034c2d8ae2a1b007c201f357085610a72d0e0,R19 supplementary archive,published_derivative,research/r16/src/features/sampling.py,LICENSE_CODE; DATA_LICENSES.md,Author code or non-reconstructive study aggregate/plot selected explicitly
R16/src/models/__init__.py,code,0,e3b0c44298fc1c149afbf4c8996fb92427ae41e4649b934ca495991b7852b855,R19 supplementary archive,published,research/r16/src/models/__init__.py,LICENSE_CODE; DATA_LICENSES.md,Author code or non-reconstructive study aggregate/plot selected explicitly
R16/src/models/baselines.py,code,8632,f025452300133775670f98b273363617fd5e752b3e09f5567f4107e96ea54410,R19 supplementary archive,published,research/r16/src/models/baselines.py,LICENSE_CODE; DATA_LICENSES.md,Author code or non-reconstructive study aggregate/plot selected explicitly
R16/src/models/metrics.py,code,1279,9ad9e362a6d8f53306e9a26f22c680372c6455a46c34a04201ad3b886f764e3e,R19 supplementary archive,published,research/r16/src/models/metrics.py,LICENSE_CODE; DATA_LICENSES.md,Author code or non-reconstructive study aggregate/plot selected explicitly
R16/src/models/train.py,code,1930,c77236fec4a34c168c7a08e6ca69581073c0ece3951c9bf68ce60b85d0ca178e,R19 supplementary archive,published,research/r16/src/models/train.py,LICENSE_CODE; DATA_LICENSES.md,Author code or non-reconstructive study aggregate/plot selected explicitly
R16/tests/test_recording_boundaries.py,reference,3669,7894acee6a990f246f6e7a52687af18d0719cdeb3e5b3c300aa0208d09cafb2a,R19 supplementary archive,excluded,,docs/PROVENANCE.md,Not a current public input: duplicate/historical/internal verification material; selected counterparts or documented workflow provided
R17/code/common_v1.py,code,6635,60a72d1924bdd6d435da014456ed17721b9ea6eebc2aae4b4b0f429fa4d3fb47,R19 supplementary archive,published,research/r17/code/common_v1.py,LICENSE_CODE; DATA_LICENSES.md,Author code or non-reconstructive study aggregate/plot selected explicitly
R17/code/package_v1.py,reference,5576,484c3c20fa983308d6874ce95674f99f93ce06b69263c8b611cbd3db36163f23,R19 supplementary archive,excluded,,docs/PROVENANCE.md,Not a current public input: duplicate/historical/internal verification material; selected counterparts or documented workflow provided
R17/code/package_v2.py,reference,6009,ef4c36b47a908c440a4f28f81f30b49f37249c0ea26f6fe5d09061bf7055ba5b,R19 supplementary archive,excluded,,docs/PROVENANCE.md,Not a current public input: duplicate/historical/internal verification material; selected counterparts or documented workflow provided
R17/code/r16_snapshot/LICENSE,reference,1068,9f1abe28a25b5f6f95c58a81a647de3fa72ff6388d228c59bddd079255709989,R19 supplementary archive,excluded,,docs/PROVENANCE.md,Not a current public input: duplicate/historical/internal verification material; selected counterparts or documented workflow provided
R17/code/r16_snapshot/requirements.txt,reference,288,063ecab20122e2409189722081905ace954f3b89b1cbb3e7389c600724f63a49,R19 supplementary archive,excluded,,docs/PROVENANCE.md,Not a current public input: duplicate/historical/internal verification material; selected counterparts or documented workflow provided
R17/code/r16_snapshot/scripts/01_build_events.py,code,2872,fd28d9be39530f20735f09f589c0f3578c0ab3be5b6a0a393d415e8fde175c04,R19 supplementary archive,published,research/r17/code/r16_snapshot/scripts/01_build_events.py,LICENSE_CODE; DATA_LICENSES.md,Author code or non-reconstructive study aggregate/plot selected explicitly
R17/code/r16_snapshot/scripts/02_build_features.py,code,4916,ee691de0c71cc0a9192b72fe7d536bf7b643faeda0922d58f8808465f3dfaca7,R19 supplementary archive,published,research/r17/code/r16_snapshot/scripts/02_build_features.py,LICENSE_CODE; DATA_LICENSES.md,Author code or non-reconstructive study aggregate/plot selected explicitly
R17/code/r16_snapshot/scripts/02_build_features_conventional.py,code,2582,32cd8d4417bbc448b0ade778a74a8d5f2033be9cf3e4297b565a36684a4d7194,R19 supplementary archive,published,research/r17/code/r16_snapshot/scripts/02_build_features_conventional.py,LICENSE_CODE; DATA_LICENSES.md,Author code or non-reconstructive study aggregate/plot selected explicitly
R17/code/r16_snapshot/scripts/03_build_game_features.py,code,1580,8b31dfbff00c9b09b250e5e22992e3281558d729577a51bcc70ddc31a0022160,R19 supplementary archive,published,research/r17/code/r16_snapshot/scripts/03_build_game_features.py,LICENSE_CODE; DATA_LICENSES.md,Author code or non-reconstructive study aggregate/plot selected explicitly
R17/code/r16_snapshot/scripts/03b_build_game_di.py,code,2690,6478546086cb5a1c1cf3a78cd11f995d215451f52ca48cd2321675e11fec7a24,R19 supplementary archive,published,research/r17/code/r16_snapshot/scripts/03b_build_game_di.py,LICENSE_CODE; DATA_LICENSES.md,Author code or non-reconstructive study aggregate/plot selected explicitly
R17/code/r16_snapshot/scripts/04_train.py,code,3898,9b017910e9779ba195662d9e05ea1fc4ce0de20fdf3d0f389b7957ba9a457fc3,R19 supplementary archive,published,research/r17/code/r16_snapshot/scripts/04_train.py,LICENSE_CODE; DATA_LICENSES.md,Author code or non-reconstructive study aggregate/plot selected explicitly
R17/code/r16_snapshot/scripts/04b_baselines.py,code,3644,288a3c57b9327b99bc355e7028955062de8e4a16a91eae2f7a0f18feb42c8466,R19 supplementary archive,published,research/r17/code/r16_snapshot/scripts/04b_baselines.py,LICENSE_CODE; DATA_LICENSES.md,Author code or non-reconstructive study aggregate/plot selected explicitly
R17/code/r16_snapshot/scripts/04c_tabtransformer.py,code,2940,a60a1f60991cd45b81d29275aed8ba188bfad5c3078040e414bdd12912370a99,R19 supplementary archive,published,research/r17/code/r16_snapshot/scripts/04c_tabtransformer.py,LICENSE_CODE; DATA_LICENSES.md,Author code or non-reconstructive study aggregate/plot selected explicitly
R17/code/r16_snapshot/scripts/05_domain_adapt_v2.py,code,8637,620eff21f709d03e18f9d466c8d843bc3154871f42d9cd896419efed03b4cc11,R19 supplementary archive,published,research/r17/code/r16_snapshot/scripts/05_domain_adapt_v2.py,LICENSE_CODE; DATA_LICENSES.md,Author code or non-reconstructive study aggregate/plot selected explicitly
R17/code/r16_snapshot/scripts/06_noise_robustness.py,code,2983,f0fab4266065526e30545b7278dcdaac7b1d0ee3b40b8c286913c425a6d71f32,R19 supplementary archive,published,research/r17/code/r16_snapshot/scripts/06_noise_robustness.py,LICENSE_CODE; DATA_LICENSES.md,Author code or non-reconstructive study aggregate/plot selected explicitly
R17/code/r16_snapshot/scripts/07_lodo.py,code,1859,776a3fab02d610ea359cd8f1286fb1eff59f5e88c0ddb6f865acabf3261408b5,R19 supplementary archive,published,research/r17/code/r16_snapshot/scripts/07_lodo.py,LICENSE_CODE; DATA_LICENSES.md,Author code or non-reconstructive study aggregate/plot selected explicitly
R17/code/r16_snapshot/scripts/08_shap.py,code,2922,9e652907f3d25fb0b47d2ce02c6d225b25f60fa28c774337848da01ed501b74a,R19 supplementary archive,published,research/r17/code/r16_snapshot/scripts/08_shap.py,LICENSE_CODE; DATA_LICENSES.md,Author code or non-reconstructive study aggregate/plot selected explicitly
R17/code/r16_snapshot/scripts/09_case_study.py,code,3412,4454dca9dad5f3e14eb15fb486f1e12f864fb9710380b481f43850425b1723cb,R19 supplementary archive,published,research/r17/code/r16_snapshot/scripts/09_case_study.py,LICENSE_CODE; DATA_LICENSES.md,Author code or non-reconstructive study aggregate/plot selected explicitly
R17/code/r16_snapshot/scripts/10_domain_shift.py,code,2381,eb093edaa3dcf1e2e495546b3bed6e7260ccc0bf7e5ec49d5d567efecdfd3dfa,R19 supplementary archive,published,research/r17/code/r16_snapshot/scripts/10_domain_shift.py,LICENSE_CODE; DATA_LICENSES.md,Author code or non-reconstructive study aggregate/plot selected explicitly
R17/code/r16_snapshot/scripts/11_significance.py,code,3890,471517a297bceacaf62680367422a9bbc997f21a23b7fac3069c0a025f3fff42,R19 supplementary archive,published,research/r17/code/r16_snapshot/scripts/11_significance.py,LICENSE_CODE; DATA_LICENSES.md,Author code or non-reconstructive study aggregate/plot selected explicitly
R17/code/r16_snapshot/scripts/12_extras.py,code,3858,d8666ef1fca96fd2a2aa616fba8e738431d9ac09e368c09d244fb70bc36e79c9,R19 supplementary archive,published,research/r17/code/r16_snapshot/scripts/12_extras.py,LICENSE_CODE; DATA_LICENSES.md,Author code or non-reconstructive study aggregate/plot selected explicitly
R17/code/r16_snapshot/scripts/13_dl_latency.py,code,3943,beaaccae1a82f8eb8f3892271aaaaf81d9493556a22400ad6fa407308de58df2,R19 supplementary archive,published,research/r17/code/r16_snapshot/scripts/13_dl_latency.py,LICENSE_CODE; DATA_LICENSES.md,Author code or non-reconstructive study aggregate/plot selected explicitly
R17/code/r16_snapshot/scripts/14_adapter_ablation.py,code,4499,f9fb3595f4c9a04551200d0bd9d5860d461bced0aa2226196050a74e4faababd,R19 supplementary archive,published,research/r17/code/r16_snapshot/scripts/14_adapter_ablation.py,LICENSE_CODE; DATA_LICENSES.md,Author code or non-reconstructive study aggregate/plot selected explicitly
R17/code/r16_snapshot/scripts/15_loco.py,code,3609,1070615a9d94f9c6e089b5c85f2c4fa61d1d32b737170f719b06e14b03a9114a,R19 supplementary archive,published,research/r17/code/r16_snapshot/scripts/15_loco.py,LICENSE_CODE; DATA_LICENSES.md,Author code or non-reconstructive study aggregate/plot selected explicitly
R17/code/r16_snapshot/scripts/16_domain_invariant.py,code,10551,2c7a9e12084d6d896fcb2699518be1b81f46dbfd33ee98d87f3aef71148d6366,R19 supplementary archive,published,research/r17/code/r16_snapshot/scripts/16_domain_invariant.py,LICENSE_CODE; DATA_LICENSES.md,Author code or non-reconstructive study aggregate/plot selected explicitly
R17/code/r16_snapshot/scripts/17_game_di_eval.py,code,4894,4e3dabe21704c24494371090469ca386db9fcb5dd9c3c520fe78173a85cda08d,R19 supplementary archive,published,research/r17/code/r16_snapshot/scripts/17_game_di_eval.py,LICENSE_CODE; DATA_LICENSES.md,Author code or non-reconstructive study aggregate/plot selected explicitly
R17/code/r16_snapshot/scripts/18_tiv_remaining.py,code,16391,515a0736c586ce78c6c33b32c163ea29d585fdd86b535124ea999a36253531d2,R19 supplementary archive,published,research/r17/code/r16_snapshot/scripts/18_tiv_remaining.py,LICENSE_CODE; DATA_LICENSES.md,Author code or non-reconstructive study aggregate/plot selected explicitly
R17/code/r16_snapshot/scripts/19_baselines_all.py,code,6395,fcf84edd1ccdada24b80e9e9412b8de51da0777a44b3eb3f057e1d9ec56b8262,R19 supplementary archive,published,research/r17/code/r16_snapshot/scripts/19_baselines_all.py,LICENSE_CODE; DATA_LICENSES.md,Author code or non-reconstructive study aggregate/plot selected explicitly
R17/code/r16_snapshot/scripts/20_adapt_control.py,code,7410,299200d0091798a70ca67b81801c41e0c0723b5c0546c49204c332f15b450868,R19 supplementary archive,published,research/r17/code/r16_snapshot/scripts/20_adapt_control.py,LICENSE_CODE; DATA_LICENSES.md,Author code or non-reconstructive study aggregate/plot selected explicitly
R17/code/r16_snapshot/scripts/21_margin_sweep.py,code,6045,242ddfacfe24f27c45ea68d1ec910db249f1986f9539734b64eebcd1591f8287,R19 supplementary archive,published,research/r17/code/r16_snapshot/scripts/21_margin_sweep.py,LICENSE_CODE; DATA_LICENSES.md,Author code or non-reconstructive study aggregate/plot selected explicitly
R17/code/r16_snapshot/scripts/22_discard_audit.py,code,4248,904f749fc6b6e070dc4714f374a957fe867bcc015254f854c3f6b3eb0279b530,R19 supplementary archive,published,research/r17/code/r16_snapshot/scripts/22_discard_audit.py,LICENSE_CODE; DATA_LICENSES.md,Author code or non-reconstructive study aggregate/plot selected explicitly
R17/code/r16_snapshot/scripts/23_ood_ci.py,code,2913,cb86fca75c4804613f6c2418fd2fc253ff59564de2c27e92fa99b18dd8c4ac91,R19 supplementary archive,published,research/r17/code/r16_snapshot/scripts/23_ood_ci.py,LICENSE_CODE; DATA_LICENSES.md,Author code or non-reconstructive study aggregate/plot selected explicitly
R17/code/r16_snapshot/scripts/24_roadtype.py,code,4791,96182e7a41409893bda9efce7ec40b10e9449ad977a497df5d460202a919a974,R19 supplementary archive,published,research/r17/code/r16_snapshot/scripts/24_roadtype.py,LICENSE_CODE; DATA_LICENSES.md,Author code or non-reconstructive study aggregate/plot selected explicitly
R17/code/r16_snapshot/scripts/26_leakage_quant.py,code,7619,30d228fc0427eef66e2dc18916814a10d788c57318be881c29b32cf82baf44ea,R19 supplementary archive,published,research/r17/code/r16_snapshot/scripts/26_leakage_quant.py,LICENSE_CODE; DATA_LICENSES.md,Author code or non-reconstructive study aggregate/plot selected explicitly
R17/code/r16_snapshot/scripts/27_conventional_leakage.py,code,3663,58931ea384cfea1292e24dcbc2ff6483eac42492faf2c399462c450bc4b0aed6,R19 supplementary archive,published,research/r17/code/r16_snapshot/scripts/27_conventional_leakage.py,LICENSE_CODE; DATA_LICENSES.md,Author code or non-reconstructive study aggregate/plot selected explicitly
R17/code/r16_snapshot/scripts/28_horizon1.py,code,5004,dba301118e02eb729b848e1ff873d47b45f6e5b5ca93a19a5d1310b8c42e920c,R19 supplementary archive,published,research/r17/code/r16_snapshot/scripts/28_horizon1.py,LICENSE_CODE; DATA_LICENSES.md,Author code or non-reconstructive study aggregate/plot selected explicitly
R17/code/r16_snapshot/scripts/29_dataset_stats.py,code,2198,6fb68fc99d13f7afaabf63d224ef22e38493b9e0ed91638dc24952223994a743,R19 supplementary archive,published,research/r17/code/r16_snapshot/scripts/29_dataset_stats.py,LICENSE_CODE; DATA_LICENSES.md,Author code or non-reconstructive study aggregate/plot selected explicitly
R17/code/r16_snapshot/scripts/30_lodo7.py,code,1736,0eceed3b6d17a58ce7b80e27c7bf821d0d8908dee6c0b5b0fdf04c32c5526426,R19 supplementary archive,published,research/r17/code/r16_snapshot/scripts/30_lodo7.py,LICENSE_CODE; DATA_LICENSES.md,Author code or non-reconstructive study aggregate/plot selected explicitly
R17/code/r16_snapshot/scripts/31_simple_baselines.py,code,2751,439218196ba17ec9151ea3e5599ab261c3604a790579d880a0e424d513d4543e,R19 supplementary archive,published,research/r17/code/r16_snapshot/scripts/31_simple_baselines.py,LICENSE_CODE; DATA_LICENSES.md,Author code or non-reconstructive study aggregate/plot selected explicitly
R17/code/r16_snapshot/scripts/32_purity_auc.py,code,3982,d3eb54fcb343145f4be480fbbf1a21f319d3c37afd66b6bcabc2adaaa4a124f5,R19 supplementary archive,published,research/r17/code/r16_snapshot/scripts/32_purity_auc.py,LICENSE_CODE; DATA_LICENSES.md,Author code or non-reconstructive study aggregate/plot selected explicitly
R17/code/r16_snapshot/scripts/33_domain_confusion.py,code,2913,e4cd958241ffbbd4a91dd75a7cea1cf0722f9a36e84bc2dedb45b6185a2fbd5d,R19 supplementary archive,published,research/r17/code/r16_snapshot/scripts/33_domain_confusion.py,LICENSE_CODE; DATA_LICENSES.md,Author code or non-reconstructive study aggregate/plot selected explicitly
R17/code/r16_snapshot/scripts/34_coral.py,code,2530,3fc4e2fbe946fff11ff8b1c421341d307eb91b27a129c557bb0ad9709f1a0ad9,R19 supplementary archive,published,research/r17/code/r16_snapshot/scripts/34_coral.py,LICENSE_CODE; DATA_LICENSES.md,Author code or non-reconstructive study aggregate/plot selected explicitly
R17/code/r16_snapshot/scripts/35_table5_repro.py,code,9873,5ca3cb8147d4bba46a9df080ddaa2accb2ff625f653bf308333e3a4337a360ba,R19 supplementary archive,published,research/r17/code/r16_snapshot/scripts/35_table5_repro.py,LICENSE_CODE; DATA_LICENSES.md,Author code or non-reconstructive study aggregate/plot selected explicitly
R17/code/r16_snapshot/scripts/36_r15_revalidate.py,code,14270,9dc482257ae4d064efca62fd7324cb8d1c82527d8397e8b993b527c061d125dc,R19 supplementary archive,published,research/r17/code/r16_snapshot/scripts/36_r15_revalidate.py,LICENSE_CODE; DATA_LICENSES.md,Author code or non-reconstructive study aggregate/plot selected explicitly
R17/code/r16_snapshot/scripts/diag_purity_all.py,code,4741,d008e840091bb722cbedd730678b3b070309e7e754ecf89bcc157659f4d00cb2,R19 supplementary archive,published,research/r17/code/r16_snapshot/scripts/diag_purity_all.py,LICENSE_CODE; DATA_LICENSES.md,Author code or non-reconstructive study aggregate/plot selected explicitly
R17/code/r16_snapshot/scripts/diag_shortcut.py,code,6094,63481f809e09c48466f27392120b4637a3aba7be3f71a898ad3d22bce1e1831d,R19 supplementary archive,published,research/r17/code/r16_snapshot/scripts/diag_shortcut.py,LICENSE_CODE; DATA_LICENSES.md,Author code or non-reconstructive study aggregate/plot selected explicitly
R17/code/r16_snapshot/scripts/fig_gamedi_scatter.py,code,1683,62d19638ca5a139dd1c6deb940777ae928b38829e72f6950465aa5673dd47f34,R19 supplementary archive,published,research/r17/code/r16_snapshot/scripts/fig_gamedi_scatter.py,LICENSE_CODE; DATA_LICENSES.md,Author code or non-reconstructive study aggregate/plot selected explicitly
R17/code/r16_snapshot/scripts/fig_ieee.py,code,2907,4d540f827055eb5887bee4df3796fa80a085df68492f6cdf3647ca863f32013d,R19 supplementary archive,published,research/r17/code/r16_snapshot/scripts/fig_ieee.py,LICENSE_CODE; DATA_LICENSES.md,Author code or non-reconstructive study aggregate/plot selected explicitly
R17/code/r16_snapshot/scripts/fig_reliability_standalone.py,code,2609,bbb75f16ec51db2ab00ba8e1eb502d4fe017c9ec894ae05ce7ac729535e4e36c,R19 supplementary archive,published,research/r17/code/r16_snapshot/scripts/fig_reliability_standalone.py,LICENSE_CODE; DATA_LICENSES.md,Author code or non-reconstructive study aggregate/plot selected explicitly
R17/code/r16_snapshot/scripts/fig_shap_ieee.py,code,3290,59545773bccb2b0c21b8e45be905c757ff595454a9a38434d16dc6d8b2dede8d,R19 supplementary archive,published,research/r17/code/r16_snapshot/scripts/fig_shap_ieee.py,LICENSE_CODE; DATA_LICENSES.md,Author code or non-reconstructive study aggregate/plot selected explicitly
R17/code/r16_snapshot/scripts/sanity_game_di.py,code,3000,ed5239d4a200a1afecde8a3a4117fbf8096229a3d286284f88f6dfe89533d9ca,R19 supplementary archive,published,research/r17/code/r16_snapshot/scripts/sanity_game_di.py,LICENSE_CODE; DATA_LICENSES.md,Author code or non-reconstructive study aggregate/plot selected explicitly
R17/code/r16_snapshot/scripts/sanity_within.py,code,2115,c3271e8983d2e3c0033b10e12b274d4e3c8b9825c061133e4651eda8bbfdb904,R19 supplementary archive,published,research/r17/code/r16_snapshot/scripts/sanity_within.py,LICENSE_CODE; DATA_LICENSES.md,Author code or non-reconstructive study aggregate/plot selected explicitly
R17/code/r16_snapshot/src/__init__.py,code,0,e3b0c44298fc1c149afbf4c8996fb92427ae41e4649b934ca495991b7852b855,R19 supplementary archive,published,research/r17/code/r16_snapshot/src/__init__.py,LICENSE_CODE; DATA_LICENSES.md,Author code or non-reconstructive study aggregate/plot selected explicitly
R17/code/r16_snapshot/src/config.py,code,1731,25900f1f169aae03962385cb4a35adb7f1f7bd86274a19eb717323d1f431a543,R19 supplementary archive,published,research/r17/code/r16_snapshot/src/config.py,LICENSE_CODE; DATA_LICENSES.md,Author code or non-reconstructive study aggregate/plot selected explicitly
R17/code/r16_snapshot/src/data/__init__.py,code,0,e3b0c44298fc1c149afbf4c8996fb92427ae41e4649b934ca495991b7852b855,R19 supplementary archive,published,research/r17/code/r16_snapshot/src/data/__init__.py,LICENSE_CODE; DATA_LICENSES.md,Author code or non-reconstructive study aggregate/plot selected explicitly
R17/code/r16_snapshot/src/data/base_adapter.py,code,3366,0ec9980a7d07e14505f3726f6997629910cfd390bbfdd6a00c272a3ef7c4f66f,R19 supplementary archive,published,research/r17/code/r16_snapshot/src/data/base_adapter.py,LICENSE_CODE; DATA_LICENSES.md,Author code or non-reconstructive study aggregate/plot selected explicitly
R17/code/r16_snapshot/src/data/emt_adapter.py,code,5786,d34cf4a12ccb14b46cd893310820641451da00128d2365b750abab76a94bc063,R19 supplementary archive,published,research/r17/code/r16_snapshot/src/data/emt_adapter.py,LICENSE_CODE; DATA_LICENSES.md,Author code or non-reconstructive study aggregate/plot selected explicitly
R17/code/r16_snapshot/src/data/emt_annotations.py,code,1216,17c4518eabeffbbe60d618023a39027376b5fa46f336a0a0a59dc7f17d229cd4,R19 supplementary archive,published,research/r17/code/r16_snapshot/src/data/emt_annotations.py,LICENSE_CODE; DATA_LICENSES.md,Author code or non-reconstructive study aggregate/plot selected explicitly
R17/code/r16_snapshot/src/data/etri_adapter.py,code,3139,619dc98ab5150ace35cc0b7dfbd48f376a2440e740c0e61c8b0527ae4f3e29bd,R19 supplementary archive,published,research/r17/code/r16_snapshot/src/data/etri_adapter.py,LICENSE_CODE; DATA_LICENSES.md,Author code or non-reconstructive study aggregate/plot selected explicitly
R17/code/r16_snapshot/src/data/events.py,code,1100,4ea0e5281e667f26cb8c5c144ac3731d996a3e071c900f72202ca97491a2e012,R19 supplementary archive,published,research/r17/code/r16_snapshot/src/data/events.py,LICENSE_CODE; DATA_LICENSES.md,Author code or non-reconstructive study aggregate/plot selected explicitly
R17/code/r16_snapshot/src/data/exid_adapter.py,code,3530,61a9bc803c72ca1ebdf5de59a9fede17dde51fe2fc9dd4a918c4822611592000,R19 supplementary archive,published,research/r17/code/r16_snapshot/src/data/exid_adapter.py,LICENSE_CODE; DATA_LICENSES.md,Author code or non-reconstructive study aggregate/plot selected explicitly
R17/code/r16_snapshot/src/data/highd_adapter.py,code,2022,462b417e8d4e2ffa2a59023cbcb6d6e463a33c65e5e8bcf68ca3a2f297ea795c,R19 supplementary archive,published,research/r17/code/r16_snapshot/src/data/highd_adapter.py,LICENSE_CODE; DATA_LICENSES.md,Author code or non-reconstructive study aggregate/plot selected explicitly
R17/code/r16_snapshot/src/data/mitra_adapter.py,code,2642,546de976dfea10a6a2501a52e2540b0346daecd6a1f09a88239c633cd115db4d,R19 supplementary archive,published,research/r17/code/r16_snapshot/src/data/mitra_adapter.py,LICENSE_CODE; DATA_LICENSES.md,Author code or non-reconstructive study aggregate/plot selected explicitly
R17/code/r16_snapshot/src/data/ngsim_adapter.py,code,2050,c35dcd79dc3650b6967884a8babd421f0ffbfdf0a77ec194da7bcc23de35469f,R19 supplementary archive,published,research/r17/code/r16_snapshot/src/data/ngsim_adapter.py,LICENSE_CODE; DATA_LICENSES.md,Author code or non-reconstructive study aggregate/plot selected explicitly
R17/code/r16_snapshot/src/data/schema.py,code,1000,1ec10eac08d958bf3fad52f301a9622e7737147e9dccd4f35e8133fc5276a562,R19 supplementary archive,published_derivative,research/r17/code/r16_snapshot/src/data/schema.py,LICENSE_CODE; DATA_LICENSES.md,Author code or non-reconstructive study aggregate/plot selected explicitly
R17/code/r16_snapshot/src/data/unid_adapter.py,code,2424,bc6eabad715d4d960ad9eddb06c9818065613f8cc1612ce95ba53d5541392031,R19 supplementary archive,published,research/r17/code/r16_snapshot/src/data/unid_adapter.py,LICENSE_CODE; DATA_LICENSES.md,Author code or non-reconstructive study aggregate/plot selected explicitly
R17/code/r16_snapshot/src/features/__init__.py,code,0,e3b0c44298fc1c149afbf4c8996fb92427ae41e4649b934ca495991b7852b855,R19 supplementary archive,published,research/r17/code/r16_snapshot/src/features/__init__.py,LICENSE_CODE; DATA_LICENSES.md,Author code or non-reconstructive study aggregate/plot selected explicitly
R17/code/r16_snapshot/src/features/game_core.py,code,16588,4e39538cb0f81ce45c2a13adcd154235b529472d09da9668279aa91421149b05,R19 supplementary archive,published,research/r17/code/r16_snapshot/src/features/game_core.py,LICENSE_CODE; DATA_LICENSES.md,Author code or non-reconstructive study aggregate/plot selected explicitly
R17/code/r16_snapshot/src/features/game_core_di.py,code,12494,b18f587d0aa54e6448b14b933a18c67a8af6fd89c09919359411d3e9cce4555e,R19 supplementary archive,published,research/r17/code/r16_snapshot/src/features/game_core_di.py,LICENSE_CODE; DATA_LICENSES.md,Author code or non-reconstructive study aggregate/plot selected explicitly
R17/code/r16_snapshot/src/features/game_theory.py,code,4505,dfe2f431daecc153fa74de2fc0a1b012a0be2a4e244ed95426421554ed95afa0,R19 supplementary archive,published,research/r17/code/r16_snapshot/src/features/game_theory.py,LICENSE_CODE; DATA_LICENSES.md,Author code or non-reconstructive study aggregate/plot selected explicitly
R17/code/r16_snapshot/src/features/game_theory_di.py,code,3386,d848c9c857f284e729d813d3b8b873344aa19dcb9ab73488dc35000211d8645a,R19 supplementary archive,published,research/r17/code/r16_snapshot/src/features/game_theory_di.py,LICENSE_CODE; DATA_LICENSES.md,Author code or non-reconstructive study aggregate/plot selected explicitly
R17/code/r16_snapshot/src/features/kinematic.py,code,8127,35af5233752038645aaa159a89a1785aad1f4af83e5f5694a8dd5ee4c3c119c8,R19 supplementary archive,published,research/r17/code/r16_snapshot/src/features/kinematic.py,LICENSE_CODE; DATA_LICENSES.md,Author code or non-reconstructive study aggregate/plot selected explicitly
R17/code/r16_snapshot/src/features/roadframe.py,code,6041,ca709890ad97ee24c01ea289461e26afc794fa98586f441a457652e13119e49a,R19 supplementary archive,published,research/r17/code/r16_snapshot/src/features/roadframe.py,LICENSE_CODE; DATA_LICENSES.md,Author code or non-reconstructive study aggregate/plot selected explicitly
R17/code/r16_snapshot/src/features/sampling.py,code,6607,8da0257f6a1a02bdd39623cd69e034c2d8ae2a1b007c201f357085610a72d0e0,R19 supplementary archive,published_derivative,research/r17/code/r16_snapshot/src/features/sampling.py,LICENSE_CODE; DATA_LICENSES.md,Author code or non-reconstructive study aggregate/plot selected explicitly
R17/code/r16_snapshot/src/models/__init__.py,code,0,e3b0c44298fc1c149afbf4c8996fb92427ae41e4649b934ca495991b7852b855,R19 supplementary archive,published,research/r17/code/r16_snapshot/src/models/__init__.py,LICENSE_CODE; DATA_LICENSES.md,Author code or non-reconstructive study aggregate/plot selected explicitly
R17/code/r16_snapshot/src/models/baselines.py,code,8632,f025452300133775670f98b273363617fd5e752b3e09f5567f4107e96ea54410,R19 supplementary archive,published,research/r17/code/r16_snapshot/src/models/baselines.py,LICENSE_CODE; DATA_LICENSES.md,Author code or non-reconstructive study aggregate/plot selected explicitly
R17/code/r16_snapshot/src/models/metrics.py,code,1279,9ad9e362a6d8f53306e9a26f22c680372c6455a46c34a04201ad3b886f764e3e,R19 supplementary archive,published,research/r17/code/r16_snapshot/src/models/metrics.py,LICENSE_CODE; DATA_LICENSES.md,Author code or non-reconstructive study aggregate/plot selected explicitly
R17/code/r16_snapshot/src/models/train.py,code,1930,c77236fec4a34c168c7a08e6ca69581073c0ece3951c9bf68ce60b85d0ca178e,R19 supplementary archive,published,research/r17/code/r16_snapshot/src/models/train.py,LICENSE_CODE; DATA_LICENSES.md,Author code or non-reconstructive study aggregate/plot selected explicitly
R17/code/r16_snapshot/tests/test_recording_boundaries.py,code,3669,7894acee6a990f246f6e7a52687af18d0719cdeb3e5b3c300aa0208d09cafb2a,R19 supplementary archive,published,research/r17/code/r16_snapshot/tests/test_recording_boundaries.py,LICENSE_CODE; DATA_LICENSES.md,Author code or non-reconstructive study aggregate/plot selected explicitly
R17/code/recalculate_bootstrap_v1.py,code,3431,e32e410ae3702e37ca33d629b04e6abffabb5c82ca99faa73acc13b44b2646ff,R19 supplementary archive,published,research/r17/code/recalculate_bootstrap_v1.py,LICENSE_CODE; DATA_LICENSES.md,Author code or non-reconstructive study aggregate/plot selected explicitly
R17/code/recalculate_metrics_v1.py,code,1478,7e7cd1b39bd1fd64bec33ca594a1137b7252dea26b51dd25ed07fdf4764ca05f,R19 supplementary archive,published,research/r17/code/recalculate_metrics_v1.py,LICENSE_CODE; DATA_LICENSES.md,Author code or non-reconstructive study aggregate/plot selected explicitly
R17/code/run_A_v1.py,code,7179,ac9ed369666b810a3cba524c3e753ad500fb7b187d87bbd18268d3bfdf2d022a,R19 supplementary archive,published,research/r17/code/run_A_v1.py,LICENSE_CODE; DATA_LICENSES.md,Author code or non-reconstructive study aggregate/plot selected explicitly
R17/code/run_B_v1.py,code,4910,49209a8c5f2ded3a894bba5c5c5488c8d3c002008592d0f40a1fc57426249b75,R19 supplementary archive,published,research/r17/code/run_B_v1.py,LICENSE_CODE; DATA_LICENSES.md,Author code or non-reconstructive study aggregate/plot selected explicitly
R17/code/run_C_v1.py,code,11683,ac144ed795c028438e8dffbddbb9d2273631e3d389c20e517357ca356f745df1,R19 supplementary archive,published,research/r17/code/run_C_v1.py,LICENSE_CODE; DATA_LICENSES.md,Author code or non-reconstructive study aggregate/plot selected explicitly
R17/code/run_D_v1.py,reference,5911,32cfdbf7ef5a8c35da4a4771374a17c4853e49186d7de912623222039abc9d13,R19 supplementary archive,excluded,,docs/PROVENANCE.md,Not a current public input: duplicate/historical/internal verification material; selected counterparts or documented workflow provided
R17/code/test_R17_v1.py,reference,1680,01033c22a6bfad389a81888f7e3789fd9eaff47017e49102f9dd66487b74b9d5,R19 supplementary archive,excluded,,docs/PROVENANCE.md,Not a current public input: duplicate/historical/internal verification material; selected counterparts or documented workflow provided
R17/code/test_R17_v2.py,code,1729,24ac8b4dc8cc93448dbf8fe59585b3852d0880b4da9bd8da05c8b464c1f10790,R19 supplementary archive,published,research/r17/code/test_R17_v2.py,LICENSE_CODE; DATA_LICENSES.md,Author code or non-reconstructive study aggregate/plot selected explicitly
R17/configs/A1_recording_full48_s0.json,config_with_group_ids,5940,9ddbc034f5c670c4033d78d30125123d0ec33a96cd40924cc59a640f5a639ce8,R19 supplementary archive,pending_rights,,DATA_LICENSES.md,Config includes selected recording/vehicle membership; hyperparameters described without membership
R17/configs/A1_recording_full48_s1.json,config_with_group_ids,5941,64d51d5c91fc48ffb0c6186c89d595adc2902435336957c36af1317affd6b3c4,R19 supplementary archive,pending_rights,,DATA_LICENSES.md,Config includes selected recording/vehicle membership; hyperparameters described without membership
R17/configs/A1_recording_full48_s42.json,config_with_group_ids,5943,2f8b74f03d700a0621f03a69c365fd319e6522b49406209a1dd3676004c938ed,R19 supplementary archive,pending_rights,,DATA_LICENSES.md,Config includes selected recording/vehicle membership; hyperparameters described without membership
R17/configs/A2_physical_recording_exiD_s0_f0.1_continuation.json,config_with_group_ids,39711,ce988448f806a1c2330b419417f7eee6eb13bb858da0d4210694b6fa0dacddd6,R19 supplementary archive,pending_rights,,DATA_LICENSES.md,Config includes selected recording/vehicle membership; hyperparameters described without membership
R17/configs/A2_physical_recording_exiD_s0_f0.1_target_only.json,config_with_group_ids,39632,a465555894baae4ace0278944c576fdbc946dfc8c3768d019bb7dfdeb8f7fecd,R19 supplementary archive,pending_rights,,DATA_LICENSES.md,Config includes selected recording/vehicle membership; hyperparameters described without membership
R17/configs/A2_physical_recording_exiD_s0_f0.2_continuation.json,config_with_group_ids,72974,dadbb811bbd98bc1a07272fbd651b05adb1abcf2f40eea2532e219ef2126506f,R19 supplementary archive,pending_rights,,DATA_LICENSES.md,Config includes selected recording/vehicle membership; hyperparameters described without membership
R17/configs/A2_physical_recording_exiD_s0_f0.2_target_only.json,config_with_group_ids,72895,4f6e50674d403143021561cc2ebc1084b87739d6edd4d70c92798906d6e7cf57,R19 supplementary archive,pending_rights,,DATA_LICENSES.md,Config includes selected recording/vehicle membership; hyperparameters described without membership
R17/configs/A2_physical_recording_exiD_s0_f0.4_continuation.json,config_with_group_ids,139502,24364a0e117b20682550174e3c714219ee99ce7c98f2a0156096eabc69db9c73,R19 supplementary archive,pending_rights,,DATA_LICENSES.md,Config includes selected recording/vehicle membership; hyperparameters described without membership
R17/configs/A2_physical_recording_exiD_s0_f0.4_target_only.json,config_with_group_ids,139423,8ceee51b6a98da2ee2abcd3a5a6fa4bdb5d44575360436be6a1b384dd49ec8c6,R19 supplementary archive,pending_rights,,DATA_LICENSES.md,Config includes selected recording/vehicle membership; hyperparameters described without membership
R17/configs/A2_physical_recording_exiD_s0_f0.6_continuation.json,config_with_group_ids,206100,897072ceb9155a333c3df7b96ae2855e29930da5007fae7170828da4a7e3abe7,R19 supplementary archive,pending_rights,,DATA_LICENSES.md,Config includes selected recording/vehicle membership; hyperparameters described without membership
R17/configs/A2_physical_recording_exiD_s0_f0.6_target_only.json,config_with_group_ids,206021,6febca5ed6f5cd436f6289894425649db82765f914dbb232e140ce5f8a9e9abf,R19 supplementary archive,pending_rights,,DATA_LICENSES.md,Config includes selected recording/vehicle membership; hyperparameters described without membership
R17/configs/A2_physical_recording_exiD_s0_f1.0_continuation.json,config_with_group_ids,339236,ede3495adcc5b14ecc6210cf4efd7e5a3b18155bf52566b0638fba09f483650b,R19 supplementary archive,pending_rights,,DATA_LICENSES.md,Config includes selected recording/vehicle membership; hyperparameters described without membership
R17/configs/A2_physical_recording_exiD_s0_f1.0_target_only.json,config_with_group_ids,339157,9b9577bc0f17dc26325660a1244857bc9b93ad28593f701dc2035e3876b5f80c,R19 supplementary archive,pending_rights,,DATA_LICENSES.md,Config includes selected recording/vehicle membership; hyperparameters described without membership
R17/configs/A2_physical_recording_exiD_s0_nested_groups.json,sample_array_or_model,766141,41912a902d3761f779bf11dd959dc1dd555bf73481049f2c1560b73ac20d2e74,R19 supplementary archive,pending_rights,,DATA_LICENSES.md provider-specific links,Keyed samples/labels/features or learned source-derived contents: applicable redistribution/non-reconstruction and mixed-license scope not established; preserve privately
R17/configs/A2_physical_recording_exiD_s1_f0.1_continuation.json,config_with_group_ids,35909,e4c37b8dd53f06dc583640f96ac88dfc384e26b896c1f77bc43b7f84d22ec3cd,R19 supplementary archive,pending_rights,,DATA_LICENSES.md,Config includes selected recording/vehicle membership; hyperparameters described without membership
R17/configs/A2_physical_recording_exiD_s1_f0.1_target_only.json,config_with_group_ids,35830,b567fa874e9d3d7279e8548de9e4f51bd7aac7faab78bd5dc2e0651acf4b1612,R19 supplementary archive,pending_rights,,DATA_LICENSES.md,Config includes selected recording/vehicle membership; hyperparameters described without membership
R17/configs/A2_physical_recording_exiD_s1_f0.2_continuation.json,config_with_group_ids,65445,e1efad49ff004a9b3d9a61406a6a53323bc93684f051ae0b07cf847a18e33c24,R19 supplementary archive,pending_rights,,DATA_LICENSES.md,Config includes selected recording/vehicle membership; hyperparameters described without membership
R17/configs/A2_physical_recording_exiD_s1_f0.2_target_only.json,config_with_group_ids,65366,0b815050260614e9ffe5da337e1c55ff978ddbf6408390ff1a7e272a4e3908e6,R19 supplementary archive,pending_rights,,DATA_LICENSES.md,Config includes selected recording/vehicle membership; hyperparameters described without membership
R17/configs/A2_physical_recording_exiD_s1_f0.4_continuation.json,config_with_group_ids,124357,5c2b4fc650b2c237d64489a35de8e6849ecbdcc9b237125b72f30fe810329dc7,R19 supplementary archive,pending_rights,,DATA_LICENSES.md,Config includes selected recording/vehicle membership; hyperparameters described without membership
R17/configs/A2_physical_recording_exiD_s1_f0.4_target_only.json,config_with_group_ids,124278,c0c8502d27be37bc60ade8114af4f878c25dd17c792f528e1386953f12ccabb0,R19 supplementary archive,pending_rights,,DATA_LICENSES.md,Config includes selected recording/vehicle membership; hyperparameters described without membership
R17/configs/A2_physical_recording_exiD_s1_f0.6_continuation.json,config_with_group_ids,183312,eb5f4addd962480d8b4b827eab4c2a5a372b9da56a75e3ff287fdaf1fc6e5f98,R19 supplementary archive,pending_rights,,DATA_LICENSES.md,Config includes selected recording/vehicle membership; hyperparameters described without membership
R17/configs/A2_physical_recording_exiD_s1_f0.6_target_only.json,config_with_group_ids,183233,1ba68b7a4900be1d84094cae3ea059cd9f6c1e958d3ae26a5939a7adf3890fe0,R19 supplementary archive,pending_rights,,DATA_LICENSES.md,Config includes selected recording/vehicle membership; hyperparameters described without membership
R17/configs/A2_physical_recording_exiD_s1_f1.0_continuation.json,config_with_group_ids,301175,9425b6c61b37796345f83b167ea732b6506ec590bf7898ef3e13ad8d64731b63,R19 supplementary archive,pending_rights,,DATA_LICENSES.md,Config includes selected recording/vehicle membership; hyperparameters described without membership
R17/configs/A2_physical_recording_exiD_s1_f1.0_target_only.json,config_with_group_ids,301096,ee884e942612a069fe4b07fa00f14b054bf4dbc108684f49825a9c9249405f4b,R19 supplementary archive,pending_rights,,DATA_LICENSES.md,Config includes selected recording/vehicle membership; hyperparameters described without membership
R17/configs/A2_physical_recording_exiD_s1_nested_groups.json,sample_array_or_model,678802,00cb15829de9f2dc5e1d2f6d315a5b30f46f8b61cf74ea47866cca132954af6d,R19 supplementary archive,pending_rights,,DATA_LICENSES.md provider-specific links,Keyed samples/labels/features or learned source-derived contents: applicable redistribution/non-reconstruction and mixed-license scope not established; preserve privately
R17/configs/A2_physical_recording_exiD_s42_f0.1_continuation.json,config_with_group_ids,43480,1c2d6d8232edb35b478d604b5f44ff5d989f8c0a507511cb849e359a64b095ab,R19 supplementary archive,pending_rights,,DATA_LICENSES.md,Config includes selected recording/vehicle membership; hyperparameters described without membership
R17/configs/A2_physical_recording_exiD_s42_f0.1_target_only.json,config_with_group_ids,43400,323b72f9dbf524c292076d808a4bd4b8970caf885318ad265f83c36497d94ab4,R19 supplementary archive,pending_rights,,DATA_LICENSES.md,Config includes selected recording/vehicle membership; hyperparameters described without membership
R17/configs/A2_physical_recording_exiD_s42_f0.2_continuation.json,config_with_group_ids,80534,7e6e5f7513b3e9d03c27267afd80600bff7a183607a7523b7b970dc5f25f7664,R19 supplementary archive,pending_rights,,DATA_LICENSES.md,Config includes selected recording/vehicle membership; hyperparameters described without membership
R17/configs/A2_physical_recording_exiD_s42_f0.2_target_only.json,config_with_group_ids,80454,46cd5adf78be0b93031389d739708e63ebf60b1b98130bc5e331a6697f66bcf5,R19 supplementary archive,pending_rights,,DATA_LICENSES.md,Config includes selected recording/vehicle membership; hyperparameters described without membership
R17/configs/A2_physical_recording_exiD_s42_f0.4_continuation.json,config_with_group_ids,154567,8d413c598e8dfa6d35895d940bc424685da87639b8588ebd92c796bed4bc7674,R19 supplementary archive,pending_rights,,DATA_LICENSES.md,Config includes selected recording/vehicle membership; hyperparameters described without membership
R17/configs/A2_physical_recording_exiD_s42_f0.4_target_only.json,config_with_group_ids,154487,98d9f6cfcb2dbe30e7d0a289c1b5d642edd3f8a532308bef62aa91e39cff5ad6,R19 supplementary archive,pending_rights,,DATA_LICENSES.md,Config includes selected recording/vehicle membership; hyperparameters described without membership
R17/configs/A2_physical_recording_exiD_s42_f0.6_continuation.json,config_with_group_ids,228568,73ac66e60906577eadf54d7093d1ae0776fce8915662e252667e70f5c0d6523f,R19 supplementary archive,pending_rights,,DATA_LICENSES.md,Config includes selected recording/vehicle membership; hyperparameters described without membership
R17/configs/A2_physical_recording_exiD_s42_f0.6_target_only.json,config_with_group_ids,228488,12cf0551dcc27d619e87629442b1f3bc7e413a21feeaea7abc15f4576bde7e4f,R19 supplementary archive,pending_rights,,DATA_LICENSES.md,Config includes selected recording/vehicle membership; hyperparameters described without membership
R17/configs/A2_physical_recording_exiD_s42_f1.0_continuation.json,config_with_group_ids,376539,7c6a0c26b3a375af29b066d407003bcf2f14c9b0e4276b37a24e8fca16b816cf,R19 supplementary archive,pending_rights,,DATA_LICENSES.md,Config includes selected recording/vehicle membership; hyperparameters described without membership
R17/configs/A2_physical_recording_exiD_s42_f1.0_target_only.json,config_with_group_ids,376459,f58909f701d099a3ea1a91a3a2ce26c6571cd9b8465822b980d6245013f78a90,R19 supplementary archive,pending_rights,,DATA_LICENSES.md,Config includes selected recording/vehicle membership; hyperparameters described without membership
R17/configs/A2_physical_recording_exiD_s42_nested_groups.json,sample_array_or_model,852276,1fcf873e702cb2ebd080aa38a494657579ca34c7be3cf4a2f739d57a9a030a68,R19 supplementary archive,pending_rights,,DATA_LICENSES.md provider-specific links,Keyed samples/labels/features or learned source-derived contents: applicable redistribution/non-reconstruction and mixed-license scope not established; preserve privately
R17/configs/A2_recording_ETRI_s0_f0.1_continuation.json,config_with_group_ids,6279,e1a890f76d289e4c660702998fff7da8e0d04197f5034d275860f0c21f3492b3,R19 supplementary archive,pending_rights,,DATA_LICENSES.md,Config includes selected recording/vehicle membership; hyperparameters described without membership
R17/configs/A2_recording_ETRI_s0_f0.1_target_only.json,config_with_group_ids,6200,ad0254114241154f3c1b99041edab15ca9d0ff364803e440989cec98dcc6dd21,R19 supplementary archive,pending_rights,,DATA_LICENSES.md,Config includes selected recording/vehicle membership; hyperparameters described without membership
R17/configs/A2_recording_ETRI_s0_f0.2_continuation.json,config_with_group_ids,6378,c20d654f521485efa8838d28cc6937e4fb6b45d9b53b63818b31edc8716415e3,R19 supplementary archive,pending_rights,,DATA_LICENSES.md,Config includes selected recording/vehicle membership; hyperparameters described without membership
R17/configs/A2_recording_ETRI_s0_f0.2_target_only.json,config_with_group_ids,6299,483726bae5f6b486b9730913c55971548777fcf3f8a86c507721d2ac4046aab6,R19 supplementary archive,pending_rights,,DATA_LICENSES.md,Config includes selected recording/vehicle membership; hyperparameters described without membership
R17/configs/A2_recording_ETRI_s0_f0.4_continuation.json,config_with_group_ids,6575,14ea69a1b6dc2c2e2de0286e35d5ad3e7cf9fccb1fbea2ca1456efa76a822e2e,R19 supplementary archive,pending_rights,,DATA_LICENSES.md,Config includes selected recording/vehicle membership; hyperparameters described without membership
R17/configs/A2_recording_ETRI_s0_f0.4_target_only.json,config_with_group_ids,6496,2bdb18d504bbd64d2a88b6a491531eec19f76d0aa7d04fb8e212151dca4c128f,R19 supplementary archive,pending_rights,,DATA_LICENSES.md,Config includes selected recording/vehicle membership; hyperparameters described without membership
R17/configs/A2_recording_ETRI_s0_f0.6_continuation.json,config_with_group_ids,6751,57ff0fc95a5667d11d310e342b5d96193585fc0fc49dd107da03ceb710fe3582,R19 supplementary archive,pending_rights,,DATA_LICENSES.md,Config includes selected recording/vehicle membership; hyperparameters described without membership
R17/configs/A2_recording_ETRI_s0_f0.6_target_only.json,config_with_group_ids,6672,b6bcd3d3785cceaa31dc7af33b4a12f1db9e92b5f6cec9b47ebbc28196bf7874,R19 supplementary archive,pending_rights,,DATA_LICENSES.md,Config includes selected recording/vehicle membership; hyperparameters described without membership
R17/configs/A2_recording_ETRI_s0_f1.0_continuation.json,config_with_group_ids,7147,ce65bc5f2d8f9329f92c48edef7f5cc65b36bf9d78764c950b469ec59afb5a19,R19 supplementary archive,pending_rights,,DATA_LICENSES.md,Config includes selected recording/vehicle membership; hyperparameters described without membership
R17/configs/A2_recording_ETRI_s0_f1.0_target_only.json,config_with_group_ids,7068,5d95197677ac582c8e3c378f8529f438dbee86f1d0a034422238a2f536b5ef46,R19 supplementary archive,pending_rights,,DATA_LICENSES.md,Config includes selected recording/vehicle membership; hyperparameters described without membership
R17/configs/A2_recording_ETRI_s0_nested_groups.json,sample_array_or_model,3182,e900a0e6567e0c8fa576af024b7ddd30672d85338f470f156ed9d67fff1dc192,R19 supplementary archive,pending_rights,,DATA_LICENSES.md provider-specific links,Keyed samples/labels/features or learned source-derived contents: applicable redistribution/non-reconstruction and mixed-license scope not established; preserve privately
R17/configs/A2_recording_ETRI_s1_f0.1_continuation.json,config_with_group_ids,6279,d5a27d685ec2fe6b0dfe9356afb3c97263a06df9a7b7d8c6d4757f01dc98b3b9,R19 supplementary archive,pending_rights,,DATA_LICENSES.md,Config includes selected recording/vehicle membership; hyperparameters described without membership
R17/configs/A2_recording_ETRI_s1_f0.1_target_only.json,config_with_group_ids,6200,a3f686e2ecf34aa7c141840fd9948032615df5766cedafa0f43cb1cbc7ecb698,R19 supplementary archive,pending_rights,,DATA_LICENSES.md,Config includes selected recording/vehicle membership; hyperparameters described without membership
R17/configs/A2_recording_ETRI_s1_f0.2_continuation.json,config_with_group_ids,6378,4079e073131a67d100e45ae74b331f0d68bed6ac5d732e5b56ed26aa62810f8c,R19 supplementary archive,pending_rights,,DATA_LICENSES.md,Config includes selected recording/vehicle membership; hyperparameters described without membership
R17/configs/A2_recording_ETRI_s1_f0.2_target_only.json,config_with_group_ids,6299,a61f6f0909606af9310c5c27dfd6877495e0255ad8fec5133c8f15c6ed898deb,R19 supplementary archive,pending_rights,,DATA_LICENSES.md,Config includes selected recording/vehicle membership; hyperparameters described without membership
R17/configs/A2_recording_ETRI_s1_f0.4_continuation.json,config_with_group_ids,6576,0a593d55ea1c7e3cd49c69ebfbc8b37e10ae32458db13106d867cbc56f4e5ac2,R19 supplementary archive,pending_rights,,DATA_LICENSES.md,Config includes selected recording/vehicle membership; hyperparameters described without membership
R17/configs/A2_recording_ETRI_s1_f0.4_target_only.json,config_with_group_ids,6497,ed7e8c021c17e3e3b3fe828bb9390b7a41f3cca44b4044cf74feeb9c807add4f,R19 supplementary archive,pending_rights,,DATA_LICENSES.md,Config includes selected recording/vehicle membership; hyperparameters described without membership
R17/configs/A2_recording_ETRI_s1_f0.6_continuation.json,config_with_group_ids,6755,011e7d291387fe41cd09c038c3b74a405278c26b0aecf9ecb7940ae45061d10f,R19 supplementary archive,pending_rights,,DATA_LICENSES.md,Config includes selected recording/vehicle membership; hyperparameters described without membership
R17/configs/A2_recording_ETRI_s1_f0.6_target_only.json,config_with_group_ids,6676,4da969438b55b4d1a8c7c917cd421e529605f128a91dc0fbab7b7d435debe35e,R19 supplementary archive,pending_rights,,DATA_LICENSES.md,Config includes selected recording/vehicle membership; hyperparameters described without membership
R17/configs/A2_recording_ETRI_s1_f1.0_continuation.json,config_with_group_ids,7147,933989e1c099f60b8ee270a5ca390edcce3e76aa2d29ece9bbbf74e49c288493,R19 supplementary archive,pending_rights,,DATA_LICENSES.md,Config includes selected recording/vehicle membership; hyperparameters described without membership
R17/configs/A2_recording_ETRI_s1_f1.0_target_only.json,config_with_group_ids,7068,734250f4e1377c0c39809a37492809c729f665fc847c4c7011fcacd46a21f254,R19 supplementary archive,pending_rights,,DATA_LICENSES.md,Config includes selected recording/vehicle membership; hyperparameters described without membership
R17/configs/A2_recording_ETRI_s1_nested_groups.json,sample_array_or_model,3187,e27d2a9acac32d723c6a9e4086f7d2d5a822a3becaf9ea2bcf81d8f4720f3c95,R19 supplementary archive,pending_rights,,DATA_LICENSES.md provider-specific links,Keyed samples/labels/features or learned source-derived contents: applicable redistribution/non-reconstruction and mixed-license scope not established; preserve privately
R17/configs/A2_recording_ETRI_s42_f0.1_continuation.json,config_with_group_ids,6302,6ec555451d14d295ca06f4416ed53730ec6fc9cfc9e5a8dac51a52211234bd84,R19 supplementary archive,pending_rights,,DATA_LICENSES.md,Config includes selected recording/vehicle membership; hyperparameters described without membership
R17/configs/A2_recording_ETRI_s42_f0.1_target_only.json,config_with_group_ids,6222,fbb250e3622ac2f252932a0caf73829afc85eff296e7a5969b8d351fe91fb276,R19 supplementary archive,pending_rights,,DATA_LICENSES.md,Config includes selected recording/vehicle membership; hyperparameters described without membership
R17/configs/A2_recording_ETRI_s42_f0.2_continuation.json,config_with_group_ids,6403,1fdb0fdd386ef5c3e8c2efd78eefb38f24519c2d9a74f101ef94215485b41d86,R19 supplementary archive,pending_rights,,DATA_LICENSES.md,Config includes selected recording/vehicle membership; hyperparameters described without membership
R17/configs/A2_recording_ETRI_s42_f0.2_target_only.json,config_with_group_ids,6323,93f499229626515d58c4702ffba7b28e501fb687e499ec32c818b5991aa720dd,R19 supplementary archive,pending_rights,,DATA_LICENSES.md,Config includes selected recording/vehicle membership; hyperparameters described without membership
R17/configs/A2_recording_ETRI_s42_f0.4_continuation.json,config_with_group_ids,6601,6117239592b6aadd4616944ba50923eae7559280d5cc6bf6235ef4862b53c9a7,R19 supplementary archive,pending_rights,,DATA_LICENSES.md,Config includes selected recording/vehicle membership; hyperparameters described without membership
R17/configs/A2_recording_ETRI_s42_f0.4_target_only.json,config_with_group_ids,6521,210806f0bffd883f80264b1d3a349793858f0f05d52a33adaa0de77214162996,R19 supplementary archive,pending_rights,,DATA_LICENSES.md,Config includes selected recording/vehicle membership; hyperparameters described without membership
R17/configs/A2_recording_ETRI_s42_f0.6_continuation.json,config_with_group_ids,6815,d5e7c6f49df06a57b9dc647d42d5ced7d6e212d6ac88a502b78a35f23db87bbc,R19 supplementary archive,pending_rights,,DATA_LICENSES.md,Config includes selected recording/vehicle membership; hyperparameters described without membership
R17/configs/A2_recording_ETRI_s42_f0.6_target_only.json,config_with_group_ids,6735,752d399725a10b6519e2edcac7a6b31ee6d0f2465c6a51fdfb456aefdd50bb31,R19 supplementary archive,pending_rights,,DATA_LICENSES.md,Config includes selected recording/vehicle membership; hyperparameters described without membership
R17/configs/A2_recording_ETRI_s42_f1.0_continuation.json,config_with_group_ids,7226,a0b5e24b2805e9a6f43f1c2c5e7888d384acc84b8aa42e7ecbfb0b1a90cc3a95,R19 supplementary archive,pending_rights,,DATA_LICENSES.md,Config includes selected recording/vehicle membership; hyperparameters described without membership
R17/configs/A2_recording_ETRI_s42_f1.0_target_only.json,config_with_group_ids,7146,cd9d82a8bdecdb7e9fc3a95b02dd8a5dbb5dad3985ae1882c1f0b8ca60fe3622,R19 supplementary archive,pending_rights,,DATA_LICENSES.md,Config includes selected recording/vehicle membership; hyperparameters described without membership
R17/configs/A2_recording_ETRI_s42_nested_groups.json,sample_array_or_model,3379,120d417cf90de36dcb708a6d35faea8ef06b8d4f031b4d07cdb66e61f3581c32,R19 supplementary archive,pending_rights,,DATA_LICENSES.md provider-specific links,Keyed samples/labels/features or learned source-derived contents: applicable redistribution/non-reconstruction and mixed-license scope not established; preserve privately
R17/configs/A2_recording_exiD_s0_f0.1_continuation.json,config_with_group_ids,38824,31460c42c1e1a6bf8885ed9b79c3cf46a51865a20b74b646410a105e44728391,R19 supplementary archive,pending_rights,,DATA_LICENSES.md,Config includes selected recording/vehicle membership; hyperparameters described without membership
R17/configs/A2_recording_exiD_s0_f0.1_target_only.json,config_with_group_ids,38745,00e05c47a44cb7ab1737fc6a231d0d18a1c9a8adbb0f62bb751626a5cf8c195f,R19 supplementary archive,pending_rights,,DATA_LICENSES.md,Config includes selected recording/vehicle membership; hyperparameters described without membership
R17/configs/A2_recording_exiD_s0_f0.2_continuation.json,config_with_group_ids,70901,8bac015a1e5ea854aedbfb8de8abce949331308c4dffe52debfe4bf94334100e,R19 supplementary archive,pending_rights,,DATA_LICENSES.md,Config includes selected recording/vehicle membership; hyperparameters described without membership
R17/configs/A2_recording_exiD_s0_f0.2_target_only.json,config_with_group_ids,70822,937221934fe35146116cab5b01f18ef2695e2e34a0da94cc235479d598ff066a,R19 supplementary archive,pending_rights,,DATA_LICENSES.md,Config includes selected recording/vehicle membership; hyperparameters described without membership
R17/configs/A2_recording_exiD_s0_f0.4_continuation.json,config_with_group_ids,135054,b89e250393d2e52fd2a62086c3ba3b77ff99b91f5f5fbbbcf273b45b183c2486,R19 supplementary archive,pending_rights,,DATA_LICENSES.md,Config includes selected recording/vehicle membership; hyperparameters described without membership
R17/configs/A2_recording_exiD_s0_f0.4_target_only.json,config_with_group_ids,134975,f690d7d9070b718be92185c00759f136fa242b780d544a0a4c7e606e0cafe919,R19 supplementary archive,pending_rights,,DATA_LICENSES.md,Config includes selected recording/vehicle membership; hyperparameters described without membership
R17/configs/A2_recording_exiD_s0_f0.6_continuation.json,config_with_group_ids,199231,f44b9cda605d8a3b78a60c5e5070e10a775bc2d106551c861ce2430684840a04,R19 supplementary archive,pending_rights,,DATA_LICENSES.md,Config includes selected recording/vehicle membership; hyperparameters described without membership
R17/configs/A2_recording_exiD_s0_f0.6_target_only.json,config_with_group_ids,199152,f68a11db409efe07af8937607b3d18148dd5d1fe122b738949038d653649375a,R19 supplementary archive,pending_rights,,DATA_LICENSES.md,Config includes selected recording/vehicle membership; hyperparameters described without membership
R17/configs/A2_recording_exiD_s0_f1.0_continuation.json,config_with_group_ids,327565,3a28be6eb9bd2eeb1792e27ed7ad18bda199616bb005cfb1fd55d2c4760f4af5,R19 supplementary archive,pending_rights,,DATA_LICENSES.md,Config includes selected recording/vehicle membership; hyperparameters described without membership
R17/configs/A2_recording_exiD_s0_f1.0_target_only.json,config_with_group_ids,327486,e4162b540f8ec4dad657e62ed3dd55d8674af729ce82cf5f56fe05fb18968b0a,R19 supplementary archive,pending_rights,,DATA_LICENSES.md,Config includes selected recording/vehicle membership; hyperparameters described without membership
R17/configs/A2_recording_exiD_s0_nested_groups.json,sample_array_or_model,738663,df13499ea8069f6202927c81cc9a7aefc41c8b4cd66dec20ce89670f7549ed34,R19 supplementary archive,pending_rights,,DATA_LICENSES.md provider-specific links,Keyed samples/labels/features or learned source-derived contents: applicable redistribution/non-reconstruction and mixed-license scope not established; preserve privately
R17/configs/A2_recording_exiD_s1_f0.1_continuation.json,config_with_group_ids,39125,5310fdc671fac76fb8f6c8291b0daf19e3033ecde5df31bd7ac0129160453e2a,R19 supplementary archive,pending_rights,,DATA_LICENSES.md,Config includes selected recording/vehicle membership; hyperparameters described without membership
R17/configs/A2_recording_exiD_s1_f0.1_target_only.json,config_with_group_ids,39046,244ab5a4eb522290ea46abdd595a4df46137eb463657c076fd62ada1963ebb3c,R19 supplementary archive,pending_rights,,DATA_LICENSES.md,Config includes selected recording/vehicle membership; hyperparameters described without membership
R17/configs/A2_recording_exiD_s1_f0.2_continuation.json,config_with_group_ids,71478,10cdf3e908ce38704e20e92181ce275a5e355acff41101778811af35ab19ae64,R19 supplementary archive,pending_rights,,DATA_LICENSES.md,Config includes selected recording/vehicle membership; hyperparameters described without membership
R17/configs/A2_recording_exiD_s1_f0.2_target_only.json,config_with_group_ids,71399,b24e182f4c278963b2700cacfa32c66ef88915e3160b1b544fe55c58f32b654d,R19 supplementary archive,pending_rights,,DATA_LICENSES.md,Config includes selected recording/vehicle membership; hyperparameters described without membership
R17/configs/A2_recording_exiD_s1_f0.4_continuation.json,config_with_group_ids,136274,d7515229cbd7795ecc68a24a64ff400f7364bdca7f60b06bfa328a475ff1a263,R19 supplementary archive,pending_rights,,DATA_LICENSES.md,Config includes selected recording/vehicle membership; hyperparameters described without membership
R17/configs/A2_recording_exiD_s1_f0.4_target_only.json,config_with_group_ids,136195,d664a7a763da2a253f742935e7aaac6def3d7bb7a093a4e7d8a966071aaddb5f,R19 supplementary archive,pending_rights,,DATA_LICENSES.md,Config includes selected recording/vehicle membership; hyperparameters described without membership
R17/configs/A2_recording_exiD_s1_f0.6_continuation.json,config_with_group_ids,201086,8fdc86564226d53b46d588a5d21b62f530a25530d6481519bb7c52de99a29d16,R19 supplementary archive,pending_rights,,DATA_LICENSES.md,Config includes selected recording/vehicle membership; hyperparameters described without membership
R17/configs/A2_recording_exiD_s1_f0.6_target_only.json,config_with_group_ids,201007,9a65f8b50f2e6902c569d49ce1d5edb02061cbc0d55413690f4724ef89060472,R19 supplementary archive,pending_rights,,DATA_LICENSES.md,Config includes selected recording/vehicle membership; hyperparameters described without membership
R17/configs/A2_recording_exiD_s1_f1.0_continuation.json,config_with_group_ids,330724,de5b5d96584776140121619422691d523112daf3ffec5887a2ea9b9d5972f12e,R19 supplementary archive,pending_rights,,DATA_LICENSES.md,Config includes selected recording/vehicle membership; hyperparameters described without membership
R17/configs/A2_recording_exiD_s1_f1.0_target_only.json,config_with_group_ids,330645,a94807f2b7fd5019730e8f89778b4c7b6c5258640e6ebfefd25807d1449c4f83,R19 supplementary archive,pending_rights,,DATA_LICENSES.md,Config includes selected recording/vehicle membership; hyperparameters described without membership
R17/configs/A2_recording_exiD_s1_nested_groups.json,sample_array_or_model,745816,a5b5c613af65bd06dfc7f7324f846d2763917b111461e24b6ff43204f3a11270,R19 supplementary archive,pending_rights,,DATA_LICENSES.md provider-specific links,Keyed samples/labels/features or learned source-derived contents: applicable redistribution/non-reconstruction and mixed-license scope not established; preserve privately
R17/configs/A2_recording_exiD_s42_f0.1_continuation.json,config_with_group_ids,42393,7a588d2ea91fc8a9237f5aab7f61e4df3dfc4f8a442766a94601ca26b0d287c3,R19 supplementary archive,pending_rights,,DATA_LICENSES.md,Config includes selected recording/vehicle membership; hyperparameters described without membership
R17/configs/A2_recording_exiD_s42_f0.1_target_only.json,config_with_group_ids,42313,30e87cabcf3eedd03f318d2cbffb8f5845aa52a4e042807e2a8c90d485a2fbb4,R19 supplementary archive,pending_rights,,DATA_LICENSES.md,Config includes selected recording/vehicle membership; hyperparameters described without membership
R17/configs/A2_recording_exiD_s42_f0.2_continuation.json,config_with_group_ids,78043,78c8e46cd9a8057cf68eccb0b1cbf0cc23ed283eb06de1d0116633102708a41e,R19 supplementary archive,pending_rights,,DATA_LICENSES.md,Config includes selected recording/vehicle membership; hyperparameters described without membership
R17/configs/A2_recording_exiD_s42_f0.2_target_only.json,config_with_group_ids,77963,49e6efe422a4acfab520638704a36cdbea5dd31aeacd0d269dbe2d635a4aaa0d,R19 supplementary archive,pending_rights,,DATA_LICENSES.md,Config includes selected recording/vehicle membership; hyperparameters described without membership
R17/configs/A2_recording_exiD_s42_f0.4_continuation.json,config_with_group_ids,149175,a5d9a4f7bcc6e612b0d5610db8a5a372024d6d62ce6ac8d0c1ef3171aefd4cb6,R19 supplementary archive,pending_rights,,DATA_LICENSES.md,Config includes selected recording/vehicle membership; hyperparameters described without membership
R17/configs/A2_recording_exiD_s42_f0.4_target_only.json,config_with_group_ids,149095,ffbd35be370caa66b17b3aa6b1833d4bd6bc41d66f89a438dd747a47dda32611,R19 supplementary archive,pending_rights,,DATA_LICENSES.md,Config includes selected recording/vehicle membership; hyperparameters described without membership
R17/configs/A2_recording_exiD_s42_f0.6_continuation.json,config_with_group_ids,220465,471a2aaebe655913fb04942b06c59d622a24a8819f0f2162e0f53112d46739b0,R19 supplementary archive,pending_rights,,DATA_LICENSES.md,Config includes selected recording/vehicle membership; hyperparameters described without membership
R17/configs/A2_recording_exiD_s42_f0.6_target_only.json,config_with_group_ids,220385,4be9ad3e75e05baed10682b4d70d786fb264d568fcd183b5b2fd2d5a195a52b9,R19 supplementary archive,pending_rights,,DATA_LICENSES.md,Config includes selected recording/vehicle membership; hyperparameters described without membership
R17/configs/A2_recording_exiD_s42_f1.0_continuation.json,config_with_group_ids,362886,1e08e8c6f53b5a03d46daf4f74d07ff811431c6eb0d57a67d4f82c988ae7a175,R19 supplementary archive,pending_rights,,DATA_LICENSES.md,Config includes selected recording/vehicle membership; hyperparameters described without membership
R17/configs/A2_recording_exiD_s42_f1.0_target_only.json,config_with_group_ids,362806,01a4c1528cd3813262ebbb950ed7dfeb656262b453a04e31edcef174a3993cb9,R19 supplementary archive,pending_rights,,DATA_LICENSES.md,Config includes selected recording/vehicle membership; hyperparameters described without membership
R17/configs/A2_recording_exiD_s42_nested_groups.json,sample_array_or_model,820025,1d39ebbdc191935153534afeb7562d3c0274e9873abb1344e6c9cda0d1bc7505,R19 supplementary archive,pending_rights,,DATA_LICENSES.md provider-specific links,Keyed samples/labels/features or learned source-derived contents: applicable redistribution/non-reconstruction and mixed-license scope not established; preserve privately
R17/configs/A2_recording_uniD_s0_f0.1_continuation.json,config_with_group_ids,12121,a16b8e66fa7fdca30b8adad2c8fd73ead3d9980969b4c6b05284144fc827d2b6,R19 supplementary archive,pending_rights,,DATA_LICENSES.md,Config includes selected recording/vehicle membership; hyperparameters described without membership
R17/configs/A2_recording_uniD_s0_f0.1_target_only.json,config_with_group_ids,12042,1420176e21d4568c12285e645b8ad929a5e4083c5635d4fc80b9f509cbc8fa5b,R19 supplementary archive,pending_rights,,DATA_LICENSES.md,Config includes selected recording/vehicle membership; hyperparameters described without membership
R17/configs/A2_recording_uniD_s0_f0.2_continuation.json,config_with_group_ids,18005,7ef3c29469eeb0d226af3a5fb5a9e9bdde6d85ee8ef3c799c63cf69fcd5c3fe2,R19 supplementary archive,pending_rights,,DATA_LICENSES.md,Config includes selected recording/vehicle membership; hyperparameters described without membership
R17/configs/A2_recording_uniD_s0_f0.2_target_only.json,config_with_group_ids,17926,762040f73c7a441c57b6a8259a0476d271554637c8fc256e6f3f9d9a5b8cd2aa,R19 supplementary archive,pending_rights,,DATA_LICENSES.md,Config includes selected recording/vehicle membership; hyperparameters described without membership
R17/configs/A2_recording_uniD_s0_f0.4_continuation.json,config_with_group_ids,29784,641ff697bde7b7bc7152d3d5fdc65ed21f7f8b1202aff0b6fb5321fd0c3f6668,R19 supplementary archive,pending_rights,,DATA_LICENSES.md,Config includes selected recording/vehicle membership; hyperparameters described without membership
R17/configs/A2_recording_uniD_s0_f0.4_target_only.json,config_with_group_ids,29705,96e4238f68d499cc0c30e1c40771b4826e64ad397954f6d3777c94aa7a81868b,R19 supplementary archive,pending_rights,,DATA_LICENSES.md,Config includes selected recording/vehicle membership; hyperparameters described without membership
R17/configs/A2_recording_uniD_s0_f0.6_continuation.json,config_with_group_ids,41587,34175f8033e8a59d570602c69419e4c9a6731bba8ff359c348db78309f3a181c,R19 supplementary archive,pending_rights,,DATA_LICENSES.md,Config includes selected recording/vehicle membership; hyperparameters described without membership
R17/configs/A2_recording_uniD_s0_f0.6_target_only.json,config_with_group_ids,41508,3e9b1be464a009e7756578d846353fd119916c210d586577ded2d465485c4b56,R19 supplementary archive,pending_rights,,DATA_LICENSES.md,Config includes selected recording/vehicle membership; hyperparameters described without membership
R17/configs/A2_recording_uniD_s0_f1.0_continuation.json,config_with_group_ids,65191,f62a75637c569be8523c312ade1a9e9499f486f889e050a0b2fcc1611dbe694c,R19 supplementary archive,pending_rights,,DATA_LICENSES.md,Config includes selected recording/vehicle membership; hyperparameters described without membership
R17/configs/A2_recording_uniD_s0_f1.0_target_only.json,config_with_group_ids,65112,e6239cb182736054b4bb4f5865db13145c4ec0cca4202b29b8d3b928e8e27d0c,R19 supplementary archive,pending_rights,,DATA_LICENSES.md,Config includes selected recording/vehicle membership; hyperparameters described without membership
R17/configs/A2_recording_uniD_s0_nested_groups.json,sample_array_or_model,136636,55e196c91ad358cac8b8c15a23f00a5190230f6501961cbfd6438759c1971cd1,R19 supplementary archive,pending_rights,,DATA_LICENSES.md provider-specific links,Keyed samples/labels/features or learned source-derived contents: applicable redistribution/non-reconstruction and mixed-license scope not established; preserve privately
R17/configs/A2_recording_uniD_s1_f0.1_continuation.json,config_with_group_ids,12399,e91034de3814030d8ea3a5b16cc19b5e0179aaa8777a058f73de538518328710,R19 supplementary archive,pending_rights,,DATA_LICENSES.md,Config includes selected recording/vehicle membership; hyperparameters described without membership
R17/configs/A2_recording_uniD_s1_f0.1_target_only.json,config_with_group_ids,12320,5b5fab3d7216e1b016aabf7e96dbe590db9e576357b50f8c569a01c5c9938611,R19 supplementary archive,pending_rights,,DATA_LICENSES.md,Config includes selected recording/vehicle membership; hyperparameters described without membership
R17/configs/A2_recording_uniD_s1_f0.2_continuation.json,config_with_group_ids,18588,db3cf94accdddc6eb9357c05eceaef7f42bfb7c6466d9b49d92226cc98e8528b,R19 supplementary archive,pending_rights,,DATA_LICENSES.md,Config includes selected recording/vehicle membership; hyperparameters described without membership
R17/configs/A2_recording_uniD_s1_f0.2_target_only.json,config_with_group_ids,18509,18504e81ba25f71f8ab101f91a15fb86804e715909a80d6ea154455eb5e3cd2c,R19 supplementary archive,pending_rights,,DATA_LICENSES.md,Config includes selected recording/vehicle membership; hyperparameters described without membership
R17/configs/A2_recording_uniD_s1_f0.4_continuation.json,config_with_group_ids,30981,12f4c2501c333fba47059cbdd711f1f3bce82efa021f192710daedc5032df159,R19 supplementary archive,pending_rights,,DATA_LICENSES.md,Config includes selected recording/vehicle membership; hyperparameters described without membership
R17/configs/A2_recording_uniD_s1_f0.4_target_only.json,config_with_group_ids,30902,368a2baa7276ad3e065b2ebf33cf6bd00056460d9446e1f5aa3b8d6f26e5b4b8,R19 supplementary archive,pending_rights,,DATA_LICENSES.md,Config includes selected recording/vehicle membership; hyperparameters described without membership
R17/configs/A2_recording_uniD_s1_f0.6_continuation.json,config_with_group_ids,43333,09d6a603a9a5d9852590aa27d07758c21eec83d2dab3dd483b2b230061c5771f,R19 supplementary archive,pending_rights,,DATA_LICENSES.md,Config includes selected recording/vehicle membership; hyperparameters described without membership
R17/configs/A2_recording_uniD_s1_f0.6_target_only.json,config_with_group_ids,43254,0a3a661460f4710d1c63c969e0fc4bc0849cf29e083b7aa089b31ef7d0b7e12a,R19 supplementary archive,pending_rights,,DATA_LICENSES.md,Config includes selected recording/vehicle membership; hyperparameters described without membership
R17/configs/A2_recording_uniD_s1_f1.0_continuation.json,config_with_group_ids,68053,8f3df79bd00beebca7f15404058cf1cac7703570dc490209df6722cfd1ac9ac8,R19 supplementary archive,pending_rights,,DATA_LICENSES.md,Config includes selected recording/vehicle membership; hyperparameters described without membership
R17/configs/A2_recording_uniD_s1_f1.0_target_only.json,config_with_group_ids,67974,b5ea2c695e21833f7ff3a51baa042faf585611352664fdeeded1dcb3fddae7b6,R19 supplementary archive,pending_rights,,DATA_LICENSES.md,Config includes selected recording/vehicle membership; hyperparameters described without membership
R17/configs/A2_recording_uniD_s1_nested_groups.json,sample_array_or_model,143306,38ac8aab36d4eb7a5c2c6b9d3def0b3868b2bec89f438c4abe2bbc81242220d8,R19 supplementary archive,pending_rights,,DATA_LICENSES.md provider-specific links,Keyed samples/labels/features or learned source-derived contents: applicable redistribution/non-reconstruction and mixed-license scope not established; preserve privately
R17/configs/A2_recording_uniD_s42_f0.1_continuation.json,config_with_group_ids,13179,aee826c609d832ddcef259930d1f4fa87a59f0e36337e0dded7fe7977f29ad08,R19 supplementary archive,pending_rights,,DATA_LICENSES.md,Config includes selected recording/vehicle membership; hyperparameters described without membership
R17/configs/A2_recording_uniD_s42_f0.1_target_only.json,config_with_group_ids,13099,d4b12b190390537ea833ac0b34f4dcbfcb08a7e39846ef31e88a0e0b64c1c0e8,R19 supplementary archive,pending_rights,,DATA_LICENSES.md,Config includes selected recording/vehicle membership; hyperparameters described without membership
R17/configs/A2_recording_uniD_s42_f0.2_continuation.json,config_with_group_ids,20177,63880f27ef7a2b2f301116189a18313076371b0669fdff9fa9eca44c72df3967,R19 supplementary archive,pending_rights,,DATA_LICENSES.md,Config includes selected recording/vehicle membership; hyperparameters described without membership
R17/configs/A2_recording_uniD_s42_f0.2_target_only.json,config_with_group_ids,20097,01be662cee3362152f0ebf714dd769dbb9bc7fa900095da5e34f493a4f3bc3f0,R19 supplementary archive,pending_rights,,DATA_LICENSES.md,Config includes selected recording/vehicle membership; hyperparameters described without membership
R17/configs/A2_recording_uniD_s42_f0.4_continuation.json,config_with_group_ids,34141,4661e6f431a0355ad68247ebcc657eff1020a18ee61e737e8bbad78a868075c7,R19 supplementary archive,pending_rights,,DATA_LICENSES.md,Config includes selected recording/vehicle membership; hyperparameters described without membership
R17/configs/A2_recording_uniD_s42_f0.4_target_only.json,config_with_group_ids,34061,fd29ba467a37552b2adcc42c707fc4974d2bf525884e9b63a4b161a688f3004e,R19 supplementary archive,pending_rights,,DATA_LICENSES.md,Config includes selected recording/vehicle membership; hyperparameters described without membership
R17/configs/A2_recording_uniD_s42_f0.6_continuation.json,config_with_group_ids,48130,edff09595d043e5f4f6bf765e20a175b631572eb6145cbd7ce6331e2aa847bff,R19 supplementary archive,pending_rights,,DATA_LICENSES.md,Config includes selected recording/vehicle membership; hyperparameters described without membership
R17/configs/A2_recording_uniD_s42_f0.6_target_only.json,config_with_group_ids,48050,cecf81da278290103a04f1757a80943a717fc7d0b64729a73b505396ebec457f,R19 supplementary archive,pending_rights,,DATA_LICENSES.md,Config includes selected recording/vehicle membership; hyperparameters described without membership
R17/configs/A2_recording_uniD_s42_f1.0_continuation.json,config_with_group_ids,76052,86fcb46e62efff88d457b53c14e1f590b138878fae5735679ad05d97862f58fa,R19 supplementary archive,pending_rights,,DATA_LICENSES.md,Config includes selected recording/vehicle membership; hyperparameters described without membership
R17/configs/A2_recording_uniD_s42_f1.0_target_only.json,config_with_group_ids,75972,938376f663d753eaad22181408bd1effff3bc05bb9986921bb6b2aeed6ace7de,R19 supplementary archive,pending_rights,,DATA_LICENSES.md,Config includes selected recording/vehicle membership; hyperparameters described without membership
R17/configs/A2_recording_uniD_s42_nested_groups.json,sample_array_or_model,161606,c3bbdc5bd0ddbee8c0db710a722002999f9e36ad67c99f19954029111050d52d,R19 supplementary archive,pending_rights,,DATA_LICENSES.md provider-specific links,Keyed samples/labels/features or learned source-derived contents: applicable redistribution/non-reconstruction and mixed-license scope not established; preserve privately
R17/configs/A2_source_all_s0.json,config_with_group_ids,4794,ea17fb50ab5ae0d608cce3dd9039dbbf5979eef6646a12239be50dda5b502538,R19 supplementary archive,pending_rights,,DATA_LICENSES.md,Config includes selected recording/vehicle membership; hyperparameters described without membership
R17/configs/A2_source_all_s1.json,config_with_group_ids,4794,23743469d36d6f7e7b64aac7f0548b1728be3a2dea484348634f082cefd62aac,R19 supplementary archive,pending_rights,,DATA_LICENSES.md,Config includes selected recording/vehicle membership; hyperparameters described without membership
R17/configs/A2_source_all_s42.json,config_with_group_ids,4796,204bc8c3983c2cf5e291f48e407919e09a806f4a276489fda9963eae6fa9e38d,R19 supplementary archive,pending_rights,,DATA_LICENSES.md,Config includes selected recording/vehicle membership; hyperparameters described without membership
R17/configs/B_sample_ids.csv,sample_array_or_model,669,8921badc0461690bc810f7af76a8ff0fe77e8dc2fce8e1673ee02af0667e6002,R19 supplementary archive,pending_rights,,DATA_LICENSES.md provider-specific links,Keyed samples/labels/features or learned source-derived contents: applicable redistribution/non-reconstruction and mixed-license scope not established; preserve privately
R17/configs/code_freeze_A_v1.json,aggregate_or_figure,3948,3b6670ee3083213514d7966232e54cf96f1d4cebacce620e028f9da0d65c1024,R19 supplementary archive,published,research/r17/configs/code_freeze_A_v1.json,LICENSE_CODE; DATA_LICENSES.md,Author code or non-reconstructive study aggregate/plot selected explicitly
R17/configs/code_freeze_B_v1.json,reference,1185,5eac9e528db7d3381aa808b8cb72280730c7b23569acddf7264aa64aff77d1b9,R19 supplementary archive,excluded,,docs/PROVENANCE.md,Not a current public input: duplicate/historical/internal verification material; selected counterparts or documented workflow provided
R17/configs/code_freeze_C_v1.json,reference,644,7b9aed458e448cf220d672cc583c31f54ea52da54195e13539f28c92a99a272c,R19 supplementary archive,excluded,,docs/PROVENANCE.md,Not a current public input: duplicate/historical/internal verification material; selected counterparts or documented workflow provided
R17/configs/code_freeze_D_v1.json,reference,550,d939e364ef3e71f96a24002fc1868f267a6d62a9c72363a00c8e86bebca9e711,R19 supplementary archive,excluded,,docs/PROVENANCE.md,Not a current public input: duplicate/historical/internal verification material; selected counterparts or documented workflow provided
R17/configs/code_freeze_package_v1.json,reference,170,55e486941dce44bb1a67deaa4e7037b38bc4b045f420b44c61b48bd4559d3da7,R19 supplementary archive,excluded,,docs/PROVENANCE.md,Not a current public input: duplicate/historical/internal verification material; selected counterparts or documented workflow provided
R17/configs/code_freeze_package_v2.json,reference,170,563af4de94b8a7bbab26750d2d15813eea1e87baba12ab596fb1a17d505c04b2,R19 supplementary archive,excluded,,docs/PROVENANCE.md,Not a current public input: duplicate/historical/internal verification material; selected counterparts or documented workflow provided
R17/configs/code_freeze_portable_bootstrap_v1.json,reference,228,3d6e3128cb71ec96bb6c6d4571f9ba6d875d4097093d2bec512a566320e9fdb6,R19 supplementary archive,excluded,,docs/PROVENANCE.md,Not a current public input: duplicate/historical/internal verification material; selected counterparts or documented workflow provided
R17/configs/code_freeze_portable_metrics_v1.json,reference,141,c826d1e801fd2c4d15795cf53d57861ee3b2edee8f716a9495635b32e68851af,R19 supplementary archive,excluded,,docs/PROVENANCE.md,Not a current public input: duplicate/historical/internal verification material; selected counterparts or documented workflow provided
R17/configs/environment.json,reference,4020,da4c745b9abf4a695186b6f77d11f55cf6c47a9f339b8a6e4e12d896b22b65ab,R19 supplementary archive,excluded,,docs/PROVENANCE.md,Not a current public input: duplicate/historical/internal verification material; selected counterparts or documented workflow provided
R17/configs/inputs_sha256.csv,reference,648,6f143e846708829f35012499357ad46467b1335353899b26f93d858eb013de2b,R19 supplementary archive,excluded,,docs/PROVENANCE.md,Not a current public input: duplicate/historical/internal verification material; selected counterparts or documented workflow provided
R17/configs/pip_freeze.txt,reference,22119,e9da6f1403f5ff2f3e9ce816331d5711f4b03f5b2443d55860ff848e2cce4d79,R19 supplementary archive,excluded,,docs/PROVENANCE.md,Not a current public input: duplicate/historical/internal verification material; selected counterparts or documented workflow provided
R17/configs/request.md,reference,16076,d7915888ea5f7b0aa5ada8065d3268617524e7b614784375c1e6ca91d074533a,R19 supplementary archive,excluded,,docs/PROVENANCE.md,Not a current public input: duplicate/historical/internal verification material; selected counterparts or documented workflow provided
R17/configs/start.json,reference,544,46e6ea6637306a84315066fde69a7ef0406eab1d07140da32a39df50a8d2c1c7,R19 supplementary archive,excluded,,docs/PROVENANCE.md,Not a current public input: duplicate/historical/internal verification material; selected counterparts or documented workflow provided
R17/models/A1_recording_full48_s0_median.csv,sample_array_or_model,1280,9c7b10040459f64b8e0f6ad855a326f13fcd38da4bdcc9f7ac524b178876603e,R19 supplementary archive,pending_rights,,DATA_LICENSES.md provider-specific links,Keyed samples/labels/features or learned source-derived contents: applicable redistribution/non-reconstruction and mixed-license scope not established; preserve privately
R17/models/A1_recording_full48_s1_median.csv,sample_array_or_model,1247,46d33c06a3bd2b36be930cb1349e44a7f0251110e85015debfebdfb86951be64,R19 supplementary archive,pending_rights,,DATA_LICENSES.md provider-specific links,Keyed samples/labels/features or learned source-derived contents: applicable redistribution/non-reconstruction and mixed-license scope not established; preserve privately
R17/models/A1_recording_full48_s42.ubj,sample_array_or_model,1945489,4a9220f3a5df18898b1f919355b0bfc8d3c08e41fce0c20f401c92c2f5c249d9,R19 supplementary archive,pending_rights,,DATA_LICENSES.md provider-specific links,Mixed-source checkpoint: highD non-commercial abstract-derivative conditions and NGSIM CC BY-SA/MiTra CC BY scope require compatibility clarification; no blanket model prohibition claimed.
R17/models/A1_recording_full48_s42_median.csv,sample_array_or_model,1265,2d8d4d4a197a5303bf3eaf1852ebd15b972c3f0496cf4b088e820bb5012559d7,R19 supplementary archive,pending_rights,,DATA_LICENSES.md provider-specific links,Keyed samples/labels/features or learned source-derived contents: applicable redistribution/non-reconstruction and mixed-license scope not established; preserve privately
R17/models/A2_physical_recording_exiD_s0_f0.1_continuation_median.csv,sample_array_or_model,1281,45feb91c79c9209dc6542998870b9f6d86e758cc00ddb55efbf1f344b507c583,R19 supplementary archive,pending_rights,,DATA_LICENSES.md provider-specific links,Keyed samples/labels/features or learned source-derived contents: applicable redistribution/non-reconstruction and mixed-license scope not established; preserve privately
R17/models/A2_physical_recording_exiD_s0_f0.1_target_only_median.csv,sample_array_or_model,1185,b2c80535dd46bc498229e0a51e7a394f24820acf9d63e09363ce5b9a43335d1b,R19 supplementary archive,pending_rights,,DATA_LICENSES.md provider-specific links,Keyed samples/labels/features or learned source-derived contents: applicable redistribution/non-reconstruction and mixed-license scope not established; preserve privately
R17/models/A2_physical_recording_exiD_s0_f0.2_continuation_median.csv,sample_array_or_model,1281,45feb91c79c9209dc6542998870b9f6d86e758cc00ddb55efbf1f344b507c583,R19 supplementary archive,pending_rights,,DATA_LICENSES.md provider-specific links,Keyed samples/labels/features or learned source-derived contents: applicable redistribution/non-reconstruction and mixed-license scope not established; preserve privately
R17/models/A2_physical_recording_exiD_s0_f0.2_target_only_median.csv,sample_array_or_model,1172,d0f1d9112992e002c0f2b7b68c8f5c57bcd214c699e4bd6ce35cc385b69cc58d,R19 supplementary archive,pending_rights,,DATA_LICENSES.md provider-specific links,Keyed samples/labels/features or learned source-derived contents: applicable redistribution/non-reconstruction and mixed-license scope not established; preserve privately
R17/models/A2_physical_recording_exiD_s0_f0.4_continuation_median.csv,sample_array_or_model,1281,45feb91c79c9209dc6542998870b9f6d86e758cc00ddb55efbf1f344b507c583,R19 supplementary archive,pending_rights,,DATA_LICENSES.md provider-specific links,Keyed samples/labels/features or learned source-derived contents: applicable redistribution/non-reconstruction and mixed-license scope not established; preserve privately
R17/models/A2_physical_recording_exiD_s0_f0.4_target_only_median.csv,sample_array_or_model,1120,fa5d603386b6777847508e9750e7c3c84d8b43aa6776364469439050368e6c8a,R19 supplementary archive,pending_rights,,DATA_LICENSES.md provider-specific links,Keyed samples/labels/features or learned source-derived contents: applicable redistribution/non-reconstruction and mixed-license scope not established; preserve privately
R17/models/A2_physical_recording_exiD_s0_f0.6_continuation_median.csv,sample_array_or_model,1281,45feb91c79c9209dc6542998870b9f6d86e758cc00ddb55efbf1f344b507c583,R19 supplementary archive,pending_rights,,DATA_LICENSES.md provider-specific links,Keyed samples/labels/features or learned source-derived contents: applicable redistribution/non-reconstruction and mixed-license scope not established; preserve privately
R17/models/A2_physical_recording_exiD_s0_f0.6_target_only_median.csv,sample_array_or_model,1143,f2744ed22b9c859c6fb4c9bd61547388a30cbfbe9c2b82c932b4dc94c980c41d,R19 supplementary archive,pending_rights,,DATA_LICENSES.md provider-specific links,Keyed samples/labels/features or learned source-derived contents: applicable redistribution/non-reconstruction and mixed-license scope not established; preserve privately
R17/models/A2_physical_recording_exiD_s0_f1.0_continuation_median.csv,sample_array_or_model,1281,45feb91c79c9209dc6542998870b9f6d86e758cc00ddb55efbf1f344b507c583,R19 supplementary archive,pending_rights,,DATA_LICENSES.md provider-specific links,Keyed samples/labels/features or learned source-derived contents: applicable redistribution/non-reconstruction and mixed-license scope not established; preserve privately
R17/models/A2_physical_recording_exiD_s0_f1.0_target_only_median.csv,sample_array_or_model,1183,03e9798d7896231d13b589217d9300a8ef1a1ed1fa6efd3059107e99c506e612,R19 supplementary archive,pending_rights,,DATA_LICENSES.md provider-specific links,Keyed samples/labels/features or learned source-derived contents: applicable redistribution/non-reconstruction and mixed-license scope not established; preserve privately
R17/models/A2_physical_recording_exiD_s1_f0.1_continuation_median.csv,sample_array_or_model,1281,45feb91c79c9209dc6542998870b9f6d86e758cc00ddb55efbf1f344b507c583,R19 supplementary archive,pending_rights,,DATA_LICENSES.md provider-specific links,Keyed samples/labels/features or learned source-derived contents: applicable redistribution/non-reconstruction and mixed-license scope not established; preserve privately
R17/models/A2_physical_recording_exiD_s1_f0.1_target_only_median.csv,sample_array_or_model,1182,84bbd36efe6e9384b5ed3bc85054230acb8bfd52c166c117befb4d930bffce56,R19 supplementary archive,pending_rights,,DATA_LICENSES.md provider-specific links,Keyed samples/labels/features or learned source-derived contents: applicable redistribution/non-reconstruction and mixed-license scope not established; preserve privately
R17/models/A2_physical_recording_exiD_s1_f0.2_continuation_median.csv,sample_array_or_model,1281,45feb91c79c9209dc6542998870b9f6d86e758cc00ddb55efbf1f344b507c583,R19 supplementary archive,pending_rights,,DATA_LICENSES.md provider-specific links,Keyed samples/labels/features or learned source-derived contents: applicable redistribution/non-reconstruction and mixed-license scope not established; preserve privately
R17/models/A2_physical_recording_exiD_s1_f0.2_target_only_median.csv,sample_array_or_model,1186,13f86d9feeac5057e0e80ea5c5ecb3b0b3fb9881b1d0996eba6ccb9007394b59,R19 supplementary archive,pending_rights,,DATA_LICENSES.md provider-specific links,Keyed samples/labels/features or learned source-derived contents: applicable redistribution/non-reconstruction and mixed-license scope not established; preserve privately
R17/models/A2_physical_recording_exiD_s1_f0.4_continuation_median.csv,sample_array_or_model,1281,45feb91c79c9209dc6542998870b9f6d86e758cc00ddb55efbf1f344b507c583,R19 supplementary archive,pending_rights,,DATA_LICENSES.md provider-specific links,Keyed samples/labels/features or learned source-derived contents: applicable redistribution/non-reconstruction and mixed-license scope not established; preserve privately
R17/models/A2_physical_recording_exiD_s1_f0.4_target_only_median.csv,sample_array_or_model,1175,497e804c87a86adc76ea8642c84a757abe326609b1afc8682e62d9ee833cc242,R19 supplementary archive,pending_rights,,DATA_LICENSES.md provider-specific links,Keyed samples/labels/features or learned source-derived contents: applicable redistribution/non-reconstruction and mixed-license scope not established; preserve privately
R17/models/A2_physical_recording_exiD_s1_f0.6_continuation_median.csv,sample_array_or_model,1281,45feb91c79c9209dc6542998870b9f6d86e758cc00ddb55efbf1f344b507c583,R19 supplementary archive,pending_rights,,DATA_LICENSES.md provider-specific links,Keyed samples/labels/features or learned source-derived contents: applicable redistribution/non-reconstruction and mixed-license scope not established; preserve privately
R17/models/A2_physical_recording_exiD_s1_f0.6_target_only_median.csv,sample_array_or_model,1166,cec3ff08cb91021429b864eaaedcd764525809d9968128dbc161c829103f1554,R19 supplementary archive,pending_rights,,DATA_LICENSES.md provider-specific links,Keyed samples/labels/features or learned source-derived contents: applicable redistribution/non-reconstruction and mixed-license scope not established; preserve privately
R17/models/A2_physical_recording_exiD_s1_f1.0_continuation_median.csv,sample_array_or_model,1281,45feb91c79c9209dc6542998870b9f6d86e758cc00ddb55efbf1f344b507c583,R19 supplementary archive,pending_rights,,DATA_LICENSES.md provider-specific links,Keyed samples/labels/features or learned source-derived contents: applicable redistribution/non-reconstruction and mixed-license scope not established; preserve privately
R17/models/A2_physical_recording_exiD_s1_f1.0_target_only_median.csv,sample_array_or_model,1177,567cb27b47cbd618467c8aec7303dff11531feb6a5b49da693d0f00ab2636b60,R19 supplementary archive,pending_rights,,DATA_LICENSES.md provider-specific links,Keyed samples/labels/features or learned source-derived contents: applicable redistribution/non-reconstruction and mixed-license scope not established; preserve privately
R17/models/A2_physical_recording_exiD_s42_f0.1_continuation_median.csv,sample_array_or_model,1281,45feb91c79c9209dc6542998870b9f6d86e758cc00ddb55efbf1f344b507c583,R19 supplementary archive,pending_rights,,DATA_LICENSES.md provider-specific links,Keyed samples/labels/features or learned source-derived contents: applicable redistribution/non-reconstruction and mixed-license scope not established; preserve privately
R17/models/A2_physical_recording_exiD_s42_f0.1_target_only_median.csv,sample_array_or_model,1133,fe0c3d987734e705be2ebed8f38cd4478f5332586a3413d9abcbec7f8764bae8,R19 supplementary archive,pending_rights,,DATA_LICENSES.md provider-specific links,Keyed samples/labels/features or learned source-derived contents: applicable redistribution/non-reconstruction and mixed-license scope not established; preserve privately
R17/models/A2_physical_recording_exiD_s42_f0.2_continuation_median.csv,sample_array_or_model,1281,45feb91c79c9209dc6542998870b9f6d86e758cc00ddb55efbf1f344b507c583,R19 supplementary archive,pending_rights,,DATA_LICENSES.md provider-specific links,Keyed samples/labels/features or learned source-derived contents: applicable redistribution/non-reconstruction and mixed-license scope not established; preserve privately
R17/models/A2_physical_recording_exiD_s42_f0.2_target_only_median.csv,sample_array_or_model,1173,1db539a13d1b2721b11084bc362c38d528919da8a0e9fb661bd9e338a237790f,R19 supplementary archive,pending_rights,,DATA_LICENSES.md provider-specific links,Keyed samples/labels/features or learned source-derived contents: applicable redistribution/non-reconstruction and mixed-license scope not established; preserve privately
R17/models/A2_physical_recording_exiD_s42_f0.4_continuation_median.csv,sample_array_or_model,1281,45feb91c79c9209dc6542998870b9f6d86e758cc00ddb55efbf1f344b507c583,R19 supplementary archive,pending_rights,,DATA_LICENSES.md provider-specific links,Keyed samples/labels/features or learned source-derived contents: applicable redistribution/non-reconstruction and mixed-license scope not established; preserve privately
R17/models/A2_physical_recording_exiD_s42_f0.4_target_only_median.csv,sample_array_or_model,1150,441c352b17be5a70ea27524f27f8eca23673c300f59dbc3c0f80dcb355350465,R19 supplementary archive,pending_rights,,DATA_LICENSES.md provider-specific links,Keyed samples/labels/features or learned source-derived contents: applicable redistribution/non-reconstruction and mixed-license scope not established; preserve privately
R17/models/A2_physical_recording_exiD_s42_f0.6_continuation_median.csv,sample_array_or_model,1281,45feb91c79c9209dc6542998870b9f6d86e758cc00ddb55efbf1f344b507c583,R19 supplementary archive,pending_rights,,DATA_LICENSES.md provider-specific links,Keyed samples/labels/features or learned source-derived contents: applicable redistribution/non-reconstruction and mixed-license scope not established; preserve privately
R17/models/A2_physical_recording_exiD_s42_f0.6_target_only_median.csv,sample_array_or_model,1137,f47a659298b21d4a1bb4fda9ff2a0d8539dd2910c7bc7eb533fd5576971d2658,R19 supplementary archive,pending_rights,,DATA_LICENSES.md provider-specific links,Keyed samples/labels/features or learned source-derived contents: applicable redistribution/non-reconstruction and mixed-license scope not established; preserve privately
R17/models/A2_physical_recording_exiD_s42_f1.0_continuation_median.csv,sample_array_or_model,1281,45feb91c79c9209dc6542998870b9f6d86e758cc00ddb55efbf1f344b507c583,R19 supplementary archive,pending_rights,,DATA_LICENSES.md provider-specific links,Keyed samples/labels/features or learned source-derived contents: applicable redistribution/non-reconstruction and mixed-license scope not established; preserve privately
R17/models/A2_physical_recording_exiD_s42_f1.0_target_only_median.csv,sample_array_or_model,1205,60fb89adaabe371da7fde0a8440970a7f5b37b59805031f48614f04d2dbb38af,R19 supplementary archive,pending_rights,,DATA_LICENSES.md provider-specific links,Keyed samples/labels/features or learned source-derived contents: applicable redistribution/non-reconstruction and mixed-license scope not established; preserve privately
R17/models/A2_recording_ETRI_s0_f0.1_continuation_median.csv,sample_array_or_model,1281,45feb91c79c9209dc6542998870b9f6d86e758cc00ddb55efbf1f344b507c583,R19 supplementary archive,pending_rights,,DATA_LICENSES.md provider-specific links,Keyed samples/labels/features or learned source-derived contents: applicable redistribution/non-reconstruction and mixed-license scope not established; preserve privately
R17/models/A2_recording_ETRI_s0_f0.1_target_only_median.csv,sample_array_or_model,1198,20ae41303b54926f1c6dfc19af8ef7e0f5e972307a64871e62297248ac3af069,R19 supplementary archive,pending_rights,,DATA_LICENSES.md provider-specific links,Keyed samples/labels/features or learned source-derived contents: applicable redistribution/non-reconstruction and mixed-license scope not established; preserve privately
R17/models/A2_recording_ETRI_s0_f0.2_continuation_median.csv,sample_array_or_model,1281,45feb91c79c9209dc6542998870b9f6d86e758cc00ddb55efbf1f344b507c583,R19 supplementary archive,pending_rights,,DATA_LICENSES.md provider-specific links,Keyed samples/labels/features or learned source-derived contents: applicable redistribution/non-reconstruction and mixed-license scope not established; preserve privately
R17/models/A2_recording_ETRI_s0_f0.2_target_only_median.csv,sample_array_or_model,1223,0381df845de31758d20d16087511c590df50dc9337c5850de3c5be7d89cdf0f0,R19 supplementary archive,pending_rights,,DATA_LICENSES.md provider-specific links,Keyed samples/labels/features or learned source-derived contents: applicable redistribution/non-reconstruction and mixed-license scope not established; preserve privately
R17/models/A2_recording_ETRI_s0_f0.4_continuation_median.csv,sample_array_or_model,1281,45feb91c79c9209dc6542998870b9f6d86e758cc00ddb55efbf1f344b507c583,R19 supplementary archive,pending_rights,,DATA_LICENSES.md provider-specific links,Keyed samples/labels/features or learned source-derived contents: applicable redistribution/non-reconstruction and mixed-license scope not established; preserve privately
R17/models/A2_recording_ETRI_s0_f0.4_target_only_median.csv,sample_array_or_model,1225,3500757c4a2b30a1ac78bc871a264e51b4f420dd6ee207f96934ef78deaafbfc,R19 supplementary archive,pending_rights,,DATA_LICENSES.md provider-specific links,Keyed samples/labels/features or learned source-derived contents: applicable redistribution/non-reconstruction and mixed-license scope not established; preserve privately
R17/models/A2_recording_ETRI_s0_f0.6_continuation_median.csv,sample_array_or_model,1281,45feb91c79c9209dc6542998870b9f6d86e758cc00ddb55efbf1f344b507c583,R19 supplementary archive,pending_rights,,DATA_LICENSES.md provider-specific links,Keyed samples/labels/features or learned source-derived contents: applicable redistribution/non-reconstruction and mixed-license scope not established; preserve privately
R17/models/A2_recording_ETRI_s0_f0.6_target_only_median.csv,sample_array_or_model,1223,c90bb97ddebcbf6b39d2dee5746537ed3b948cba0b8c0b4a334392bce19b7671,R19 supplementary archive,pending_rights,,DATA_LICENSES.md provider-specific links,Keyed samples/labels/features or learned source-derived contents: applicable redistribution/non-reconstruction and mixed-license scope not established; preserve privately
R17/models/A2_recording_ETRI_s0_f1.0_continuation_median.csv,sample_array_or_model,1281,45feb91c79c9209dc6542998870b9f6d86e758cc00ddb55efbf1f344b507c583,R19 supplementary archive,pending_rights,,DATA_LICENSES.md provider-specific links,Keyed samples/labels/features or learned source-derived contents: applicable redistribution/non-reconstruction and mixed-license scope not established; preserve privately
R17/models/A2_recording_ETRI_s0_f1.0_target_only_median.csv,sample_array_or_model,1215,49a7f8dad4ae6fff6fb4a1e8cea8ccfa3119f9b49e3528c8939470c551495c5b,R19 supplementary archive,pending_rights,,DATA_LICENSES.md provider-specific links,Keyed samples/labels/features or learned source-derived contents: applicable redistribution/non-reconstruction and mixed-license scope not established; preserve privately
R17/models/A2_recording_ETRI_s1_f0.1_continuation_median.csv,sample_array_or_model,1281,45feb91c79c9209dc6542998870b9f6d86e758cc00ddb55efbf1f344b507c583,R19 supplementary archive,pending_rights,,DATA_LICENSES.md provider-specific links,Keyed samples/labels/features or learned source-derived contents: applicable redistribution/non-reconstruction and mixed-license scope not established; preserve privately
R17/models/A2_recording_ETRI_s1_f0.1_target_only_median.csv,sample_array_or_model,1194,c18ffe50c212c6baeebee2d1f8ab1cf83e64162eff21674169b4fe5de9b3ce2a,R19 supplementary archive,pending_rights,,DATA_LICENSES.md provider-specific links,Keyed samples/labels/features or learned source-derived contents: applicable redistribution/non-reconstruction and mixed-license scope not established; preserve privately
R17/models/A2_recording_ETRI_s1_f0.2_continuation_median.csv,sample_array_or_model,1281,45feb91c79c9209dc6542998870b9f6d86e758cc00ddb55efbf1f344b507c583,R19 supplementary archive,pending_rights,,DATA_LICENSES.md provider-specific links,Keyed samples/labels/features or learned source-derived contents: applicable redistribution/non-reconstruction and mixed-license scope not established; preserve privately
R17/models/A2_recording_ETRI_s1_f0.2_target_only_median.csv,sample_array_or_model,1198,107ef51c8c0a3d69d65d5964565b4a13ee408cfa5c2d602e46d674be1c0265bd,R19 supplementary archive,pending_rights,,DATA_LICENSES.md provider-specific links,Keyed samples/labels/features or learned source-derived contents: applicable redistribution/non-reconstruction and mixed-license scope not established; preserve privately
R17/models/A2_recording_ETRI_s1_f0.4_continuation_median.csv,sample_array_or_model,1281,45feb91c79c9209dc6542998870b9f6d86e758cc00ddb55efbf1f344b507c583,R19 supplementary archive,pending_rights,,DATA_LICENSES.md provider-specific links,Keyed samples/labels/features or learned source-derived contents: applicable redistribution/non-reconstruction and mixed-license scope not established; preserve privately
R17/models/A2_recording_ETRI_s1_f0.4_target_only_median.csv,sample_array_or_model,1201,c05e4a7b12e1a50cdd4598e66f9874745111ea9796eb56d8d4c05d315e75cc2c,R19 supplementary archive,pending_rights,,DATA_LICENSES.md provider-specific links,Keyed samples/labels/features or learned source-derived contents: applicable redistribution/non-reconstruction and mixed-license scope not established; preserve privately
R17/models/A2_recording_ETRI_s1_f0.6_continuation_median.csv,sample_array_or_model,1281,45feb91c79c9209dc6542998870b9f6d86e758cc00ddb55efbf1f344b507c583,R19 supplementary archive,pending_rights,,DATA_LICENSES.md provider-specific links,Keyed samples/labels/features or learned source-derived contents: applicable redistribution/non-reconstruction and mixed-license scope not established; preserve privately
R17/models/A2_recording_ETRI_s1_f0.6_target_only_median.csv,sample_array_or_model,1220,dbed9227c87dbba5377d582a558598d168056b2fa8171b180e119f8018bdf4f1,R19 supplementary archive,pending_rights,,DATA_LICENSES.md provider-specific links,Keyed samples/labels/features or learned source-derived contents: applicable redistribution/non-reconstruction and mixed-license scope not established; preserve privately
R17/models/A2_recording_ETRI_s1_f1.0_continuation_median.csv,sample_array_or_model,1281,45feb91c79c9209dc6542998870b9f6d86e758cc00ddb55efbf1f344b507c583,R19 supplementary archive,pending_rights,,DATA_LICENSES.md provider-specific links,Keyed samples/labels/features or learned source-derived contents: applicable redistribution/non-reconstruction and mixed-license scope not established; preserve privately
R17/models/A2_recording_ETRI_s1_f1.0_target_only_median.csv,sample_array_or_model,1195,e5c6b429605cc36d6685c1cf420e7191d67c37a7f429662a3cf4c619d65e2ed8,R19 supplementary archive,pending_rights,,DATA_LICENSES.md provider-specific links,Keyed samples/labels/features or learned source-derived contents: applicable redistribution/non-reconstruction and mixed-license scope not established; preserve privately
R17/models/A2_recording_ETRI_s42_f0.1_continuation_median.csv,sample_array_or_model,1281,45feb91c79c9209dc6542998870b9f6d86e758cc00ddb55efbf1f344b507c583,R19 supplementary archive,pending_rights,,DATA_LICENSES.md provider-specific links,Keyed samples/labels/features or learned source-derived contents: applicable redistribution/non-reconstruction and mixed-license scope not established; preserve privately
R17/models/A2_recording_ETRI_s42_f0.1_target_only_median.csv,sample_array_or_model,1279,6b8a70d41fe7b1fa0f24be9fca846fb56a8a1ef56961fb14a5dedc213130fa44,R19 supplementary archive,pending_rights,,DATA_LICENSES.md provider-specific links,Keyed samples/labels/features or learned source-derived contents: applicable redistribution/non-reconstruction and mixed-license scope not established; preserve privately
R17/models/A2_recording_ETRI_s42_f0.2_continuation_median.csv,sample_array_or_model,1281,45feb91c79c9209dc6542998870b9f6d86e758cc00ddb55efbf1f344b507c583,R19 supplementary archive,pending_rights,,DATA_LICENSES.md provider-specific links,Keyed samples/labels/features or learned source-derived contents: applicable redistribution/non-reconstruction and mixed-license scope not established; preserve privately
R17/models/A2_recording_ETRI_s42_f0.2_target_only_median.csv,sample_array_or_model,1211,a8bb07ccea4ae241ed3cac6ea3fca162e591da682bb05d98cc8a9164014a32a0,R19 supplementary archive,pending_rights,,DATA_LICENSES.md provider-specific links,Keyed samples/labels/features or learned source-derived contents: applicable redistribution/non-reconstruction and mixed-license scope not established; preserve privately
R17/models/A2_recording_ETRI_s42_f0.4_continuation_median.csv,sample_array_or_model,1281,45feb91c79c9209dc6542998870b9f6d86e758cc00ddb55efbf1f344b507c583,R19 supplementary archive,pending_rights,,DATA_LICENSES.md provider-specific links,Keyed samples/labels/features or learned source-derived contents: applicable redistribution/non-reconstruction and mixed-license scope not established; preserve privately
R17/models/A2_recording_ETRI_s42_f0.4_target_only_median.csv,sample_array_or_model,1216,5c11d3e63b182a7ebbca28e576e88b0b06ed8047fdd7f53ff31bd6822a8fb7f0,R19 supplementary archive,pending_rights,,DATA_LICENSES.md provider-specific links,Keyed samples/labels/features or learned source-derived contents: applicable redistribution/non-reconstruction and mixed-license scope not established; preserve privately
R17/models/A2_recording_ETRI_s42_f0.6_continuation_median.csv,sample_array_or_model,1281,45feb91c79c9209dc6542998870b9f6d86e758cc00ddb55efbf1f344b507c583,R19 supplementary archive,pending_rights,,DATA_LICENSES.md provider-specific links,Keyed samples/labels/features or learned source-derived contents: applicable redistribution/non-reconstruction and mixed-license scope not established; preserve privately
R17/models/A2_recording_ETRI_s42_f0.6_target_only_median.csv,sample_array_or_model,1198,01a554ef5fcc0da3b6d0d3a95ae35953dedc3d30a533d707e4c38e2074b4696d,R19 supplementary archive,pending_rights,,DATA_LICENSES.md provider-specific links,Keyed samples/labels/features or learned source-derived contents: applicable redistribution/non-reconstruction and mixed-license scope not established; preserve privately
R17/models/A2_recording_ETRI_s42_f1.0_continuation_median.csv,sample_array_or_model,1281,45feb91c79c9209dc6542998870b9f6d86e758cc00ddb55efbf1f344b507c583,R19 supplementary archive,pending_rights,,DATA_LICENSES.md provider-specific links,Keyed samples/labels/features or learned source-derived contents: applicable redistribution/non-reconstruction and mixed-license scope not established; preserve privately
R17/models/A2_recording_ETRI_s42_f1.0_target_only_median.csv,sample_array_or_model,1221,1389ec58ff022b4f48cee49b016428602963b3b309e05de9fc3da6a37b950489,R19 supplementary archive,pending_rights,,DATA_LICENSES.md provider-specific links,Keyed samples/labels/features or learned source-derived contents: applicable redistribution/non-reconstruction and mixed-license scope not established; preserve privately
R17/models/A2_recording_exiD_s0_f0.1_continuation_median.csv,sample_array_or_model,1281,45feb91c79c9209dc6542998870b9f6d86e758cc00ddb55efbf1f344b507c583,R19 supplementary archive,pending_rights,,DATA_LICENSES.md provider-specific links,Keyed samples/labels/features or learned source-derived contents: applicable redistribution/non-reconstruction and mixed-license scope not established; preserve privately
R17/models/A2_recording_exiD_s0_f0.1_target_only_median.csv,sample_array_or_model,1172,0ad44f864560c90d08c69d957b75fb8513077301e1f7e060ef68096767c743b4,R19 supplementary archive,pending_rights,,DATA_LICENSES.md provider-specific links,Keyed samples/labels/features or learned source-derived contents: applicable redistribution/non-reconstruction and mixed-license scope not established; preserve privately
R17/models/A2_recording_exiD_s0_f0.2_continuation_median.csv,sample_array_or_model,1281,45feb91c79c9209dc6542998870b9f6d86e758cc00ddb55efbf1f344b507c583,R19 supplementary archive,pending_rights,,DATA_LICENSES.md provider-specific links,Keyed samples/labels/features or learned source-derived contents: applicable redistribution/non-reconstruction and mixed-license scope not established; preserve privately
R17/models/A2_recording_exiD_s0_f0.2_target_only_median.csv,sample_array_or_model,1161,a856f5e14eec73563945e6c6a98367391088ff325e8c503b519a1acf835ecd64,R19 supplementary archive,pending_rights,,DATA_LICENSES.md provider-specific links,Keyed samples/labels/features or learned source-derived contents: applicable redistribution/non-reconstruction and mixed-license scope not established; preserve privately
R17/models/A2_recording_exiD_s0_f0.4_continuation_median.csv,sample_array_or_model,1281,45feb91c79c9209dc6542998870b9f6d86e758cc00ddb55efbf1f344b507c583,R19 supplementary archive,pending_rights,,DATA_LICENSES.md provider-specific links,Keyed samples/labels/features or learned source-derived contents: applicable redistribution/non-reconstruction and mixed-license scope not established; preserve privately
R17/models/A2_recording_exiD_s0_f0.4_target_only_median.csv,sample_array_or_model,1154,bade6cbca331f62ccd3386a7323fa26ba7aa431b05c755fab03854ea343af732,R19 supplementary archive,pending_rights,,DATA_LICENSES.md provider-specific links,Keyed samples/labels/features or learned source-derived contents: applicable redistribution/non-reconstruction and mixed-license scope not established; preserve privately
R17/models/A2_recording_exiD_s0_f0.6_continuation_median.csv,sample_array_or_model,1281,45feb91c79c9209dc6542998870b9f6d86e758cc00ddb55efbf1f344b507c583,R19 supplementary archive,pending_rights,,DATA_LICENSES.md provider-specific links,Keyed samples/labels/features or learned source-derived contents: applicable redistribution/non-reconstruction and mixed-license scope not established; preserve privately
R17/models/A2_recording_exiD_s0_f0.6_target_only_median.csv,sample_array_or_model,1193,b6ee2da83119bd2db54a667bd0353e016c4caa16a87197f3912933cacdbd35cd,R19 supplementary archive,pending_rights,,DATA_LICENSES.md provider-specific links,Keyed samples/labels/features or learned source-derived contents: applicable redistribution/non-reconstruction and mixed-license scope not established; preserve privately
R17/models/A2_recording_exiD_s0_f1.0_continuation_median.csv,sample_array_or_model,1281,45feb91c79c9209dc6542998870b9f6d86e758cc00ddb55efbf1f344b507c583,R19 supplementary archive,pending_rights,,DATA_LICENSES.md provider-specific links,Keyed samples/labels/features or learned source-derived contents: applicable redistribution/non-reconstruction and mixed-license scope not established; preserve privately
R17/models/A2_recording_exiD_s0_f1.0_target_only_median.csv,sample_array_or_model,1156,aeea6823eb4a59ffa390f952e07a127f1f7ebae70afc97e7860c11009082fe4a,R19 supplementary archive,pending_rights,,DATA_LICENSES.md provider-specific links,Keyed samples/labels/features or learned source-derived contents: applicable redistribution/non-reconstruction and mixed-license scope not established; preserve privately
R17/models/A2_recording_exiD_s1_f0.1_continuation_median.csv,sample_array_or_model,1281,45feb91c79c9209dc6542998870b9f6d86e758cc00ddb55efbf1f344b507c583,R19 supplementary archive,pending_rights,,DATA_LICENSES.md provider-specific links,Keyed samples/labels/features or learned source-derived contents: applicable redistribution/non-reconstruction and mixed-license scope not established; preserve privately
R17/models/A2_recording_exiD_s1_f0.1_target_only_median.csv,sample_array_or_model,1191,9ddb7257a953ab3c9443ec5136d48a1bd4a1951b7a836ad48b651abfd3f7aa87,R19 supplementary archive,pending_rights,,DATA_LICENSES.md provider-specific links,Keyed samples/labels/features or learned source-derived contents: applicable redistribution/non-reconstruction and mixed-license scope not established; preserve privately
R17/models/A2_recording_exiD_s1_f0.2_continuation_median.csv,sample_array_or_model,1281,45feb91c79c9209dc6542998870b9f6d86e758cc00ddb55efbf1f344b507c583,R19 supplementary archive,pending_rights,,DATA_LICENSES.md provider-specific links,Keyed samples/labels/features or learned source-derived contents: applicable redistribution/non-reconstruction and mixed-license scope not established; preserve privately
R17/models/A2_recording_exiD_s1_f0.2_target_only_median.csv,sample_array_or_model,1163,70115fa090aec1dab08e63b0ad807209a68bef1aa750d8c5c0580dbac6a05fee,R19 supplementary archive,pending_rights,,DATA_LICENSES.md provider-specific links,Keyed samples/labels/features or learned source-derived contents: applicable redistribution/non-reconstruction and mixed-license scope not established; preserve privately
R17/models/A2_recording_exiD_s1_f0.4_continuation_median.csv,sample_array_or_model,1281,45feb91c79c9209dc6542998870b9f6d86e758cc00ddb55efbf1f344b507c583,R19 supplementary archive,pending_rights,,DATA_LICENSES.md provider-specific links,Keyed samples/labels/features or learned source-derived contents: applicable redistribution/non-reconstruction and mixed-license scope not established; preserve privately
R17/models/A2_recording_exiD_s1_f0.4_target_only_median.csv,sample_array_or_model,1182,016a2a880796efefca9c20e05bec8f1f8bf0ef8da1e1435dbbcca041542328e4,R19 supplementary archive,pending_rights,,DATA_LICENSES.md provider-specific links,Keyed samples/labels/features or learned source-derived contents: applicable redistribution/non-reconstruction and mixed-license scope not established; preserve privately
R17/models/A2_recording_exiD_s1_f0.6_continuation_median.csv,sample_array_or_model,1281,45feb91c79c9209dc6542998870b9f6d86e758cc00ddb55efbf1f344b507c583,R19 supplementary archive,pending_rights,,DATA_LICENSES.md provider-specific links,Keyed samples/labels/features or learned source-derived contents: applicable redistribution/non-reconstruction and mixed-license scope not established; preserve privately
R17/models/A2_recording_exiD_s1_f0.6_target_only_median.csv,sample_array_or_model,1183,4de768d259bd8cfa47341c1e106909f218fb7e4834c11845935dc2baaa5cf400,R19 supplementary archive,pending_rights,,DATA_LICENSES.md provider-specific links,Keyed samples/labels/features or learned source-derived contents: applicable redistribution/non-reconstruction and mixed-license scope not established; preserve privately
R17/models/A2_recording_exiD_s1_f1.0_continuation_median.csv,sample_array_or_model,1281,45feb91c79c9209dc6542998870b9f6d86e758cc00ddb55efbf1f344b507c583,R19 supplementary archive,pending_rights,,DATA_LICENSES.md provider-specific links,Keyed samples/labels/features or learned source-derived contents: applicable redistribution/non-reconstruction and mixed-license scope not established; preserve privately
R17/models/A2_recording_exiD_s1_f1.0_target_only_median.csv,sample_array_or_model,1186,d23022281df75f78f4fd53d60470260e833a97fdef4b3f8f5359d912958bd845,R19 supplementary archive,pending_rights,,DATA_LICENSES.md provider-specific links,Keyed samples/labels/features or learned source-derived contents: applicable redistribution/non-reconstruction and mixed-license scope not established; preserve privately
R17/models/A2_recording_exiD_s42_f0.1_continuation_median.csv,sample_array_or_model,1281,45feb91c79c9209dc6542998870b9f6d86e758cc00ddb55efbf1f344b507c583,R19 supplementary archive,pending_rights,,DATA_LICENSES.md provider-specific links,Keyed samples/labels/features or learned source-derived contents: applicable redistribution/non-reconstruction and mixed-license scope not established; preserve privately
R17/models/A2_recording_exiD_s42_f0.1_target_only_median.csv,sample_array_or_model,1161,ec943f0eefd8623fcd031358ae51221d5cba4d01cedbe1706d2270e7ed497155,R19 supplementary archive,pending_rights,,DATA_LICENSES.md provider-specific links,Keyed samples/labels/features or learned source-derived contents: applicable redistribution/non-reconstruction and mixed-license scope not established; preserve privately
R17/models/A2_recording_exiD_s42_f0.2_continuation_median.csv,sample_array_or_model,1281,45feb91c79c9209dc6542998870b9f6d86e758cc00ddb55efbf1f344b507c583,R19 supplementary archive,pending_rights,,DATA_LICENSES.md provider-specific links,Keyed samples/labels/features or learned source-derived contents: applicable redistribution/non-reconstruction and mixed-license scope not established; preserve privately
R17/models/A2_recording_exiD_s42_f0.2_target_only_median.csv,sample_array_or_model,1184,4830ea75a894b32d76b8082b87f2eefd5e6075c6eb93b299d9c624df107002df,R19 supplementary archive,pending_rights,,DATA_LICENSES.md provider-specific links,Keyed samples/labels/features or learned source-derived contents: applicable redistribution/non-reconstruction and mixed-license scope not established; preserve privately
R17/models/A2_recording_exiD_s42_f0.4_continuation_median.csv,sample_array_or_model,1281,45feb91c79c9209dc6542998870b9f6d86e758cc00ddb55efbf1f344b507c583,R19 supplementary archive,pending_rights,,DATA_LICENSES.md provider-specific links,Keyed samples/labels/features or learned source-derived contents: applicable redistribution/non-reconstruction and mixed-license scope not established; preserve privately
R17/models/A2_recording_exiD_s42_f0.4_target_only_median.csv,sample_array_or_model,1122,f9b33ac1677202320432dfb1d5d403954f4f9d8d98b3ae70dc9b37959872ee3d,R19 supplementary archive,pending_rights,,DATA_LICENSES.md provider-specific links,Keyed samples/labels/features or learned source-derived contents: applicable redistribution/non-reconstruction and mixed-license scope not established; preserve privately
R17/models/A2_recording_exiD_s42_f0.6_continuation_median.csv,sample_array_or_model,1281,45feb91c79c9209dc6542998870b9f6d86e758cc00ddb55efbf1f344b507c583,R19 supplementary archive,pending_rights,,DATA_LICENSES.md provider-specific links,Keyed samples/labels/features or learned source-derived contents: applicable redistribution/non-reconstruction and mixed-license scope not established; preserve privately
R17/models/A2_recording_exiD_s42_f0.6_target_only_median.csv,sample_array_or_model,1198,949e6aa6c7dbc41d19ad3299c668737b1ab3cfa097fa13604dbfe13669c1e77b,R19 supplementary archive,pending_rights,,DATA_LICENSES.md provider-specific links,Keyed samples/labels/features or learned source-derived contents: applicable redistribution/non-reconstruction and mixed-license scope not established; preserve privately
R17/models/A2_recording_exiD_s42_f1.0_continuation_median.csv,sample_array_or_model,1281,45feb91c79c9209dc6542998870b9f6d86e758cc00ddb55efbf1f344b507c583,R19 supplementary archive,pending_rights,,DATA_LICENSES.md provider-specific links,Keyed samples/labels/features or learned source-derived contents: applicable redistribution/non-reconstruction and mixed-license scope not established; preserve privately
R17/models/A2_recording_exiD_s42_f1.0_target_only_median.csv,sample_array_or_model,1171,481e0019024cfeda472018cd275fce69d97bae171a349233bf73a9883c6b19dc,R19 supplementary archive,pending_rights,,DATA_LICENSES.md provider-specific links,Keyed samples/labels/features or learned source-derived contents: applicable redistribution/non-reconstruction and mixed-license scope not established; preserve privately
R17/models/A2_recording_uniD_s0_f0.1_continuation_median.csv,sample_array_or_model,1281,45feb91c79c9209dc6542998870b9f6d86e758cc00ddb55efbf1f344b507c583,R19 supplementary archive,pending_rights,,DATA_LICENSES.md provider-specific links,Keyed samples/labels/features or learned source-derived contents: applicable redistribution/non-reconstruction and mixed-license scope not established; preserve privately
R17/models/A2_recording_uniD_s0_f0.1_target_only_median.csv,sample_array_or_model,1255,b0cc95de9d4bcc6971cdd61b2fcbb0907f7e3f2b9267421623ebefe44e364b20,R19 supplementary archive,pending_rights,,DATA_LICENSES.md provider-specific links,Keyed samples/labels/features or learned source-derived contents: applicable redistribution/non-reconstruction and mixed-license scope not established; preserve privately
R17/models/A2_recording_uniD_s0_f0.2_continuation_median.csv,sample_array_or_model,1281,45feb91c79c9209dc6542998870b9f6d86e758cc00ddb55efbf1f344b507c583,R19 supplementary archive,pending_rights,,DATA_LICENSES.md provider-specific links,Keyed samples/labels/features or learned source-derived contents: applicable redistribution/non-reconstruction and mixed-license scope not established; preserve privately
R17/models/A2_recording_uniD_s0_f0.2_target_only_median.csv,sample_array_or_model,1178,9aece125e8d88d9a09f0a4387ec2eae1b6b8660adcb0072f6514c1c414cada0b,R19 supplementary archive,pending_rights,,DATA_LICENSES.md provider-specific links,Keyed samples/labels/features or learned source-derived contents: applicable redistribution/non-reconstruction and mixed-license scope not established; preserve privately
R17/models/A2_recording_uniD_s0_f0.4_continuation_median.csv,sample_array_or_model,1281,45feb91c79c9209dc6542998870b9f6d86e758cc00ddb55efbf1f344b507c583,R19 supplementary archive,pending_rights,,DATA_LICENSES.md provider-specific links,Keyed samples/labels/features or learned source-derived contents: applicable redistribution/non-reconstruction and mixed-license scope not established; preserve privately
R17/models/A2_recording_uniD_s0_f0.4_target_only_median.csv,sample_array_or_model,1233,f6aac62e8538387cb242f640d80a67e398d4887a71031930bf0e01852210c42f,R19 supplementary archive,pending_rights,,DATA_LICENSES.md provider-specific links,Keyed samples/labels/features or learned source-derived contents: applicable redistribution/non-reconstruction and mixed-license scope not established; preserve privately
R17/models/A2_recording_uniD_s0_f0.6_continuation_median.csv,sample_array_or_model,1281,45feb91c79c9209dc6542998870b9f6d86e758cc00ddb55efbf1f344b507c583,R19 supplementary archive,pending_rights,,DATA_LICENSES.md provider-specific links,Keyed samples/labels/features or learned source-derived contents: applicable redistribution/non-reconstruction and mixed-license scope not established; preserve privately
R17/models/A2_recording_uniD_s0_f0.6_target_only_median.csv,sample_array_or_model,1219,5b117ab3eb7e556cb0877462377f820823f934017d0054a9d0034ad332755464,R19 supplementary archive,pending_rights,,DATA_LICENSES.md provider-specific links,Keyed samples/labels/features or learned source-derived contents: applicable redistribution/non-reconstruction and mixed-license scope not established; preserve privately
R17/models/A2_recording_uniD_s0_f1.0_continuation_median.csv,sample_array_or_model,1281,45feb91c79c9209dc6542998870b9f6d86e758cc00ddb55efbf1f344b507c583,R19 supplementary archive,pending_rights,,DATA_LICENSES.md provider-specific links,Keyed samples/labels/features or learned source-derived contents: applicable redistribution/non-reconstruction and mixed-license scope not established; preserve privately
R17/models/A2_recording_uniD_s0_f1.0_target_only_median.csv,sample_array_or_model,1207,a667be1c7b213f2d76233400eff76f6b84abcdf390d00e77297d26906427e0a1,R19 supplementary archive,pending_rights,,DATA_LICENSES.md provider-specific links,Keyed samples/labels/features or learned source-derived contents: applicable redistribution/non-reconstruction and mixed-license scope not established; preserve privately
R17/models/A2_recording_uniD_s1_f0.1_continuation_median.csv,sample_array_or_model,1281,45feb91c79c9209dc6542998870b9f6d86e758cc00ddb55efbf1f344b507c583,R19 supplementary archive,pending_rights,,DATA_LICENSES.md provider-specific links,Keyed samples/labels/features or learned source-derived contents: applicable redistribution/non-reconstruction and mixed-license scope not established; preserve privately
R17/models/A2_recording_uniD_s1_f0.1_target_only_median.csv,sample_array_or_model,1153,076cf64310d954dded6525d67af6fd4573a5049110ec5ef5ca3af074fbc29b1b,R19 supplementary archive,pending_rights,,DATA_LICENSES.md provider-specific links,Keyed samples/labels/features or learned source-derived contents: applicable redistribution/non-reconstruction and mixed-license scope not established; preserve privately
R17/models/A2_recording_uniD_s1_f0.2_continuation_median.csv,sample_array_or_model,1281,45feb91c79c9209dc6542998870b9f6d86e758cc00ddb55efbf1f344b507c583,R19 supplementary archive,pending_rights,,DATA_LICENSES.md provider-specific links,Keyed samples/labels/features or learned source-derived contents: applicable redistribution/non-reconstruction and mixed-license scope not established; preserve privately
R17/models/A2_recording_uniD_s1_f0.2_target_only_median.csv,sample_array_or_model,1197,ade96ae1d6f51c3b00c09d6dff13769b9135c7c3f10f537e2f22e33652164139,R19 supplementary archive,pending_rights,,DATA_LICENSES.md provider-specific links,Keyed samples/labels/features or learned source-derived contents: applicable redistribution/non-reconstruction and mixed-license scope not established; preserve privately
R17/models/A2_recording_uniD_s1_f0.4_continuation_median.csv,sample_array_or_model,1281,45feb91c79c9209dc6542998870b9f6d86e758cc00ddb55efbf1f344b507c583,R19 supplementary archive,pending_rights,,DATA_LICENSES.md provider-specific links,Keyed samples/labels/features or learned source-derived contents: applicable redistribution/non-reconstruction and mixed-license scope not established; preserve privately
R17/models/A2_recording_uniD_s1_f0.4_target_only_median.csv,sample_array_or_model,1206,159f6fa6a70e77691f677465e08c290c1aea3af7d1b9c5926e4c5bb704a8e561,R19 supplementary archive,pending_rights,,DATA_LICENSES.md provider-specific links,Keyed samples/labels/features or learned source-derived contents: applicable redistribution/non-reconstruction and mixed-license scope not established; preserve privately
R17/models/A2_recording_uniD_s1_f0.6_continuation_median.csv,sample_array_or_model,1281,45feb91c79c9209dc6542998870b9f6d86e758cc00ddb55efbf1f344b507c583,R19 supplementary archive,pending_rights,,DATA_LICENSES.md provider-specific links,Keyed samples/labels/features or learned source-derived contents: applicable redistribution/non-reconstruction and mixed-license scope not established; preserve privately
R17/models/A2_recording_uniD_s1_f0.6_target_only_median.csv,sample_array_or_model,1236,68d623e7323274cdc3345dba327685ebe0ae5c0e38bc31a4a918ebbf2f0e4e43,R19 supplementary archive,pending_rights,,DATA_LICENSES.md provider-specific links,Keyed samples/labels/features or learned source-derived contents: applicable redistribution/non-reconstruction and mixed-license scope not established; preserve privately
R17/models/A2_recording_uniD_s1_f1.0_continuation_median.csv,sample_array_or_model,1281,45feb91c79c9209dc6542998870b9f6d86e758cc00ddb55efbf1f344b507c583,R19 supplementary archive,pending_rights,,DATA_LICENSES.md provider-specific links,Keyed samples/labels/features or learned source-derived contents: applicable redistribution/non-reconstruction and mixed-license scope not established; preserve privately
R17/models/A2_recording_uniD_s1_f1.0_target_only_median.csv,sample_array_or_model,1169,1484f841e13e7f0e85cd165e7dd3f8dbcd70a38b6140399706a147599d07681c,R19 supplementary archive,pending_rights,,DATA_LICENSES.md provider-specific links,Keyed samples/labels/features or learned source-derived contents: applicable redistribution/non-reconstruction and mixed-license scope not established; preserve privately
R17/models/A2_recording_uniD_s42_f0.1_continuation_median.csv,sample_array_or_model,1281,45feb91c79c9209dc6542998870b9f6d86e758cc00ddb55efbf1f344b507c583,R19 supplementary archive,pending_rights,,DATA_LICENSES.md provider-specific links,Keyed samples/labels/features or learned source-derived contents: applicable redistribution/non-reconstruction and mixed-license scope not established; preserve privately
R17/models/A2_recording_uniD_s42_f0.1_target_only_median.csv,sample_array_or_model,1203,3e1f596f2f4e86bc2d2f2a8feaf1b0c53e2ff05cca83edb03fad29a3e7f59880,R19 supplementary archive,pending_rights,,DATA_LICENSES.md provider-specific links,Keyed samples/labels/features or learned source-derived contents: applicable redistribution/non-reconstruction and mixed-license scope not established; preserve privately
R17/models/A2_recording_uniD_s42_f0.2_continuation_median.csv,sample_array_or_model,1281,45feb91c79c9209dc6542998870b9f6d86e758cc00ddb55efbf1f344b507c583,R19 supplementary archive,pending_rights,,DATA_LICENSES.md provider-specific links,Keyed samples/labels/features or learned source-derived contents: applicable redistribution/non-reconstruction and mixed-license scope not established; preserve privately
R17/models/A2_recording_uniD_s42_f0.2_target_only_median.csv,sample_array_or_model,1191,76ec2c32e64c4fe582536f0ab6f58b39558bfe63f6026e05285a11bfd7bd4671,R19 supplementary archive,pending_rights,,DATA_LICENSES.md provider-specific links,Keyed samples/labels/features or learned source-derived contents: applicable redistribution/non-reconstruction and mixed-license scope not established; preserve privately
R17/models/A2_recording_uniD_s42_f0.4_continuation_median.csv,sample_array_or_model,1281,45feb91c79c9209dc6542998870b9f6d86e758cc00ddb55efbf1f344b507c583,R19 supplementary archive,pending_rights,,DATA_LICENSES.md provider-specific links,Keyed samples/labels/features or learned source-derived contents: applicable redistribution/non-reconstruction and mixed-license scope not established; preserve privately
R17/models/A2_recording_uniD_s42_f0.4_target_only_median.csv,sample_array_or_model,1172,a73c3a2cbaa0391a079ee2de8bad42fef283d0166209915dcbef6331040aa219,R19 supplementary archive,pending_rights,,DATA_LICENSES.md provider-specific links,Keyed samples/labels/features or learned source-derived contents: applicable redistribution/non-reconstruction and mixed-license scope not established; preserve privately
R17/models/A2_recording_uniD_s42_f0.6_continuation_median.csv,sample_array_or_model,1281,45feb91c79c9209dc6542998870b9f6d86e758cc00ddb55efbf1f344b507c583,R19 supplementary archive,pending_rights,,DATA_LICENSES.md provider-specific links,Keyed samples/labels/features or learned source-derived contents: applicable redistribution/non-reconstruction and mixed-license scope not established; preserve privately
R17/models/A2_recording_uniD_s42_f0.6_target_only_median.csv,sample_array_or_model,1177,2964c6fbd282389593aebc6d2a7cb46b56827f7705d5cac531873afb57fbb5fe,R19 supplementary archive,pending_rights,,DATA_LICENSES.md provider-specific links,Keyed samples/labels/features or learned source-derived contents: applicable redistribution/non-reconstruction and mixed-license scope not established; preserve privately
R17/models/A2_recording_uniD_s42_f1.0_continuation_median.csv,sample_array_or_model,1281,45feb91c79c9209dc6542998870b9f6d86e758cc00ddb55efbf1f344b507c583,R19 supplementary archive,pending_rights,,DATA_LICENSES.md provider-specific links,Keyed samples/labels/features or learned source-derived contents: applicable redistribution/non-reconstruction and mixed-license scope not established; preserve privately
R17/models/A2_recording_uniD_s42_f1.0_target_only_median.csv,sample_array_or_model,1230,2b2c8b64e77552dc720a67c8a8d738b3953a58cf5b9758e3413ec78bbe5e614d,R19 supplementary archive,pending_rights,,DATA_LICENSES.md provider-specific links,Keyed samples/labels/features or learned source-derived contents: applicable redistribution/non-reconstruction and mixed-license scope not established; preserve privately
R17/models/A2_source_all_s0_median.csv,sample_array_or_model,1281,45feb91c79c9209dc6542998870b9f6d86e758cc00ddb55efbf1f344b507c583,R19 supplementary archive,pending_rights,,DATA_LICENSES.md provider-specific links,Keyed samples/labels/features or learned source-derived contents: applicable redistribution/non-reconstruction and mixed-license scope not established; preserve privately
R17/models/A2_source_all_s1_median.csv,sample_array_or_model,1281,45feb91c79c9209dc6542998870b9f6d86e758cc00ddb55efbf1f344b507c583,R19 supplementary archive,pending_rights,,DATA_LICENSES.md provider-specific links,Keyed samples/labels/features or learned source-derived contents: applicable redistribution/non-reconstruction and mixed-license scope not established; preserve privately
R17/models/A2_source_all_s42_median.csv,sample_array_or_model,1281,45feb91c79c9209dc6542998870b9f6d86e758cc00ddb55efbf1f344b507c583,R19 supplementary archive,pending_rights,,DATA_LICENSES.md provider-specific links,Keyed samples/labels/features or learned source-derived contents: applicable redistribution/non-reconstruction and mixed-license scope not established; preserve privately
R17/numeric_results.csv,reference,161898,049430746d3078143892236eac72d875126633cea045f748ef3fbf8540f7ad31,R19 supplementary archive,excluded,,docs/PROVENANCE.md,Not a current public input: duplicate/historical/internal verification material; selected counterparts or documented workflow provided
R17/predictions/A1_recording_full48_s0__ETRI.parquet,sample_array_or_model,13629,744a00c8589382422f5146fdb5daf3f6db3a83468ab13bad52d89d4bd48959bf,R19 supplementary archive,pending_rights,,DATA_LICENSES.md provider-specific links,Keyed samples/labels/features or learned source-derived contents: applicable redistribution/non-reconstruction and mixed-license scope not established; preserve privately
R17/predictions/A1_recording_full48_s0__exiD.parquet,sample_array_or_model,902434,e1a8e3a25f7aa00d48eb6ef834a85643c940b0ee68333addf6d7a22a8f3a86e2,R19 supplementary archive,pending_rights,,DATA_LICENSES.md provider-specific links,Keyed samples/labels/features or learned source-derived contents: applicable redistribution/non-reconstruction and mixed-license scope not established; preserve privately
R17/predictions/A1_recording_full48_s0__source_test.parquet,sample_array_or_model,173796,eb3a4e4e35a6b5e2868ca21a4c2d3e6707aa68a1c4896ec8be3bcb8b71c24e89,R19 supplementary archive,pending_rights,,DATA_LICENSES.md provider-specific links,Keyed samples/labels/features or learned source-derived contents: applicable redistribution/non-reconstruction and mixed-license scope not established; preserve privately
R17/predictions/A1_recording_full48_s0__uniD.parquet,sample_array_or_model,151909,963423044df43fd1c0f6775fd8ebdac169e8e4377bc9e9e49661ec4eddd814fd,R19 supplementary archive,pending_rights,,DATA_LICENSES.md provider-specific links,Keyed samples/labels/features or learned source-derived contents: applicable redistribution/non-reconstruction and mixed-license scope not established; preserve privately
R17/predictions/A1_recording_full48_s1__ETRI.parquet,sample_array_or_model,13629,779bcfaf378d246c6ff43942bcd174b747d0f7177c422e0cd26a88a03ff5d0d5,R19 supplementary archive,pending_rights,,DATA_LICENSES.md provider-specific links,Keyed samples/labels/features or learned source-derived contents: applicable redistribution/non-reconstruction and mixed-license scope not established; preserve privately
R17/predictions/A1_recording_full48_s1__exiD.parquet,sample_array_or_model,902550,0b5c324af76f1dce32e8f1ff03e0d06f395ad4248878a41ca62a9d43d182783e,R19 supplementary archive,pending_rights,,DATA_LICENSES.md provider-specific links,Keyed samples/labels/features or learned source-derived contents: applicable redistribution/non-reconstruction and mixed-license scope not established; preserve privately
R17/predictions/A1_recording_full48_s1__source_test.parquet,sample_array_or_model,183333,c39814bf1c8c1d2139995f4ae58e3470f7a91fabf49b85f2302a3ded709e764c,R19 supplementary archive,pending_rights,,DATA_LICENSES.md provider-specific links,Keyed samples/labels/features or learned source-derived contents: applicable redistribution/non-reconstruction and mixed-license scope not established; preserve privately
R17/predictions/A1_recording_full48_s1__uniD.parquet,sample_array_or_model,152081,b04a26f329fdb309d1a062d93162ddc130dc16310bb3352642106d4ad28bb1e2,R19 supplementary archive,pending_rights,,DATA_LICENSES.md provider-specific links,Keyed samples/labels/features or learned source-derived contents: applicable redistribution/non-reconstruction and mixed-license scope not established; preserve privately
R17/predictions/A1_recording_full48_s42__ETRI.parquet,sample_array_or_model,13629,2406987e434d0b1517290958501df0e31b543fd226f52f2b24bc7b8c129ef190,R19 supplementary archive,pending_rights,,DATA_LICENSES.md provider-specific links,Keyed samples/labels/features or learned source-derived contents: applicable redistribution/non-reconstruction and mixed-license scope not established; preserve privately
R17/predictions/A1_recording_full48_s42__exiD.parquet,sample_array_or_model,902730,3904414c304c86604121d66ce5dd1e0139a6043bfccea0b518c2cee482d13a61,R19 supplementary archive,pending_rights,,DATA_LICENSES.md provider-specific links,Keyed samples/labels/features or learned source-derived contents: applicable redistribution/non-reconstruction and mixed-license scope not established; preserve privately
R17/predictions/A1_recording_full48_s42__source_test.parquet,sample_array_or_model,141893,18e8e9af94463e10ec6608a303e808654e46e93e2045964f7d91ab572aa0ef73,R19 supplementary archive,pending_rights,,DATA_LICENSES.md provider-specific links,Keyed samples/labels/features or learned source-derived contents: applicable redistribution/non-reconstruction and mixed-license scope not established; preserve privately
R17/predictions/A1_recording_full48_s42__uniD.parquet,sample_array_or_model,152093,2e948ef1b89aab61eeac60c1da5ddb99917cb5753fbaeb4d26ce226b9f8b65bd,R19 supplementary archive,pending_rights,,DATA_LICENSES.md provider-specific links,Keyed samples/labels/features or learned source-derived contents: applicable redistribution/non-reconstruction and mixed-license scope not established; preserve privately
R17/predictions/A2_physical_recording_exiD_s0_f0.1_continuation__exiD.parquet,sample_array_or_model,282886,5ff3d71e3f94086cffcc36e37907c6c4668c983fc257288febb60b644b127c52,R19 supplementary archive,pending_rights,,DATA_LICENSES.md provider-specific links,Keyed samples/labels/features or learned source-derived contents: applicable redistribution/non-reconstruction and mixed-license scope not established; preserve privately
R17/predictions/A2_physical_recording_exiD_s0_f0.1_target_only__exiD.parquet,sample_array_or_model,282626,a498035e987bc4a039186cd4ab55a2422d9d7dfffd45c38d7a1819f41ff277c8,R19 supplementary archive,pending_rights,,DATA_LICENSES.md provider-specific links,Keyed samples/labels/features or learned source-derived contents: applicable redistribution/non-reconstruction and mixed-license scope not established; preserve privately
R17/predictions/A2_physical_recording_exiD_s0_f0.2_continuation__exiD.parquet,sample_array_or_model,282858,ddb4205942191cd8de0ee2fae639eca82690090f681de97193b2a1e81d86f657,R19 supplementary archive,pending_rights,,DATA_LICENSES.md provider-specific links,Keyed samples/labels/features or learned source-derived contents: applicable redistribution/non-reconstruction and mixed-license scope not established; preserve privately
R17/predictions/A2_physical_recording_exiD_s0_f0.2_target_only__exiD.parquet,sample_array_or_model,282162,af82e96a6f3f80760865e82f11ebc2db0769aa989e842864f412537ad7456908,R19 supplementary archive,pending_rights,,DATA_LICENSES.md provider-specific links,Keyed samples/labels/features or learned source-derived contents: applicable redistribution/non-reconstruction and mixed-license scope not established; preserve privately
R17/predictions/A2_physical_recording_exiD_s0_f0.4_continuation__exiD.parquet,sample_array_or_model,282810,8495292c50731f852294a4982d9a40667c6d67f2a5c7a3ce426fe0d2e9437ff7,R19 supplementary archive,pending_rights,,DATA_LICENSES.md provider-specific links,Keyed samples/labels/features or learned source-derived contents: applicable redistribution/non-reconstruction and mixed-license scope not established; preserve privately
R17/predictions/A2_physical_recording_exiD_s0_f0.4_target_only__exiD.parquet,sample_array_or_model,281414,d22531ff6f7c8beff76544dac83a7d289f30ce57c4d8fa0a0a0b37010384662b,R19 supplementary archive,pending_rights,,DATA_LICENSES.md provider-specific links,Keyed samples/labels/features or learned source-derived contents: applicable redistribution/non-reconstruction and mixed-license scope not established; preserve privately
R17/predictions/A2_physical_recording_exiD_s0_f0.6_continuation__exiD.parquet,sample_array_or_model,282814,3be804df242bb953452dd42a6a58897e072af79493154d0eb25cbb2571c01faa,R19 supplementary archive,pending_rights,,DATA_LICENSES.md provider-specific links,Keyed samples/labels/features or learned source-derived contents: applicable redistribution/non-reconstruction and mixed-license scope not established; preserve privately
R17/predictions/A2_physical_recording_exiD_s0_f0.6_target_only__exiD.parquet,sample_array_or_model,280522,69eefeebf92dbec4d655a43f6a401efcba2559b69af8d0492ee2f1c1b8b49506,R19 supplementary archive,pending_rights,,DATA_LICENSES.md provider-specific links,Keyed samples/labels/features or learned source-derived contents: applicable redistribution/non-reconstruction and mixed-license scope not established; preserve privately
R17/predictions/A2_physical_recording_exiD_s0_f1.0_continuation__exiD.parquet,sample_array_or_model,282802,8d5a8704378521f82f58c5b1a8a1809c1c71ab21e24b509c8409443e48610151,R19 supplementary archive,pending_rights,,DATA_LICENSES.md provider-specific links,Keyed samples/labels/features or learned source-derived contents: applicable redistribution/non-reconstruction and mixed-license scope not established; preserve privately
R17/predictions/A2_physical_recording_exiD_s0_f1.0_target_only__exiD.parquet,sample_array_or_model,280710,12084d55ab98d36d28782e4153ee40754aa85d0344a33522f5ce92a7948c8ad1,R19 supplementary archive,pending_rights,,DATA_LICENSES.md provider-specific links,Keyed samples/labels/features or learned source-derived contents: applicable redistribution/non-reconstruction and mixed-license scope not established; preserve privately
R17/predictions/A2_physical_recording_exiD_s1_f0.1_continuation__exiD.parquet,sample_array_or_model,355179,7dde66bd220160a17716dd2ae528b124a10eb70f53e89cf5223d4302ed7e2ee2,R19 supplementary archive,pending_rights,,DATA_LICENSES.md provider-specific links,Keyed samples/labels/features or learned source-derived contents: applicable redistribution/non-reconstruction and mixed-license scope not established; preserve privately
R17/predictions/A2_physical_recording_exiD_s1_f0.1_target_only__exiD.parquet,sample_array_or_model,354395,36b69bab17490e859757a2aac75da3bc9c4898599502c7caeade6618581b5b23,R19 supplementary archive,pending_rights,,DATA_LICENSES.md provider-specific links,Keyed samples/labels/features or learned source-derived contents: applicable redistribution/non-reconstruction and mixed-license scope not established; preserve privately
R17/predictions/A2_physical_recording_exiD_s1_f0.2_continuation__exiD.parquet,sample_array_or_model,355235,51daa4fff69827c5417596b40b14f336592345d88e40cdb0099f566be06193c2,R19 supplementary archive,pending_rights,,DATA_LICENSES.md provider-specific links,Keyed samples/labels/features or learned source-derived contents: applicable redistribution/non-reconstruction and mixed-license scope not established; preserve privately
R17/predictions/A2_physical_recording_exiD_s1_f0.2_target_only__exiD.parquet,sample_array_or_model,354235,16fa8ea1ffa9515cd5241c6d8928fe43822f4343a67f7067eaf3b25416a39c21,R19 supplementary archive,pending_rights,,DATA_LICENSES.md provider-specific links,Keyed samples/labels/features or learned source-derived contents: applicable redistribution/non-reconstruction and mixed-license scope not established; preserve privately
R17/predictions/A2_physical_recording_exiD_s1_f0.4_continuation__exiD.parquet,sample_array_or_model,355151,f85d6bd2ef92620435201ef8f6822c767a948ca9434495daa6681d15118549f9,R19 supplementary archive,pending_rights,,DATA_LICENSES.md provider-specific links,Keyed samples/labels/features or learned source-derived contents: applicable redistribution/non-reconstruction and mixed-license scope not established; preserve privately
R17/predictions/A2_physical_recording_exiD_s1_f0.4_target_only__exiD.parquet,sample_array_or_model,353459,b5525f4cc14f3de7d02073dbf8a258d56bb6ddfb75136762523ecfbc273e5a4f,R19 supplementary archive,pending_rights,,DATA_LICENSES.md provider-specific links,Keyed samples/labels/features or learned source-derived contents: applicable redistribution/non-reconstruction and mixed-license scope not established; preserve privately
R17/predictions/A2_physical_recording_exiD_s1_f0.6_continuation__exiD.parquet,sample_array_or_model,355175,f11722415691fbef224ce86b938f85ed0bf3d6bebf48ec7e58b97a5ed9660e2f,R19 supplementary archive,pending_rights,,DATA_LICENSES.md provider-specific links,Keyed samples/labels/features or learned source-derived contents: applicable redistribution/non-reconstruction and mixed-license scope not established; preserve privately
R17/predictions/A2_physical_recording_exiD_s1_f0.6_target_only__exiD.parquet,sample_array_or_model,348611,85c8a91528109781e0c49892406cc0e0052ad01b29b3da92aebb6a3d9b1a20c7,R19 supplementary archive,pending_rights,,DATA_LICENSES.md provider-specific links,Keyed samples/labels/features or learned source-derived contents: applicable redistribution/non-reconstruction and mixed-license scope not established; preserve privately
R17/predictions/A2_physical_recording_exiD_s1_f1.0_continuation__exiD.parquet,sample_array_or_model,355159,e3c214749c008c987fe13691f1ba436ebb5024447bea3969da9feea728529938,R19 supplementary archive,pending_rights,,DATA_LICENSES.md provider-specific links,Keyed samples/labels/features or learned source-derived contents: applicable redistribution/non-reconstruction and mixed-license scope not established; preserve privately
R17/predictions/A2_physical_recording_exiD_s1_f1.0_target_only__exiD.parquet,sample_array_or_model,352451,d1fedd77544ce561790624d639ac031f40aeda1665035831462720c874cc9e21,R19 supplementary archive,pending_rights,,DATA_LICENSES.md provider-specific links,Keyed samples/labels/features or learned source-derived contents: applicable redistribution/non-reconstruction and mixed-license scope not established; preserve privately
R17/predictions/A2_physical_recording_exiD_s42_f0.1_continuation__exiD.parquet,sample_array_or_model,222929,cd950a5927e3343f1dbaad8169133ff8b2439922cc535b065ca01016c8dc6d17,R19 supplementary archive,pending_rights,,DATA_LICENSES.md provider-specific links,Keyed samples/labels/features or learned source-derived contents: applicable redistribution/non-reconstruction and mixed-license scope not established; preserve privately
R17/predictions/A2_physical_recording_exiD_s42_f0.1_target_only__exiD.parquet,sample_array_or_model,222673,181c1da3b45f936f8882f72e1053eba403d11e1de9368234cb29676e5ac914e7,R19 supplementary archive,pending_rights,,DATA_LICENSES.md provider-specific links,Keyed samples/labels/features or learned source-derived contents: applicable redistribution/non-reconstruction and mixed-license scope not established; preserve privately
R17/predictions/A2_physical_recording_exiD_s42_f0.2_continuation__exiD.parquet,sample_array_or_model,222945,9e6044501958ce679c1ebc3a31b2ee772a4945c899a170d174c19c4377021b2c,R19 supplementary archive,pending_rights,,DATA_LICENSES.md provider-specific links,Keyed samples/labels/features or learned source-derived contents: applicable redistribution/non-reconstruction and mixed-license scope not established; preserve privately
R17/predictions/A2_physical_recording_exiD_s42_f0.2_target_only__exiD.parquet,sample_array_or_model,222557,633bb5670f5f3b0e84e5c3f8171c765a1dd210fe62bfe9db38f480322546b664,R19 supplementary archive,pending_rights,,DATA_LICENSES.md provider-specific links,Keyed samples/labels/features or learned source-derived contents: applicable redistribution/non-reconstruction and mixed-license scope not established; preserve privately
R17/predictions/A2_physical_recording_exiD_s42_f0.4_continuation__exiD.parquet,sample_array_or_model,222949,da2c098fdee706a2a51a67d5ee3d7c6faea7ec31a2f358641a86ad319ea95f94,R19 supplementary archive,pending_rights,,DATA_LICENSES.md provider-specific links,Keyed samples/labels/features or learned source-derived contents: applicable redistribution/non-reconstruction and mixed-license scope not established; preserve privately
R17/predictions/A2_physical_recording_exiD_s42_f0.4_target_only__exiD.parquet,sample_array_or_model,222101,e8e9b78bb4440d0d7578ed65911667da7885b45a011c6301db425a0b586d1825,R19 supplementary archive,pending_rights,,DATA_LICENSES.md provider-specific links,Keyed samples/labels/features or learned source-derived contents: applicable redistribution/non-reconstruction and mixed-license scope not established; preserve privately
R17/predictions/A2_physical_recording_exiD_s42_f0.6_continuation__exiD.parquet,sample_array_or_model,222901,062c2322ef79b36f6d6fb642b94c65065d5dae5288f89d6bb6b3b96077c29d5d,R19 supplementary archive,pending_rights,,DATA_LICENSES.md provider-specific links,Keyed samples/labels/features or learned source-derived contents: applicable redistribution/non-reconstruction and mixed-license scope not established; preserve privately
R17/predictions/A2_physical_recording_exiD_s42_f0.6_target_only__exiD.parquet,sample_array_or_model,221369,1cd21eea1533912977b478a00accd4a897d1b16df5d1a56fbf5e77fbcbdbd9c2,R19 supplementary archive,pending_rights,,DATA_LICENSES.md provider-specific links,Keyed samples/labels/features or learned source-derived contents: applicable redistribution/non-reconstruction and mixed-license scope not established; preserve privately
R17/predictions/A2_physical_recording_exiD_s42_f1.0_continuation__exiD.parquet,sample_array_or_model,222933,6480273c9fb6a9683330a83323fd2277b6b2f8403ce2e3eea896225b0188a211,R19 supplementary archive,pending_rights,,DATA_LICENSES.md provider-specific links,Keyed samples/labels/features or learned source-derived contents: applicable redistribution/non-reconstruction and mixed-license scope not established; preserve privately
R17/predictions/A2_physical_recording_exiD_s42_f1.0_target_only__exiD.parquet,sample_array_or_model,221569,1ccca5f7461578ec52aefa1d81616a82390f0521d05fc2aa21b6408bc71bc25d,R19 supplementary archive,pending_rights,,DATA_LICENSES.md provider-specific links,Keyed samples/labels/features or learned source-derived contents: applicable redistribution/non-reconstruction and mixed-license scope not established; preserve privately
R17/predictions/A2_recording_ETRI_s0_f0.1_continuation__ETRI.parquet,sample_array_or_model,10888,1e11a16616ff1b4e24b0e252a28d868e6200827423724dc527427568cb8aa2cf,R19 supplementary archive,pending_rights,,DATA_LICENSES.md provider-specific links,Keyed samples/labels/features or learned source-derived contents: applicable redistribution/non-reconstruction and mixed-license scope not established; preserve privately
R17/predictions/A2_recording_ETRI_s0_f0.1_target_only__ETRI.parquet,sample_array_or_model,10723,b3925bf9ad6b92cec1df578660fb2eb581a82772c68704f66d7f3c8585872af9,R19 supplementary archive,pending_rights,,DATA_LICENSES.md provider-specific links,Keyed samples/labels/features or learned source-derived contents: applicable redistribution/non-reconstruction and mixed-license scope not established; preserve privately
R17/predictions/A2_recording_ETRI_s0_f0.2_continuation__ETRI.parquet,sample_array_or_model,10888,5eb32de697e4f945615f77142d04cd1cbd595bc704227f12ff8078ef7a5d3d3c,R19 supplementary archive,pending_rights,,DATA_LICENSES.md provider-specific links,Keyed samples/labels/features or learned source-derived contents: applicable redistribution/non-reconstruction and mixed-license scope not established; preserve privately
R17/predictions/A2_recording_ETRI_s0_f0.2_target_only__ETRI.parquet,sample_array_or_model,10782,c68b3512b1428778676b3d377c1a114391cc31221dc257de381578f538664167,R19 supplementary archive,pending_rights,,DATA_LICENSES.md provider-specific links,Keyed samples/labels/features or learned source-derived contents: applicable redistribution/non-reconstruction and mixed-license scope not established; preserve privately
R17/predictions/A2_recording_ETRI_s0_f0.4_continuation__ETRI.parquet,sample_array_or_model,10888,69191044963cbc399d5d0eed6dc30466e49dfb2faad2716fe18bb9deb700d8b9,R19 supplementary archive,pending_rights,,DATA_LICENSES.md provider-specific links,Keyed samples/labels/features or learned source-derived contents: applicable redistribution/non-reconstruction and mixed-license scope not established; preserve privately
R17/predictions/A2_recording_ETRI_s0_f0.4_target_only__ETRI.parquet,sample_array_or_model,10876,e68f40bf929ddcdb4d777eb2bc9b60fc22a3e1b8035bb2715e6471890f6846b8,R19 supplementary archive,pending_rights,,DATA_LICENSES.md provider-specific links,Keyed samples/labels/features or learned source-derived contents: applicable redistribution/non-reconstruction and mixed-license scope not established; preserve privately
R17/predictions/A2_recording_ETRI_s0_f0.6_continuation__ETRI.parquet,sample_array_or_model,10888,61b2cd2078037c9778f61f3697d9368060e50a10ce67814671f8cf3aa7d08038,R19 supplementary archive,pending_rights,,DATA_LICENSES.md provider-specific links,Keyed samples/labels/features or learned source-derived contents: applicable redistribution/non-reconstruction and mixed-license scope not established; preserve privately
R17/predictions/A2_recording_ETRI_s0_f0.6_target_only__ETRI.parquet,sample_array_or_model,10888,bb175bd39d7e21b1282419c587af394f329c9c37c092bc3bb077d2c4e6ee8ac6,R19 supplementary archive,pending_rights,,DATA_LICENSES.md provider-specific links,Keyed samples/labels/features or learned source-derived contents: applicable redistribution/non-reconstruction and mixed-license scope not established; preserve privately
R17/predictions/A2_recording_ETRI_s0_f1.0_continuation__ETRI.parquet,sample_array_or_model,10888,1db1b016176d9d8a9b6a8444012f4e3e89e6b995fcf28a94f6f8e73baa292ecf,R19 supplementary archive,pending_rights,,DATA_LICENSES.md provider-specific links,Keyed samples/labels/features or learned source-derived contents: applicable redistribution/non-reconstruction and mixed-license scope not established; preserve privately
R17/predictions/A2_recording_ETRI_s0_f1.0_target_only__ETRI.parquet,sample_array_or_model,10888,3965384aca7054d1dbce6576b8f87ba45086aa56e8136169c91f7f68a26f82d2,R19 supplementary archive,pending_rights,,DATA_LICENSES.md provider-specific links,Keyed samples/labels/features or learned source-derived contents: applicable redistribution/non-reconstruction and mixed-license scope not established; preserve privately
R17/predictions/A2_recording_ETRI_s1_f0.1_continuation__ETRI.parquet,sample_array_or_model,10886,d27174cfaee457b5b1313bfd12658b0f3e850ef9fdb96ba377dc47b58ba41ccb,R19 supplementary archive,pending_rights,,DATA_LICENSES.md provider-specific links,Keyed samples/labels/features or learned source-derived contents: applicable redistribution/non-reconstruction and mixed-license scope not established; preserve privately
R17/predictions/A2_recording_ETRI_s1_f0.1_target_only__ETRI.parquet,sample_array_or_model,10715,97da3c9056397a74b34ea31b3849ff4f2304863cc0f4719a80805479ac467980,R19 supplementary archive,pending_rights,,DATA_LICENSES.md provider-specific links,Keyed samples/labels/features or learned source-derived contents: applicable redistribution/non-reconstruction and mixed-license scope not established; preserve privately
R17/predictions/A2_recording_ETRI_s1_f0.2_continuation__ETRI.parquet,sample_array_or_model,10888,cc65a9bf74ae9a4b2e27dd927bdff0a22049141b71489abc48ed6dff04c36f42,R19 supplementary archive,pending_rights,,DATA_LICENSES.md provider-specific links,Keyed samples/labels/features or learned source-derived contents: applicable redistribution/non-reconstruction and mixed-license scope not established; preserve privately
R17/predictions/A2_recording_ETRI_s1_f0.2_target_only__ETRI.parquet,sample_array_or_model,10888,0e048f976f7560591f8182760afd915e073cb8ffe29202ba41d2eafba1580640,R19 supplementary archive,pending_rights,,DATA_LICENSES.md provider-specific links,Keyed samples/labels/features or learned source-derived contents: applicable redistribution/non-reconstruction and mixed-license scope not established; preserve privately
R17/predictions/A2_recording_ETRI_s1_f0.4_continuation__ETRI.parquet,sample_array_or_model,10888,ec965d52fb4813eb8705cd003a1a5121ed0c69168926dc51aa01d1aab79bedf6,R19 supplementary archive,pending_rights,,DATA_LICENSES.md provider-specific links,Keyed samples/labels/features or learned source-derived contents: applicable redistribution/non-reconstruction and mixed-license scope not established; preserve privately
R17/predictions/A2_recording_ETRI_s1_f0.4_target_only__ETRI.parquet,sample_array_or_model,10888,0949e3f1ee8a0a432236b4eed6e267aec1d958d65b1e319bfa2d6aba4b492043,R19 supplementary archive,pending_rights,,DATA_LICENSES.md provider-specific links,Keyed samples/labels/features or learned source-derived contents: applicable redistribution/non-reconstruction and mixed-license scope not established; preserve privately
R17/predictions/A2_recording_ETRI_s1_f0.6_continuation__ETRI.parquet,sample_array_or_model,10888,22d197760869e95efb7ddf6f4ef63d6cc9ff249cc9024d7a73c31352ec2d68ad,R19 supplementary archive,pending_rights,,DATA_LICENSES.md provider-specific links,Keyed samples/labels/features or learned source-derived contents: applicable redistribution/non-reconstruction and mixed-license scope not established; preserve privately
R17/predictions/A2_recording_ETRI_s1_f0.6_target_only__ETRI.parquet,sample_array_or_model,10888,768351f37116d211eaa67bf05556e29680b12e223beaeba4fcb8fa8aaaa656a2,R19 supplementary archive,pending_rights,,DATA_LICENSES.md provider-specific links,Keyed samples/labels/features or learned source-derived contents: applicable redistribution/non-reconstruction and mixed-license scope not established; preserve privately
R17/predictions/A2_recording_ETRI_s1_f1.0_continuation__ETRI.parquet,sample_array_or_model,10888,fb6097f51cf4ffac4f92e2ceb867bb79e2f19f2716438267104fa69c242f3835,R19 supplementary archive,pending_rights,,DATA_LICENSES.md provider-specific links,Keyed samples/labels/features or learned source-derived contents: applicable redistribution/non-reconstruction and mixed-license scope not established; preserve privately
R17/predictions/A2_recording_ETRI_s1_f1.0_target_only__ETRI.parquet,sample_array_or_model,10880,7b235e58ca09bd27be31fa1c9c9850c1418715db88d532a202270f0359a5064f,R19 supplementary archive,pending_rights,,DATA_LICENSES.md provider-specific links,Keyed samples/labels/features or learned source-derived contents: applicable redistribution/non-reconstruction and mixed-license scope not established; preserve privately
R17/predictions/A2_recording_ETRI_s42_f0.1_continuation__ETRI.parquet,sample_array_or_model,10942,3630910c95aa04bac60cd32abcde284f4b7fdbd3d0b09b7d7d0de61ce3f0d9d6,R19 supplementary archive,pending_rights,,DATA_LICENSES.md provider-specific links,Keyed samples/labels/features or learned source-derived contents: applicable redistribution/non-reconstruction and mixed-license scope not established; preserve privately
R17/predictions/A2_recording_ETRI_s42_f0.1_target_only__ETRI.parquet,sample_array_or_model,10859,2fd6137eafd74144c0b65361e28fb2dfc6b4eae3ad7b77cb2a8dc3194a13fedf,R19 supplementary archive,pending_rights,,DATA_LICENSES.md provider-specific links,Keyed samples/labels/features or learned source-derived contents: applicable redistribution/non-reconstruction and mixed-license scope not established; preserve privately
R17/predictions/A2_recording_ETRI_s42_f0.2_continuation__ETRI.parquet,sample_array_or_model,10942,c59d608a186ddd8690da570e4efffc2525f37a92ca36741d0e936d1572b9dd90,R19 supplementary archive,pending_rights,,DATA_LICENSES.md provider-specific links,Keyed samples/labels/features or learned source-derived contents: applicable redistribution/non-reconstruction and mixed-license scope not established; preserve privately
R17/predictions/A2_recording_ETRI_s42_f0.2_target_only__ETRI.parquet,sample_array_or_model,10906,bd2860d6d3bd84d95b8de71e7007e3437637c081948a46668469a2a45098928a,R19 supplementary archive,pending_rights,,DATA_LICENSES.md provider-specific links,Keyed samples/labels/features or learned source-derived contents: applicable redistribution/non-reconstruction and mixed-license scope not established; preserve privately
R17/predictions/A2_recording_ETRI_s42_f0.4_continuation__ETRI.parquet,sample_array_or_model,10942,d925b83127537482b66d3904c15dc65e96854c9300ed433c4e502e9c03a3b60a,R19 supplementary archive,pending_rights,,DATA_LICENSES.md provider-specific links,Keyed samples/labels/features or learned source-derived contents: applicable redistribution/non-reconstruction and mixed-license scope not established; preserve privately
R17/predictions/A2_recording_ETRI_s42_f0.4_target_only__ETRI.parquet,sample_array_or_model,10926,05841a82dcbc68bb006cedc1ea23245fdb29fb8dfa61af15350a2cbd17d84075,R19 supplementary archive,pending_rights,,DATA_LICENSES.md provider-specific links,Keyed samples/labels/features or learned source-derived contents: applicable redistribution/non-reconstruction and mixed-license scope not established; preserve privately
R17/predictions/A2_recording_ETRI_s42_f0.6_continuation__ETRI.parquet,sample_array_or_model,10942,ba6bd293a0e2871a16d83d0d7e1920bc4b59e61ace68c32369c52d8f856da826,R19 supplementary archive,pending_rights,,DATA_LICENSES.md provider-specific links,Keyed samples/labels/features or learned source-derived contents: applicable redistribution/non-reconstruction and mixed-license scope not established; preserve privately
R17/predictions/A2_recording_ETRI_s42_f0.6_target_only__ETRI.parquet,sample_array_or_model,10938,b168a74fd9b88fb94b2a1d191b0ab0aa0bbf4f3b962d454643f09551178e441e,R19 supplementary archive,pending_rights,,DATA_LICENSES.md provider-specific links,Keyed samples/labels/features or learned source-derived contents: applicable redistribution/non-reconstruction and mixed-license scope not established; preserve privately
R17/predictions/A2_recording_ETRI_s42_f1.0_continuation__ETRI.parquet,sample_array_or_model,10942,8c528cba483b91a8830f27bedf4ee1c617522bb969f7e24ab55388c540adb613,R19 supplementary archive,pending_rights,,DATA_LICENSES.md provider-specific links,Keyed samples/labels/features or learned source-derived contents: applicable redistribution/non-reconstruction and mixed-license scope not established; preserve privately
R17/predictions/A2_recording_ETRI_s42_f1.0_target_only__ETRI.parquet,sample_array_or_model,10938,1178fc3403c5fedf58137c6848e4fbb2744fce7153bbaa8b63f39fa1ea10abb4,R19 supplementary archive,pending_rights,,DATA_LICENSES.md provider-specific links,Keyed samples/labels/features or learned source-derived contents: applicable redistribution/non-reconstruction and mixed-license scope not established; preserve privately
R17/predictions/A2_recording_exiD_s0_f0.1_continuation__exiD.parquet,sample_array_or_model,290894,1769dbd297d2dc9693cea053acc0452dfc463be2510968993f748dabcce84a5f,R19 supplementary archive,pending_rights,,DATA_LICENSES.md provider-specific links,Keyed samples/labels/features or learned source-derived contents: applicable redistribution/non-reconstruction and mixed-license scope not established; preserve privately
R17/predictions/A2_recording_exiD_s0_f0.1_target_only__exiD.parquet,sample_array_or_model,290686,a6c13f75179a524407192b7ea86668333d23814a525df4e341a123bd72cd3896,R19 supplementary archive,pending_rights,,DATA_LICENSES.md provider-specific links,Keyed samples/labels/features or learned source-derived contents: applicable redistribution/non-reconstruction and mixed-license scope not established; preserve privately
R17/predictions/A2_recording_exiD_s0_f0.2_continuation__exiD.parquet,sample_array_or_model,290938,a33f79464da81ac84322f108a452127198a99c1b9e452f1382ad735077cba7f4,R19 supplementary archive,pending_rights,,DATA_LICENSES.md provider-specific links,Keyed samples/labels/features or learned source-derived contents: applicable redistribution/non-reconstruction and mixed-license scope not established; preserve privately
R17/predictions/A2_recording_exiD_s0_f0.2_target_only__exiD.parquet,sample_array_or_model,290330,a9c8ae4ddaf1b858f06ef265529b4cd6a59dcc855a8f1853fc6f6c74b3276e90,R19 supplementary archive,pending_rights,,DATA_LICENSES.md provider-specific links,Keyed samples/labels/features or learned source-derived contents: applicable redistribution/non-reconstruction and mixed-license scope not established; preserve privately
R17/predictions/A2_recording_exiD_s0_f0.4_continuation__exiD.parquet,sample_array_or_model,290918,992552d0d919cf292433810d2444d96bfc416525fe8c19d3f5c80a3ae6384008,R19 supplementary archive,pending_rights,,DATA_LICENSES.md provider-specific links,Keyed samples/labels/features or learned source-derived contents: applicable redistribution/non-reconstruction and mixed-license scope not established; preserve privately
R17/predictions/A2_recording_exiD_s0_f0.4_target_only__exiD.parquet,sample_array_or_model,289338,c4828c38bd3e558a2108c502f787a236a9fc239d20e380a7829a4f8ba45b56c0,R19 supplementary archive,pending_rights,,DATA_LICENSES.md provider-specific links,Keyed samples/labels/features or learned source-derived contents: applicable redistribution/non-reconstruction and mixed-license scope not established; preserve privately
R17/predictions/A2_recording_exiD_s0_f0.6_continuation__exiD.parquet,sample_array_or_model,290902,b5f86443bb9fd2bd1baa40ab704310ca603af197f34872c688fdeac19fc68ac5,R19 supplementary archive,pending_rights,,DATA_LICENSES.md provider-specific links,Keyed samples/labels/features or learned source-derived contents: applicable redistribution/non-reconstruction and mixed-license scope not established; preserve privately
R17/predictions/A2_recording_exiD_s0_f0.6_target_only__exiD.parquet,sample_array_or_model,289238,d4a9a9717734aea0c1e6fe60339217a2f1f4e5cc050faef6914d960c3f2c22f4,R19 supplementary archive,pending_rights,,DATA_LICENSES.md provider-specific links,Keyed samples/labels/features or learned source-derived contents: applicable redistribution/non-reconstruction and mixed-license scope not established; preserve privately
R17/predictions/A2_recording_exiD_s0_f1.0_continuation__exiD.parquet,sample_array_or_model,290926,caa30aac3939a4bac225a0522561e73aeb6bf89a4b0082ae743c00d37ae68c0d,R19 supplementary archive,pending_rights,,DATA_LICENSES.md provider-specific links,Keyed samples/labels/features or learned source-derived contents: applicable redistribution/non-reconstruction and mixed-license scope not established; preserve privately
R17/predictions/A2_recording_exiD_s0_f1.0_target_only__exiD.parquet,sample_array_or_model,202349,d628c7e22fef14c2ddc81250e16e27dde7b8e6e66fd07cc9a47b8dd9102c77e6,R19 supplementary archive,pending_rights,,DATA_LICENSES.md provider-specific links,Keyed samples/labels/features or learned source-derived contents: applicable redistribution/non-reconstruction and mixed-license scope not established; preserve privately
R17/predictions/A2_recording_exiD_s1_f0.1_continuation__exiD.parquet,sample_array_or_model,316671,c388e29af139fc2049919ec046c3cde102252c76ba1fc11dea9322ec604add72,R19 supplementary archive,pending_rights,,DATA_LICENSES.md provider-specific links,Keyed samples/labels/features or learned source-derived contents: applicable redistribution/non-reconstruction and mixed-license scope not established; preserve privately
R17/predictions/A2_recording_exiD_s1_f0.1_target_only__exiD.parquet,sample_array_or_model,316275,3a18d331f3fb36f25f21f90be6e5bed3e5b69c01d7865d4efd4251144f063812,R19 supplementary archive,pending_rights,,DATA_LICENSES.md provider-specific links,Keyed samples/labels/features or learned source-derived contents: applicable redistribution/non-reconstruction and mixed-license scope not established; preserve privately
R17/predictions/A2_recording_exiD_s1_f0.2_continuation__exiD.parquet,sample_array_or_model,316675,620c67764e9ce5afa090b3a0d7a4391b7866c23beb1be005accef3a43f2608fc,R19 supplementary archive,pending_rights,,DATA_LICENSES.md provider-specific links,Keyed samples/labels/features or learned source-derived contents: applicable redistribution/non-reconstruction and mixed-license scope not established; preserve privately
R17/predictions/A2_recording_exiD_s1_f0.2_target_only__exiD.parquet,sample_array_or_model,316311,55d72a18682727b344fff70e5fb7578195ebf616e8087a31d9063c9330edac17,R19 supplementary archive,pending_rights,,DATA_LICENSES.md provider-specific links,Keyed samples/labels/features or learned source-derived contents: applicable redistribution/non-reconstruction and mixed-license scope not established; preserve privately
R17/predictions/A2_recording_exiD_s1_f0.4_continuation__exiD.parquet,sample_array_or_model,316687,14e51274ac0ff4a5c180f38272e343c4df98bdc05f945218c551f2dc54737cc7,R19 supplementary archive,pending_rights,,DATA_LICENSES.md provider-specific links,Keyed samples/labels/features or learned source-derived contents: applicable redistribution/non-reconstruction and mixed-license scope not established; preserve privately
R17/predictions/A2_recording_exiD_s1_f0.4_target_only__exiD.parquet,sample_array_or_model,315775,04bba481e116702c7de4e3e829b45e942f417437254c89103fbb70948fb54e40,R19 supplementary archive,pending_rights,,DATA_LICENSES.md provider-specific links,Keyed samples/labels/features or learned source-derived contents: applicable redistribution/non-reconstruction and mixed-license scope not established; preserve privately
R17/predictions/A2_recording_exiD_s1_f0.6_continuation__exiD.parquet,sample_array_or_model,316687,4f31c5ed11750720e7e6d13d7a8ce0951c4a9e2e2347cd64b12c94ae85a73503,R19 supplementary archive,pending_rights,,DATA_LICENSES.md provider-specific links,Keyed samples/labels/features or learned source-derived contents: applicable redistribution/non-reconstruction and mixed-license scope not established; preserve privately
R17/predictions/A2_recording_exiD_s1_f0.6_target_only__exiD.parquet,sample_array_or_model,314959,e89cdddd7ff9db611b5a16676af5d5c47edf30ac5d2e66330b7f479053f0aa33,R19 supplementary archive,pending_rights,,DATA_LICENSES.md provider-specific links,Keyed samples/labels/features or learned source-derived contents: applicable redistribution/non-reconstruction and mixed-license scope not established; preserve privately
R17/predictions/A2_recording_exiD_s1_f1.0_continuation__exiD.parquet,sample_array_or_model,316683,7c0842021d4aad6e3fb8e1dafd0cde19a3dc34975290a1c0f67f531b34ea48c8,R19 supplementary archive,pending_rights,,DATA_LICENSES.md provider-specific links,Keyed samples/labels/features or learned source-derived contents: applicable redistribution/non-reconstruction and mixed-license scope not established; preserve privately
R17/predictions/A2_recording_exiD_s1_f1.0_target_only__exiD.parquet,sample_array_or_model,313823,d80bf1c40772df068ae0a15b4cdc42c9e98322681d10baa49b34e16cce2a16d0,R19 supplementary archive,pending_rights,,DATA_LICENSES.md provider-specific links,Keyed samples/labels/features or learned source-derived contents: applicable redistribution/non-reconstruction and mixed-license scope not established; preserve privately
R17/predictions/A2_recording_exiD_s42_f0.1_continuation__exiD.parquet,sample_array_or_model,232244,18415f2095a9a15238d94c7992c0bb4c175fe6bd2de90d1caa5064aa6a894599,R19 supplementary archive,pending_rights,,DATA_LICENSES.md provider-specific links,Keyed samples/labels/features or learned source-derived contents: applicable redistribution/non-reconstruction and mixed-license scope not established; preserve privately
R17/predictions/A2_recording_exiD_s42_f0.1_target_only__exiD.parquet,sample_array_or_model,232072,0a06d875dd79dca8bce62514d1c0c7ee54b845f27d2df92e1e8aa08d770ad20e,R19 supplementary archive,pending_rights,,DATA_LICENSES.md provider-specific links,Keyed samples/labels/features or learned source-derived contents: applicable redistribution/non-reconstruction and mixed-license scope not established; preserve privately
R17/predictions/A2_recording_exiD_s42_f0.2_continuation__exiD.parquet,sample_array_or_model,232220,4054fc097c3fa78b66dbb3ef055f12bbea71db0269a03172a794c81890c626ca,R19 supplementary archive,pending_rights,,DATA_LICENSES.md provider-specific links,Keyed samples/labels/features or learned source-derived contents: applicable redistribution/non-reconstruction and mixed-license scope not established; preserve privately
R17/predictions/A2_recording_exiD_s42_f0.2_target_only__exiD.parquet,sample_array_or_model,231904,94ca563d0986fde846e629a79011f104e740e8c2bfaa803ba932a20f697f2207,R19 supplementary archive,pending_rights,,DATA_LICENSES.md provider-specific links,Keyed samples/labels/features or learned source-derived contents: applicable redistribution/non-reconstruction and mixed-license scope not established; preserve privately
R17/predictions/A2_recording_exiD_s42_f0.4_continuation__exiD.parquet,sample_array_or_model,232200,4e334a1e7bba25e266f5e9af2e305c46db8df7c1f153ed6b6c9d61b55180cc21,R19 supplementary archive,pending_rights,,DATA_LICENSES.md provider-specific links,Keyed samples/labels/features or learned source-derived contents: applicable redistribution/non-reconstruction and mixed-license scope not established; preserve privately
R17/predictions/A2_recording_exiD_s42_f0.4_target_only__exiD.parquet,sample_array_or_model,231424,5790794f47375b5fbc4c6b65ef04d1a4ee0714feb3cd6ecc2879098772fc5140,R19 supplementary archive,pending_rights,,DATA_LICENSES.md provider-specific links,Keyed samples/labels/features or learned source-derived contents: applicable redistribution/non-reconstruction and mixed-license scope not established; preserve privately
R17/predictions/A2_recording_exiD_s42_f0.6_continuation__exiD.parquet,sample_array_or_model,232228,6349ae61492fd6787cd1a5a466975187150d7a937b59e49d87e48408bf85f1a3,R19 supplementary archive,pending_rights,,DATA_LICENSES.md provider-specific links,Keyed samples/labels/features or learned source-derived contents: applicable redistribution/non-reconstruction and mixed-license scope not established; preserve privately
R17/predictions/A2_recording_exiD_s42_f0.6_target_only__exiD.parquet,sample_array_or_model,231280,188d0aaf25a0aed9585837e6d874d4f844515d201807485b7d176752707dc8e4,R19 supplementary archive,pending_rights,,DATA_LICENSES.md provider-specific links,Keyed samples/labels/features or learned source-derived contents: applicable redistribution/non-reconstruction and mixed-license scope not established; preserve privately
R17/predictions/A2_recording_exiD_s42_f1.0_continuation__exiD.parquet,sample_array_or_model,232204,f2fcf2c75fa845fbe6bf846971955f35267c25e20425526f5d7bc8a623c2e2a6,R19 supplementary archive,pending_rights,,DATA_LICENSES.md provider-specific links,Keyed samples/labels/features or learned source-derived contents: applicable redistribution/non-reconstruction and mixed-license scope not established; preserve privately
R17/predictions/A2_recording_exiD_s42_f1.0_target_only__exiD.parquet,sample_array_or_model,231192,4feefae88e6a8f3e7db3467b4233d344105ab54110a08fe5984d8c0259b69b48,R19 supplementary archive,pending_rights,,DATA_LICENSES.md provider-specific links,Keyed samples/labels/features or learned source-derived contents: applicable redistribution/non-reconstruction and mixed-license scope not established; preserve privately
R17/predictions/A2_recording_uniD_s0_f0.1_continuation__uniD.parquet,sample_array_or_model,54123,fdab622baa9ff59c93c35b76beaddab28dfb275b0281c0c0e2557c2415e56305,R19 supplementary archive,pending_rights,,DATA_LICENSES.md provider-specific links,Keyed samples/labels/features or learned source-derived contents: applicable redistribution/non-reconstruction and mixed-license scope not established; preserve privately
R17/predictions/A2_recording_uniD_s0_f0.1_target_only__uniD.parquet,sample_array_or_model,54047,1f16a0fa6f5726bcbb667fde9b7c68369bc03b673d45f068fb6fb4ab7d16a6dd,R19 supplementary archive,pending_rights,,DATA_LICENSES.md provider-specific links,Keyed samples/labels/features or learned source-derived contents: applicable redistribution/non-reconstruction and mixed-license scope not established; preserve privately
R17/predictions/A2_recording_uniD_s0_f0.2_continuation__uniD.parquet,sample_array_or_model,54113,1bf18120853e623e58378c05131cef3e0f9c327de6814d732d67cace05919233,R19 supplementary archive,pending_rights,,DATA_LICENSES.md provider-specific links,Keyed samples/labels/features or learned source-derived contents: applicable redistribution/non-reconstruction and mixed-license scope not established; preserve privately
R17/predictions/A2_recording_uniD_s0_f0.2_target_only__uniD.parquet,sample_array_or_model,54023,e84cbc90882e381b798a6c0b4523362ea1d4d12baae2c77b1b30d3ac0e426a4c,R19 supplementary archive,pending_rights,,DATA_LICENSES.md provider-specific links,Keyed samples/labels/features or learned source-derived contents: applicable redistribution/non-reconstruction and mixed-license scope not established; preserve privately
R17/predictions/A2_recording_uniD_s0_f0.4_continuation__uniD.parquet,sample_array_or_model,54115,036a870fa70cc898078872ddea93632a5b626b1578135fa15b2f69969edd6f52,R19 supplementary archive,pending_rights,,DATA_LICENSES.md provider-specific links,Keyed samples/labels/features or learned source-derived contents: applicable redistribution/non-reconstruction and mixed-license scope not established; preserve privately
R17/predictions/A2_recording_uniD_s0_f0.4_target_only__uniD.parquet,sample_array_or_model,54075,74bc0aa731a4c845698798a302d029e0123a41a2ff529a50286f6ac78a4cdfc2,R19 supplementary archive,pending_rights,,DATA_LICENSES.md provider-specific links,Keyed samples/labels/features or learned source-derived contents: applicable redistribution/non-reconstruction and mixed-license scope not established; preserve privately
R17/predictions/A2_recording_uniD_s0_f0.6_continuation__uniD.parquet,sample_array_or_model,54111,613d5f4a1f376991beada3b43fdadf18c8b774c43584ed87cb45d610d7298e08,R19 supplementary archive,pending_rights,,DATA_LICENSES.md provider-specific links,Keyed samples/labels/features or learned source-derived contents: applicable redistribution/non-reconstruction and mixed-license scope not established; preserve privately
R17/predictions/A2_recording_uniD_s0_f0.6_target_only__uniD.parquet,sample_array_or_model,54011,b75ec11a737d5aaa53593927c90e8408add767da7d9f1fa29310d06132df980d,R19 supplementary archive,pending_rights,,DATA_LICENSES.md provider-specific links,Keyed samples/labels/features or learned source-derived contents: applicable redistribution/non-reconstruction and mixed-license scope not established; preserve privately
R17/predictions/A2_recording_uniD_s0_f1.0_continuation__uniD.parquet,sample_array_or_model,54115,95798d386716854167f8c08c68edfcf25d950fec579aed1a3db36d43ab95fc74,R19 supplementary archive,pending_rights,,DATA_LICENSES.md provider-specific links,Keyed samples/labels/features or learned source-derived contents: applicable redistribution/non-reconstruction and mixed-license scope not established; preserve privately
R17/predictions/A2_recording_uniD_s0_f1.0_target_only__uniD.parquet,sample_array_or_model,54023,9f473fc2cd2884551d83b1c41eada961da1b6dbe7074da23f1a2d4f25941cefd,R19 supplementary archive,pending_rights,,DATA_LICENSES.md provider-specific links,Keyed samples/labels/features or learned source-derived contents: applicable redistribution/non-reconstruction and mixed-license scope not established; preserve privately
R17/predictions/A2_recording_uniD_s1_f0.1_continuation__uniD.parquet,sample_array_or_model,49568,6c0b38ec0656fb8f14810c64a60205520caec0779defb97a10f9434b4e4e2b5d,R19 supplementary archive,pending_rights,,DATA_LICENSES.md provider-specific links,Keyed samples/labels/features or learned source-derived contents: applicable redistribution/non-reconstruction and mixed-license scope not established; preserve privately
R17/predictions/A2_recording_uniD_s1_f0.1_target_only__uniD.parquet,sample_array_or_model,49216,9f34011b33f6a9089f40bbbdef6586ef2f41f4013ff65ec52df49d4844e70fd4,R19 supplementary archive,pending_rights,,DATA_LICENSES.md provider-specific links,Keyed samples/labels/features or learned source-derived contents: applicable redistribution/non-reconstruction and mixed-license scope not established; preserve privately
R17/predictions/A2_recording_uniD_s1_f0.2_continuation__uniD.parquet,sample_array_or_model,49568,ab8d7c34526c0ad0d50e07a102d3af0ed6918acea97fe0b0782acc1a1d235689,R19 supplementary archive,pending_rights,,DATA_LICENSES.md provider-specific links,Keyed samples/labels/features or learned source-derived contents: applicable redistribution/non-reconstruction and mixed-license scope not established; preserve privately
R17/predictions/A2_recording_uniD_s1_f0.2_target_only__uniD.parquet,sample_array_or_model,49216,ccf4278ae122ee58f7b394753a6278b295d951bacb6f8832227a773a7b246eaa,R19 supplementary archive,pending_rights,,DATA_LICENSES.md provider-specific links,Keyed samples/labels/features or learned source-derived contents: applicable redistribution/non-reconstruction and mixed-license scope not established; preserve privately
R17/predictions/A2_recording_uniD_s1_f0.4_continuation__uniD.parquet,sample_array_or_model,49576,6252525c46324f2173e57233d28f4fc623dc40913ae137376de197fba94511c0,R19 supplementary archive,pending_rights,,DATA_LICENSES.md provider-specific links,Keyed samples/labels/features or learned source-derived contents: applicable redistribution/non-reconstruction and mixed-license scope not established; preserve privately
R17/predictions/A2_recording_uniD_s1_f0.4_target_only__uniD.parquet,sample_array_or_model,49516,e8699f43c07c4047bca6e8c47cdd15eae64a81f6b72dea334b0121da13bedcbf,R19 supplementary archive,pending_rights,,DATA_LICENSES.md provider-specific links,Keyed samples/labels/features or learned source-derived contents: applicable redistribution/non-reconstruction and mixed-license scope not established; preserve privately
R17/predictions/A2_recording_uniD_s1_f0.6_continuation__uniD.parquet,sample_array_or_model,49576,14d790eb2a37bfda8bc5a67a5bd5534cb58c484f2c5b22ce705037120a5dd747,R19 supplementary archive,pending_rights,,DATA_LICENSES.md provider-specific links,Keyed samples/labels/features or learned source-derived contents: applicable redistribution/non-reconstruction and mixed-license scope not established; preserve privately
R17/predictions/A2_recording_uniD_s1_f0.6_target_only__uniD.parquet,sample_array_or_model,49508,125ccfae646f85d8fcb566e2aa0ec75411f094328c768e916f56dc54e27a07b6,R19 supplementary archive,pending_rights,,DATA_LICENSES.md provider-specific links,Keyed samples/labels/features or learned source-derived contents: applicable redistribution/non-reconstruction and mixed-license scope not established; preserve privately
R17/predictions/A2_recording_uniD_s1_f1.0_continuation__uniD.parquet,sample_array_or_model,49568,5b7458a1fe8da0bb3cd53a30ae38b156e3411c1afe51d79989de06756315302d,R19 supplementary archive,pending_rights,,DATA_LICENSES.md provider-specific links,Keyed samples/labels/features or learned source-derived contents: applicable redistribution/non-reconstruction and mixed-license scope not established; preserve privately
R17/predictions/A2_recording_uniD_s1_f1.0_target_only__uniD.parquet,sample_array_or_model,49484,5df91ba2c475916949490589ac29d136af3b1f4a61cf966a4fe2fc6e75dc9df4,R19 supplementary archive,pending_rights,,DATA_LICENSES.md provider-specific links,Keyed samples/labels/features or learned source-derived contents: applicable redistribution/non-reconstruction and mixed-license scope not established; preserve privately
R17/predictions/A2_recording_uniD_s42_f0.1_continuation__uniD.parquet,sample_array_or_model,35064,8e4055688d999a71775469ec99c41f15c2040f0155c07b2977716aa35c7c423f,R19 supplementary archive,pending_rights,,DATA_LICENSES.md provider-specific links,Keyed samples/labels/features or learned source-derived contents: applicable redistribution/non-reconstruction and mixed-license scope not established; preserve privately
R17/predictions/A2_recording_uniD_s42_f0.1_target_only__uniD.parquet,sample_array_or_model,34456,801fbf840f3d0a2520bb8bc7fb469269e57098e836299372dc3017d13bb7d2a6,R19 supplementary archive,pending_rights,,DATA_LICENSES.md provider-specific links,Keyed samples/labels/features or learned source-derived contents: applicable redistribution/non-reconstruction and mixed-license scope not established; preserve privately
R17/predictions/A2_recording_uniD_s42_f0.2_continuation__uniD.parquet,sample_array_or_model,35056,a7052f6ebf04009034fd3ca50e30d2822effc775f40de1ec72067ab547f7adef,R19 supplementary archive,pending_rights,,DATA_LICENSES.md provider-specific links,Keyed samples/labels/features or learned source-derived contents: applicable redistribution/non-reconstruction and mixed-license scope not established; preserve privately
R17/predictions/A2_recording_uniD_s42_f0.2_target_only__uniD.parquet,sample_array_or_model,35032,d5e281c062100c4c201dbea7e89e44afcfb5856664df938687ad22901308e371,R19 supplementary archive,pending_rights,,DATA_LICENSES.md provider-specific links,Keyed samples/labels/features or learned source-derived contents: applicable redistribution/non-reconstruction and mixed-license scope not established; preserve privately
R17/predictions/A2_recording_uniD_s42_f0.4_continuation__uniD.parquet,sample_array_or_model,35068,bbc89efe4862093f04622a1069ce435140e82670e01bc3aa8746aec18c4caf0f,R19 supplementary archive,pending_rights,,DATA_LICENSES.md provider-specific links,Keyed samples/labels/features or learned source-derived contents: applicable redistribution/non-reconstruction and mixed-license scope not established; preserve privately
R17/predictions/A2_recording_uniD_s42_f0.4_target_only__uniD.parquet,sample_array_or_model,35040,d6879326f0e3b1db67a569f8bb9e1411218891496249243e628f88250267cd82,R19 supplementary archive,pending_rights,,DATA_LICENSES.md provider-specific links,Keyed samples/labels/features or learned source-derived contents: applicable redistribution/non-reconstruction and mixed-license scope not established; preserve privately
R17/predictions/A2_recording_uniD_s42_f0.6_continuation__uniD.parquet,sample_array_or_model,35068,b22b6ae437854c46b5964cb5fa18e3d4d0843928d0ba767cf7a8473ee22502f9,R19 supplementary archive,pending_rights,,DATA_LICENSES.md provider-specific links,Keyed samples/labels/features or learned source-derived contents: applicable redistribution/non-reconstruction and mixed-license scope not established; preserve privately
R17/predictions/A2_recording_uniD_s42_f0.6_target_only__uniD.parquet,sample_array_or_model,35000,b9830cf36eee197deef268958902fb2b8d8cfd8ca25b88f55833c0354921e2b7,R19 supplementary archive,pending_rights,,DATA_LICENSES.md provider-specific links,Keyed samples/labels/features or learned source-derived contents: applicable redistribution/non-reconstruction and mixed-license scope not established; preserve privately
R17/predictions/A2_recording_uniD_s42_f1.0_continuation__uniD.parquet,sample_array_or_model,35068,0a431fb89c8a3971998c0415027739e436b8591f8d6035743b6b032ac5187c7c,R19 supplementary archive,pending_rights,,DATA_LICENSES.md provider-specific links,Keyed samples/labels/features or learned source-derived contents: applicable redistribution/non-reconstruction and mixed-license scope not established; preserve privately
R17/predictions/A2_recording_uniD_s42_f1.0_target_only__uniD.parquet,sample_array_or_model,35016,997a5921b6acdeae04ddcb514673270534de4a03d664cf283b2e88d23674bc65,R19 supplementary archive,pending_rights,,DATA_LICENSES.md provider-specific links,Keyed samples/labels/features or learned source-derived contents: applicable redistribution/non-reconstruction and mixed-license scope not established; preserve privately
R17/references/r16_predictions/xgb_train_median_after_seed0_ETRI.parquet,sample_array_or_model,9572,eaa50322bcd2747645d7aa0c2040556e93147188f1658e31572fe3c613d528a8,R19 supplementary archive,pending_rights,,DATA_LICENSES.md provider-specific links,Keyed samples/labels/features or learned source-derived contents: applicable redistribution/non-reconstruction and mixed-license scope not established; preserve privately
R17/references/r16_predictions/xgb_train_median_after_seed0_exiD.parquet,sample_array_or_model,897722,3dadbf0f6e2f445d5b58502b4e7778d13ce424f6f053d6b02c18441fc8e785a1,R19 supplementary archive,pending_rights,,DATA_LICENSES.md provider-specific links,Keyed samples/labels/features or learned source-derived contents: applicable redistribution/non-reconstruction and mixed-license scope not established; preserve privately
R17/references/r16_predictions/xgb_train_median_after_seed0_in_domain.parquet,sample_array_or_model,205502,2db99f527c8191a0f2ac4f39e365a7b0499888e45b2e4ff9d3f41dd13e944f4d,R19 supplementary archive,pending_rights,,DATA_LICENSES.md provider-specific links,Keyed samples/labels/features or learned source-derived contents: applicable redistribution/non-reconstruction and mixed-license scope not established; preserve privately
R17/references/r16_predictions/xgb_train_median_after_seed0_uniD.parquet,sample_array_or_model,147876,213b6524b7e0a27f87512e0314a4a1535cd2273bd2917bedcf2e6f33d4fbdc49,R19 supplementary archive,pending_rights,,DATA_LICENSES.md provider-specific links,Keyed samples/labels/features or learned source-derived contents: applicable redistribution/non-reconstruction and mixed-license scope not established; preserve privately
R17/references/r16_predictions/xgb_train_median_after_seed1_ETRI.parquet,sample_array_or_model,9572,a3bd97c3d8e45454fb427b2c2c31c5b1c8b494c33f212d4951c4a4ff20e9416f,R19 supplementary archive,pending_rights,,DATA_LICENSES.md provider-specific links,Keyed samples/labels/features or learned source-derived contents: applicable redistribution/non-reconstruction and mixed-license scope not established; preserve privately
R17/references/r16_predictions/xgb_train_median_after_seed1_exiD.parquet,sample_array_or_model,897982,f5ce2d45aff8857a3123adac1b6a15cfa81a7f4f61808d7a2a9f835fc0ddd86e,R19 supplementary archive,pending_rights,,DATA_LICENSES.md provider-specific links,Keyed samples/labels/features or learned source-derived contents: applicable redistribution/non-reconstruction and mixed-license scope not established; preserve privately
R17/references/r16_predictions/xgb_train_median_after_seed1_in_domain.parquet,sample_array_or_model,207430,1d521963b9c17b27f07478af6520f2d97a85e101ad4ba5c1e3be92c90c12176d,R19 supplementary archive,pending_rights,,DATA_LICENSES.md provider-specific links,Keyed samples/labels/features or learned source-derived contents: applicable redistribution/non-reconstruction and mixed-license scope not established; preserve privately
R17/references/r16_predictions/xgb_train_median_after_seed1_uniD.parquet,sample_array_or_model,147784,4feab05f463e146ef103947d4e077e20af404ecc3156c63e0f5d3abab69b411c,R19 supplementary archive,pending_rights,,DATA_LICENSES.md provider-specific links,Keyed samples/labels/features or learned source-derived contents: applicable redistribution/non-reconstruction and mixed-license scope not established; preserve privately
R17/references/r16_predictions/xgb_train_median_after_seed42_ETRI.parquet,sample_array_or_model,9572,9d0b76b7dadbe55ac824439d55354cb95fd6270631c7c512deecdedef110825d,R19 supplementary archive,pending_rights,,DATA_LICENSES.md provider-specific links,Keyed samples/labels/features or learned source-derived contents: applicable redistribution/non-reconstruction and mixed-license scope not established; preserve privately
R17/references/r16_predictions/xgb_train_median_after_seed42_exiD.parquet,sample_array_or_model,897738,d70975308d30dd9cedfb27c6e9fc137051daa1a5f591c5c6737c00e6eeec691a,R19 supplementary archive,pending_rights,,DATA_LICENSES.md provider-specific links,Keyed samples/labels/features or learned source-derived contents: applicable redistribution/non-reconstruction and mixed-license scope not established; preserve privately
R17/references/r16_predictions/xgb_train_median_after_seed42_in_domain.parquet,sample_array_or_model,206562,3c919a12f08fc1e79f191e1c39a17a822e39784d6ac642c39b8f1fe612162e3c,R19 supplementary archive,pending_rights,,DATA_LICENSES.md provider-specific links,Keyed samples/labels/features or learned source-derived contents: applicable redistribution/non-reconstruction and mixed-license scope not established; preserve privately
R17/references/r16_predictions/xgb_train_median_after_seed42_uniD.parquet,sample_array_or_model,148004,ec834f26b8bc2a93a7a9dbad173f35601c99581b79c4a99b4191a0f6d09a5f04,R19 supplementary archive,pending_rights,,DATA_LICENSES.md provider-specific links,Keyed samples/labels/features or learned source-derived contents: applicable redistribution/non-reconstruction and mixed-license scope not established; preserve privately
R17/splits/A1_recording_full48_s0.parquet,sample_array_or_model,293941,20bb7d6a15c6c894cb8a2b666d73675658a6d4e6d6366872b4f4555d06181b39,R19 supplementary archive,pending_rights,,DATA_LICENSES.md provider-specific links,Keyed samples/labels/features or learned source-derived contents: applicable redistribution/non-reconstruction and mixed-license scope not established; preserve privately
R17/splits/A1_recording_full48_s1.parquet,sample_array_or_model,293945,3c6a3e92cdefcb94ca88c02960d2885a6e48d03d51c54a75f4face8c256a5753,R19 supplementary archive,pending_rights,,DATA_LICENSES.md provider-specific links,Keyed samples/labels/features or learned source-derived contents: applicable redistribution/non-reconstruction and mixed-license scope not established; preserve privately
R17/splits/A1_recording_full48_s42.parquet,sample_array_or_model,293953,27698f4cafbc49d0eb30c65898088112a31ca39553f17427823a61d81a28631d,R19 supplementary archive,pending_rights,,DATA_LICENSES.md provider-specific links,Keyed samples/labels/features or learned source-derived contents: applicable redistribution/non-reconstruction and mixed-license scope not established; preserve privately
R17/splits/A2_physical_recording_exiD_s0_f0.1.parquet,sample_array_or_model,395229,61716eafe9fd176fb2ab70d19d4051ffd285012c7c1d7506970387eb2b5aa7bf,R19 supplementary archive,pending_rights,,DATA_LICENSES.md provider-specific links,Keyed samples/labels/features or learned source-derived contents: applicable redistribution/non-reconstruction and mixed-license scope not established; preserve privately
R17/splits/A2_physical_recording_exiD_s0_f0.2.parquet,sample_array_or_model,397972,f109926617e102b27b06e6e0655c6c90cb30a400427c97bbea439b74c26b2c14,R19 supplementary archive,pending_rights,,DATA_LICENSES.md provider-specific links,Keyed samples/labels/features or learned source-derived contents: applicable redistribution/non-reconstruction and mixed-license scope not established; preserve privately
R17/splits/A2_physical_recording_exiD_s0_f0.4.parquet,sample_array_or_model,401117,c059375880306f6094a517b6ba8a0c9fb3a701e66d6e25326de25d9ae2a3c901,R19 supplementary archive,pending_rights,,DATA_LICENSES.md provider-specific links,Keyed samples/labels/features or learned source-derived contents: applicable redistribution/non-reconstruction and mixed-license scope not established; preserve privately
R17/splits/A2_physical_recording_exiD_s0_f0.6.parquet,sample_array_or_model,401948,ee00ac6304f4a05bf5b84da0159d8baf26629dddabd5ee2cafa9063c01b5ddca,R19 supplementary archive,pending_rights,,DATA_LICENSES.md provider-specific links,Keyed samples/labels/features or learned source-derived contents: applicable redistribution/non-reconstruction and mixed-license scope not established; preserve privately
R17/splits/A2_physical_recording_exiD_s0_f1.0.parquet,sample_array_or_model,397244,92e6e9743914ed8be60fd36c6db4f8a9b2d05560bdc85f6fbd24a951b7c031bc,R19 supplementary archive,pending_rights,,DATA_LICENSES.md provider-specific links,Keyed samples/labels/features or learned source-derived contents: applicable redistribution/non-reconstruction and mixed-license scope not established; preserve privately
R17/splits/A2_physical_recording_exiD_s1_f0.1.parquet,sample_array_or_model,394686,9dd257e1c768a67014b30d609c206d16d642c67823d876110f391e4ed83360ed,R19 supplementary archive,pending_rights,,DATA_LICENSES.md provider-specific links,Keyed samples/labels/features or learned source-derived contents: applicable redistribution/non-reconstruction and mixed-license scope not established; preserve privately
R17/splits/A2_physical_recording_exiD_s1_f0.2.parquet,sample_array_or_model,397077,317fe2992a00a6a9b5f3ae6af2acab682ffaa87cf64853690c67d55c28ee4b50,R19 supplementary archive,pending_rights,,DATA_LICENSES.md provider-specific links,Keyed samples/labels/features or learned source-derived contents: applicable redistribution/non-reconstruction and mixed-license scope not established; preserve privately
R17/splits/A2_physical_recording_exiD_s1_f0.4.parquet,sample_array_or_model,399872,41ab8d516720fa5735ee0347f243510a226534eed2255186d17728028382f612,R19 supplementary archive,pending_rights,,DATA_LICENSES.md provider-specific links,Keyed samples/labels/features or learned source-derived contents: applicable redistribution/non-reconstruction and mixed-license scope not established; preserve privately
R17/splits/A2_physical_recording_exiD_s1_f0.6.parquet,sample_array_or_model,400699,a73d8eced96d664f6c50fdf135bada8f1e326802a8023b281beea8ab92bfda4e,R19 supplementary archive,pending_rights,,DATA_LICENSES.md provider-specific links,Keyed samples/labels/features or learned source-derived contents: applicable redistribution/non-reconstruction and mixed-license scope not established; preserve privately
R17/splits/A2_physical_recording_exiD_s1_f1.0.parquet,sample_array_or_model,396407,5011a4d5c3f618300560eb79d7494794dc001e3484297e971a2d8d3697a3174c,R19 supplementary archive,pending_rights,,DATA_LICENSES.md provider-specific links,Keyed samples/labels/features or learned source-derived contents: applicable redistribution/non-reconstruction and mixed-license scope not established; preserve privately
R17/splits/A2_physical_recording_exiD_s42_f0.1.parquet,sample_array_or_model,395659,d65ba41e5f8741e43628aa4830bc5de903ff6ed5e62135b4c736c20197d06fba,R19 supplementary archive,pending_rights,,DATA_LICENSES.md provider-specific links,Keyed samples/labels/features or learned source-derived contents: applicable redistribution/non-reconstruction and mixed-license scope not established; preserve privately
R17/splits/A2_physical_recording_exiD_s42_f0.2.parquet,sample_array_or_model,398527,afb7cfd3f29724fe4f6a8ef1d81136a948a535bb26a63a3d0aa1e66f086fca99,R19 supplementary archive,pending_rights,,DATA_LICENSES.md provider-specific links,Keyed samples/labels/features or learned source-derived contents: applicable redistribution/non-reconstruction and mixed-license scope not established; preserve privately
R17/splits/A2_physical_recording_exiD_s42_f0.4.parquet,sample_array_or_model,402073,33250900897172655edcc51e7bdeb5f8639483222cb00b532c3d9db41812d461,R19 supplementary archive,pending_rights,,DATA_LICENSES.md provider-specific links,Keyed samples/labels/features or learned source-derived contents: applicable redistribution/non-reconstruction and mixed-license scope not established; preserve privately
R17/splits/A2_physical_recording_exiD_s42_f0.6.parquet,sample_array_or_model,402997,088d88156df438f4bde45d1dbdcaae7d608aaa429524806fa4dead67088016cb,R19 supplementary archive,pending_rights,,DATA_LICENSES.md provider-specific links,Keyed samples/labels/features or learned source-derived contents: applicable redistribution/non-reconstruction and mixed-license scope not established; preserve privately
R17/splits/A2_physical_recording_exiD_s42_f1.0.parquet,sample_array_or_model,397973,ddab8eef0007db3ad95c82e6c7bb7c97235b20f9ca8e19122b1b428d4ac51349,R19 supplementary archive,pending_rights,,DATA_LICENSES.md provider-specific links,Keyed samples/labels/features or learned source-derived contents: applicable redistribution/non-reconstruction and mixed-license scope not established; preserve privately
R17/splits/A2_recording_ETRI_s0_f0.1.parquet,sample_array_or_model,6970,d81c57febf1bbbd4097967cbb8ad7daa5167c8ed6c3e5600a8b80eca28d338cf,R19 supplementary archive,pending_rights,,DATA_LICENSES.md provider-specific links,Keyed samples/labels/features or learned source-derived contents: applicable redistribution/non-reconstruction and mixed-license scope not established; preserve privately
R17/splits/A2_recording_ETRI_s0_f0.2.parquet,sample_array_or_model,6978,9774147a252570d658bd14ce2e4e044067956a83128669d6f330188c219b1ab5,R19 supplementary archive,pending_rights,,DATA_LICENSES.md provider-specific links,Keyed samples/labels/features or learned source-derived contents: applicable redistribution/non-reconstruction and mixed-license scope not established; preserve privately
R17/splits/A2_recording_ETRI_s0_f0.4.parquet,sample_array_or_model,6992,271724b90d7845d98e75efe227256d1077e5aaaec0f98ed976bccc0cb70fa480,R19 supplementary archive,pending_rights,,DATA_LICENSES.md provider-specific links,Keyed samples/labels/features or learned source-derived contents: applicable redistribution/non-reconstruction and mixed-license scope not established; preserve privately
R17/splits/A2_recording_ETRI_s0_f0.6.parquet,sample_array_or_model,6999,a387bbc66d6dff830a3987e83d97038538886a0db18cb2c55c55d3b17083030a,R19 supplementary archive,pending_rights,,DATA_LICENSES.md provider-specific links,Keyed samples/labels/features or learned source-derived contents: applicable redistribution/non-reconstruction and mixed-license scope not established; preserve privately
R17/splits/A2_recording_ETRI_s0_f1.0.parquet,sample_array_or_model,6968,346bc3034b8e3b6bf50aa11310eb65f8acd76aea60608a66fe03aee493fc39e4,R19 supplementary archive,pending_rights,,DATA_LICENSES.md provider-specific links,Keyed samples/labels/features or learned source-derived contents: applicable redistribution/non-reconstruction and mixed-license scope not established; preserve privately
R17/splits/A2_recording_ETRI_s1_f0.1.parquet,sample_array_or_model,6971,c6ac3a5353f385fc449e6a21ed4f55016955f014fce0b585298ae57bbcfc0bf0,R19 supplementary archive,pending_rights,,DATA_LICENSES.md provider-specific links,Keyed samples/labels/features or learned source-derived contents: applicable redistribution/non-reconstruction and mixed-license scope not established; preserve privately
R17/splits/A2_recording_ETRI_s1_f0.2.parquet,sample_array_or_model,6982,d0d9be07474ee087c29d81fd39ddf2cac0c8a0d84e6cb1d6e4030bb0a53403cd,R19 supplementary archive,pending_rights,,DATA_LICENSES.md provider-specific links,Keyed samples/labels/features or learned source-derived contents: applicable redistribution/non-reconstruction and mixed-license scope not established; preserve privately
R17/splits/A2_recording_ETRI_s1_f0.4.parquet,sample_array_or_model,6996,43177ee2f143563df5b23872ba0beeadcac6c2f658f3c6550a483f21c8410e51,R19 supplementary archive,pending_rights,,DATA_LICENSES.md provider-specific links,Keyed samples/labels/features or learned source-derived contents: applicable redistribution/non-reconstruction and mixed-license scope not established; preserve privately
R17/splits/A2_recording_ETRI_s1_f0.6.parquet,sample_array_or_model,7010,f411d0506548e9815c888ee96bb63cac713f2af31a3354bee323e031a2201a9c,R19 supplementary archive,pending_rights,,DATA_LICENSES.md provider-specific links,Keyed samples/labels/features or learned source-derived contents: applicable redistribution/non-reconstruction and mixed-license scope not established; preserve privately
R17/splits/A2_recording_ETRI_s1_f1.0.parquet,sample_array_or_model,6967,6073c5740c5202c55a6b6e9d34e6b4e006aadcb1e6814120b7b622cf2def468e,R19 supplementary archive,pending_rights,,DATA_LICENSES.md provider-specific links,Keyed samples/labels/features or learned source-derived contents: applicable redistribution/non-reconstruction and mixed-license scope not established; preserve privately
R17/splits/A2_recording_ETRI_s42_f0.1.parquet,sample_array_or_model,6975,ccf6e9f4d26376ce36f9fb0fabe09750b8908d7257054098e3d7c2202b3a7ea9,R19 supplementary archive,pending_rights,,DATA_LICENSES.md provider-specific links,Keyed samples/labels/features or learned source-derived contents: applicable redistribution/non-reconstruction and mixed-license scope not established; preserve privately
R17/splits/A2_recording_ETRI_s42_f0.2.parquet,sample_array_or_model,6986,2a9b02edf60b14dffbe5e3c14afab087610b4a450cf136332c8a4429f56537fc,R19 supplementary archive,pending_rights,,DATA_LICENSES.md provider-specific links,Keyed samples/labels/features or learned source-derived contents: applicable redistribution/non-reconstruction and mixed-license scope not established; preserve privately
R17/splits/A2_recording_ETRI_s42_f0.4.parquet,sample_array_or_model,7003,660b35088c9c64a4de6b19e1f50ec33f9079311b397ae361f5dba18718f60d1f,R19 supplementary archive,pending_rights,,DATA_LICENSES.md provider-specific links,Keyed samples/labels/features or learned source-derived contents: applicable redistribution/non-reconstruction and mixed-license scope not established; preserve privately
R17/splits/A2_recording_ETRI_s42_f0.6.parquet,sample_array_or_model,7003,bf20231fe041308a2bb2efd26423688a3a24b7f771013c841d3d061f7c0ac431,R19 supplementary archive,pending_rights,,DATA_LICENSES.md provider-specific links,Keyed samples/labels/features or learned source-derived contents: applicable redistribution/non-reconstruction and mixed-license scope not established; preserve privately
R17/splits/A2_recording_ETRI_s42_f1.0.parquet,sample_array_or_model,6971,780de8ab14ed3bbc2fbf278e7b48353b3c8297adf23f4d3ae1c8ebecb95cd4be,R19 supplementary archive,pending_rights,,DATA_LICENSES.md provider-specific links,Keyed samples/labels/features or learned source-derived contents: applicable redistribution/non-reconstruction and mixed-license scope not established; preserve privately
R17/splits/A2_recording_exiD_s0_f0.1.parquet,sample_array_or_model,395101,79bd4feb14d8f2cbc0ce9800a8e51d0d5c7db635c3cc297d82dd06bd569559a5,R19 supplementary archive,pending_rights,,DATA_LICENSES.md provider-specific links,Keyed samples/labels/features or learned source-derived contents: applicable redistribution/non-reconstruction and mixed-license scope not established; preserve privately
R17/splits/A2_recording_exiD_s0_f0.2.parquet,sample_array_or_model,397682,949042219f36a0ecb64fc4bf7f89222417f009e083129dd93c48dc636f54e735,R19 supplementary archive,pending_rights,,DATA_LICENSES.md provider-specific links,Keyed samples/labels/features or learned source-derived contents: applicable redistribution/non-reconstruction and mixed-license scope not established; preserve privately
R17/splits/A2_recording_exiD_s0_f0.4.parquet,sample_array_or_model,400699,38c158b3bb92d13332a10eea0f27a7c05b4d0dac721a01ac28d26be8aac2d162,R19 supplementary archive,pending_rights,,DATA_LICENSES.md provider-specific links,Keyed samples/labels/features or learned source-derived contents: applicable redistribution/non-reconstruction and mixed-license scope not established; preserve privately
R17/splits/A2_recording_exiD_s0_f0.6.parquet,sample_array_or_model,401620,29f74408f6590e8f361ac0b256bbdb809b741aff6a96a3c29bd200160758c32e,R19 supplementary archive,pending_rights,,DATA_LICENSES.md provider-specific links,Keyed samples/labels/features or learned source-derived contents: applicable redistribution/non-reconstruction and mixed-license scope not established; preserve privately
R17/splits/A2_recording_exiD_s0_f1.0.parquet,sample_array_or_model,396997,1c107de67e0a8e7938f9a092cfd4c19f9ff3f717460eb961a99764b917c28378,R19 supplementary archive,pending_rights,,DATA_LICENSES.md provider-specific links,Keyed samples/labels/features or learned source-derived contents: applicable redistribution/non-reconstruction and mixed-license scope not established; preserve privately
R17/splits/A2_recording_exiD_s1_f0.1.parquet,sample_array_or_model,395074,7c4770e516fd9b2ca05b3f770cce67aad4dd7e4b3da7e286697af239f20a9648,R19 supplementary archive,pending_rights,,DATA_LICENSES.md provider-specific links,Keyed samples/labels/features or learned source-derived contents: applicable redistribution/non-reconstruction and mixed-license scope not established; preserve privately
R17/splits/A2_recording_exiD_s1_f0.2.parquet,sample_array_or_model,397663,0721b445cf8a7a41da26a916ffd7eec174e56aae00fa7dda4ebb210cd387272b,R19 supplementary archive,pending_rights,,DATA_LICENSES.md provider-specific links,Keyed samples/labels/features or learned source-derived contents: applicable redistribution/non-reconstruction and mixed-license scope not established; preserve privately
R17/splits/A2_recording_exiD_s1_f0.4.parquet,sample_array_or_model,400682,1c4bf9e0b7300ecac32519c145bd835eb035cf8e5d3aaa89fff0ebc3ee5e16b6,R19 supplementary archive,pending_rights,,DATA_LICENSES.md provider-specific links,Keyed samples/labels/features or learned source-derived contents: applicable redistribution/non-reconstruction and mixed-license scope not established; preserve privately
R17/splits/A2_recording_exiD_s1_f0.6.parquet,sample_array_or_model,401573,3b5013a06555f0771f2c2f537117875a8b8335eb1ca19f4dfcc6bb7f0c2aecd2,R19 supplementary archive,pending_rights,,DATA_LICENSES.md provider-specific links,Keyed samples/labels/features or learned source-derived contents: applicable redistribution/non-reconstruction and mixed-license scope not established; preserve privately
R17/splits/A2_recording_exiD_s1_f1.0.parquet,sample_array_or_model,397049,0df8462fbf47b9a881db54576d927779b51e28c04fdaf673905a34009919c227,R19 supplementary archive,pending_rights,,DATA_LICENSES.md provider-specific links,Keyed samples/labels/features or learned source-derived contents: applicable redistribution/non-reconstruction and mixed-license scope not established; preserve privately
R17/splits/A2_recording_exiD_s42_f0.1.parquet,sample_array_or_model,395410,a2a4cb382dbdbe86226f9546a00b21b82eab37b4fa695b0ce132fcf93e65057b,R19 supplementary archive,pending_rights,,DATA_LICENSES.md provider-specific links,Keyed samples/labels/features or learned source-derived contents: applicable redistribution/non-reconstruction and mixed-license scope not established; preserve privately
R17/splits/A2_recording_exiD_s42_f0.2.parquet,sample_array_or_model,398260,edcf5b87c6dfd1f49497ab267864ff0cc969e7812dac4f355e122a37ea17adc6,R19 supplementary archive,pending_rights,,DATA_LICENSES.md provider-specific links,Keyed samples/labels/features or learned source-derived contents: applicable redistribution/non-reconstruction and mixed-license scope not established; preserve privately
R17/splits/A2_recording_exiD_s42_f0.4.parquet,sample_array_or_model,401524,0fc96f9fdd115c7463dcd7a6eec25b8ccd00d9f368a5610fcd182d6ec2ca5066,R19 supplementary archive,pending_rights,,DATA_LICENSES.md provider-specific links,Keyed samples/labels/features or learned source-derived contents: applicable redistribution/non-reconstruction and mixed-license scope not established; preserve privately
R17/splits/A2_recording_exiD_s42_f0.6.parquet,sample_array_or_model,402689,3af5fde21e817884dbd1855af6c0ec541b0fc5b59595bc2c13ba61864cf209ca,R19 supplementary archive,pending_rights,,DATA_LICENSES.md provider-specific links,Keyed samples/labels/features or learned source-derived contents: applicable redistribution/non-reconstruction and mixed-license scope not established; preserve privately
R17/splits/A2_recording_exiD_s42_f1.0.parquet,sample_array_or_model,397629,2cb8d8f069bc7afe8fbf32acc1cd10997ed3c35d2e05de80d3df8e0f3cd204c8,R19 supplementary archive,pending_rights,,DATA_LICENSES.md provider-specific links,Keyed samples/labels/features or learned source-derived contents: applicable redistribution/non-reconstruction and mixed-license scope not established; preserve privately
R17/splits/A2_recording_uniD_s0_f0.1.parquet,sample_array_or_model,83985,e9c7474a7d3fbc138064b8778e810845925d44e05425d11392871d3ab6b3552e,R19 supplementary archive,pending_rights,,DATA_LICENSES.md provider-specific links,Keyed samples/labels/features or learned source-derived contents: applicable redistribution/non-reconstruction and mixed-license scope not established; preserve privately
R17/splits/A2_recording_uniD_s0_f0.2.parquet,sample_array_or_model,84455,204168c206d987484722f8ef636ed7569b21d93eb090e2192d2966eb24d0c0b0,R19 supplementary archive,pending_rights,,DATA_LICENSES.md provider-specific links,Keyed samples/labels/features or learned source-derived contents: applicable redistribution/non-reconstruction and mixed-license scope not established; preserve privately
R17/splits/A2_recording_uniD_s0_f0.4.parquet,sample_array_or_model,84938,b1f7338bbf74f93bd463aeb71638a1da810103c65b0b738817df2784ab97b471,R19 supplementary archive,pending_rights,,DATA_LICENSES.md provider-specific links,Keyed samples/labels/features or learned source-derived contents: applicable redistribution/non-reconstruction and mixed-license scope not established; preserve privately
R17/splits/A2_recording_uniD_s0_f0.6.parquet,sample_array_or_model,85115,4e8d0b7c1fbf446d755e9f23497c383f86d790a0c4294c23628f3431b53de9e3,R19 supplementary archive,pending_rights,,DATA_LICENSES.md provider-specific links,Keyed samples/labels/features or learned source-derived contents: applicable redistribution/non-reconstruction and mixed-license scope not established; preserve privately
R17/splits/A2_recording_uniD_s0_f1.0.parquet,sample_array_or_model,84349,d8d425fecc3e130781d37dcc78be0c3213c06c83fc603d70531ac223a941cb2d,R19 supplementary archive,pending_rights,,DATA_LICENSES.md provider-specific links,Keyed samples/labels/features or learned source-derived contents: applicable redistribution/non-reconstruction and mixed-license scope not established; preserve privately
R17/splits/A2_recording_uniD_s1_f0.1.parquet,sample_array_or_model,84039,fb5aaa579cbc081d3982cb5b980acbddc47efc142ae5092fbee462d3c6ddb16f,R19 supplementary archive,pending_rights,,DATA_LICENSES.md provider-specific links,Keyed samples/labels/features or learned source-derived contents: applicable redistribution/non-reconstruction and mixed-license scope not established; preserve privately
R17/splits/A2_recording_uniD_s1_f0.2.parquet,sample_array_or_model,84509,8554fd70eedd1518af11261d84371bc4e992ff7b07249f4fc9d512908449cd38,R19 supplementary archive,pending_rights,,DATA_LICENSES.md provider-specific links,Keyed samples/labels/features or learned source-derived contents: applicable redistribution/non-reconstruction and mixed-license scope not established; preserve privately
R17/splits/A2_recording_uniD_s1_f0.4.parquet,sample_array_or_model,85011,da102b2c45ffdda0088fbebbd37a7f1226bdcb7d2fae4d6fd577deac18ebfe29,R19 supplementary archive,pending_rights,,DATA_LICENSES.md provider-specific links,Keyed samples/labels/features or learned source-derived contents: applicable redistribution/non-reconstruction and mixed-license scope not established; preserve privately
R17/splits/A2_recording_uniD_s1_f0.6.parquet,sample_array_or_model,85062,6731d43314ffd7ddf59ed86d74f5b92ad3070298edff60537a54135211af968b,R19 supplementary archive,pending_rights,,DATA_LICENSES.md provider-specific links,Keyed samples/labels/features or learned source-derived contents: applicable redistribution/non-reconstruction and mixed-license scope not established; preserve privately
R17/splits/A2_recording_uniD_s1_f1.0.parquet,sample_array_or_model,84363,0da5bb174cab5be8b55814b929cae6fdbbf10d9643975a72dc1e98b9ae5fd54a,R19 supplementary archive,pending_rights,,DATA_LICENSES.md provider-specific links,Keyed samples/labels/features or learned source-derived contents: applicable redistribution/non-reconstruction and mixed-license scope not established; preserve privately
R17/splits/A2_recording_uniD_s42_f0.1.parquet,sample_array_or_model,84132,678bbb98c8a3d82b73e063ca7123494669dc6ba49f3b7acfc241a740de9fe528,R19 supplementary archive,pending_rights,,DATA_LICENSES.md provider-specific links,Keyed samples/labels/features or learned source-derived contents: applicable redistribution/non-reconstruction and mixed-license scope not established; preserve privately
R17/splits/A2_recording_uniD_s42_f0.2.parquet,sample_array_or_model,84650,5f0899531c91b9d938b013399901664ddac006d34b147aa357289419ac423e18,R19 supplementary archive,pending_rights,,DATA_LICENSES.md provider-specific links,Keyed samples/labels/features or learned source-derived contents: applicable redistribution/non-reconstruction and mixed-license scope not established; preserve privately
R17/splits/A2_recording_uniD_s42_f0.4.parquet,sample_array_or_model,85247,cfd7d776afb6df300f27c540fe079783f020e03b8424054f72ac664d81bf0e0c,R19 supplementary archive,pending_rights,,DATA_LICENSES.md provider-specific links,Keyed samples/labels/features or learned source-derived contents: applicable redistribution/non-reconstruction and mixed-license scope not established; preserve privately
R17/splits/A2_recording_uniD_s42_f0.6.parquet,sample_array_or_model,85427,b3c1151d69f9455ee99fb49c2902b2dc450fe51a06f44134684d3763c39e259a,R19 supplementary archive,pending_rights,,DATA_LICENSES.md provider-specific links,Keyed samples/labels/features or learned source-derived contents: applicable redistribution/non-reconstruction and mixed-license scope not established; preserve privately
R17/splits/A2_recording_uniD_s42_f1.0.parquet,sample_array_or_model,84539,2172905458d61b89cfc78be7154cf2e319596d8e704a8218f7b10637da5b487f,R19 supplementary archive,pending_rights,,DATA_LICENSES.md provider-specific links,Keyed samples/labels/features or learned source-derived contents: applicable redistribution/non-reconstruction and mixed-license scope not established; preserve privately
R17/splits/A2_source_all_s0.parquet,sample_array_or_model,293846,cb4570cf4d539f6ccbdb2ff5e3ee5e76871f57d25c8c08c336670bf9ebae3a5f,R19 supplementary archive,pending_rights,,DATA_LICENSES.md provider-specific links,Keyed samples/labels/features or learned source-derived contents: applicable redistribution/non-reconstruction and mixed-license scope not established; preserve privately
R17/splits/A2_source_all_s1.parquet,sample_array_or_model,293846,cb4570cf4d539f6ccbdb2ff5e3ee5e76871f57d25c8c08c336670bf9ebae3a5f,R19 supplementary archive,pending_rights,,DATA_LICENSES.md provider-specific links,Keyed samples/labels/features or learned source-derived contents: applicable redistribution/non-reconstruction and mixed-license scope not established; preserve privately
R17/splits/A2_source_all_s42.parquet,sample_array_or_model,293846,cb4570cf4d539f6ccbdb2ff5e3ee5e76871f57d25c8c08c336670bf9ebae3a5f,R19 supplementary archive,pending_rights,,DATA_LICENSES.md provider-specific links,Keyed samples/labels/features or learned source-derived contents: applicable redistribution/non-reconstruction and mixed-license scope not established; preserve privately
R17/tables/A1_metrics.csv,reference,7504,71c41d58c0815686b662e97ef7f73edba4d7fc3000b3c009b93926f530635375,R19 supplementary archive,excluded,,docs/PROVENANCE.md,Not a current public input: duplicate/historical/internal verification material; selected counterparts or documented workflow provided
R17/tables/A1_recording_full48_s0_missing.csv,reference,9741,e6d79559f409f403e849b3a938e161b734e75936edf55d08bbab4611d228a480,R19 supplementary archive,excluded,,docs/PROVENANCE.md,Not a current public input: duplicate/historical/internal verification material; selected counterparts or documented workflow provided
R17/tables/A1_recording_full48_s1_missing.csv,reference,9572,e9daefb4ddc5481b1d8539dafe530d129f7d41434e0d9f6aa984fb297cbc2fd6,R19 supplementary archive,excluded,,docs/PROVENANCE.md,Not a current public input: duplicate/historical/internal verification material; selected counterparts or documented workflow provided
R17/tables/A1_recording_full48_s42_missing.csv,reference,9664,a0a3e84532d334faddf44ea3870ecbdd27a09cb114d00f8e3540176c9d1b2970,R19 supplementary archive,excluded,,docs/PROVENANCE.md,Not a current public input: duplicate/historical/internal verification material; selected counterparts or documented workflow provided
R17/tables/A2_metrics.csv,reference,85903,d5b4ec36d9c1febd0c057ac76e0ce59179c41321479de5d720d7a4eabb69b0c0,R19 supplementary archive,excluded,,docs/PROVENANCE.md,Not a current public input: duplicate/historical/internal verification material; selected counterparts or documented workflow provided
R17/tables/A2_paired_seed_values.csv,reference,5199,84b30a406f562e2a093e1b0a5d815d67a71051da62a32938ae22aad424c1bc00,R19 supplementary archive,excluded,,docs/PROVENANCE.md,Not a current public input: duplicate/historical/internal verification material; selected counterparts or documented workflow provided
R17/tables/A2_paired_summary.csv,reference,3046,96c5cbf3a3bf7695bac10aaa8a05b9242f2169e70e16091fba3777538fe47462,R19 supplementary archive,excluded,,docs/PROVENANCE.md,Not a current public input: duplicate/historical/internal verification material; selected counterparts or documented workflow provided
R17/tables/A2_paired_summary_flat.csv,reference,3028,1416ec09b3ae4be375e160a818d363e35846ae07dc186152c76fb9a75760ac22,R19 supplementary archive,excluded,,docs/PROVENANCE.md,Not a current public input: duplicate/historical/internal verification material; selected counterparts or documented workflow provided
R17/tables/A2_physical_recording_exiD_s0_f0.1_continuation_missing.csv,reference,2100,1837b6935215b782f2c3076e070b83d5f98f9a45b9c5c6d0f977bc1c14833057,R19 supplementary archive,excluded,,docs/PROVENANCE.md,Not a current public input: duplicate/historical/internal verification material; selected counterparts or documented workflow provided
R17/tables/A2_physical_recording_exiD_s0_f0.1_target_only_missing.csv,reference,2004,b398b21a093bd1f65625798db608b3273eb23e85e512b93192e32fdb5e7674a1,R19 supplementary archive,excluded,,docs/PROVENANCE.md,Not a current public input: duplicate/historical/internal verification material; selected counterparts or documented workflow provided
R17/tables/A2_physical_recording_exiD_s0_f0.2_continuation_missing.csv,reference,2110,aaafd8b51424f28c13f9442d7309f1b364a26aa05ab4143baa4ac70b62bb842f,R19 supplementary archive,excluded,,docs/PROVENANCE.md,Not a current public input: duplicate/historical/internal verification material; selected counterparts or documented workflow provided
R17/tables/A2_physical_recording_exiD_s0_f0.2_target_only_missing.csv,reference,2001,39953678e816b9891b71e3ba6d084e02a4be274f5344ccb513d6155a5703b216,R19 supplementary archive,excluded,,docs/PROVENANCE.md,Not a current public input: duplicate/historical/internal verification material; selected counterparts or documented workflow provided
R17/tables/A2_physical_recording_exiD_s0_f0.4_continuation_missing.csv,reference,2110,bb0aeeb73d9346c7d994bd4419c771beaab78edc1762c5df81aefb40b5d1daf4,R19 supplementary archive,excluded,,docs/PROVENANCE.md,Not a current public input: duplicate/historical/internal verification material; selected counterparts or documented workflow provided
R17/tables/A2_physical_recording_exiD_s0_f0.4_target_only_missing.csv,reference,1949,9670f1bb58b6ca4151e10a39186a051e4fb287407a90193471ac54fefca5f18c,R19 supplementary archive,excluded,,docs/PROVENANCE.md,Not a current public input: duplicate/historical/internal verification material; selected counterparts or documented workflow provided
R17/tables/A2_physical_recording_exiD_s0_f0.6_continuation_missing.csv,reference,2110,94cc408836867580cfc517842a40535404e26a4946e486c473e91ae218196c4e,R19 supplementary archive,excluded,,docs/PROVENANCE.md,Not a current public input: duplicate/historical/internal verification material; selected counterparts or documented workflow provided
R17/tables/A2_physical_recording_exiD_s0_f0.6_target_only_missing.csv,reference,1972,ba66b08039a917c4583cf90aac43b2eee0fc26fa5158b80360bc6ae41b5cf2ef,R19 supplementary archive,excluded,,docs/PROVENANCE.md,Not a current public input: duplicate/historical/internal verification material; selected counterparts or documented workflow provided
R17/tables/A2_physical_recording_exiD_s0_f1.0_continuation_missing.csv,reference,2108,dcfa290e317af1e43f6d6c932f05fc5e4e2c72cca835af7c3225fc5f8e3b1616,R19 supplementary archive,excluded,,docs/PROVENANCE.md,Not a current public input: duplicate/historical/internal verification material; selected counterparts or documented workflow provided
R17/tables/A2_physical_recording_exiD_s0_f1.0_target_only_missing.csv,reference,2010,819a7489ac9d3e9989c98723f04e59c91aaff9d7e94ae067053be68ea9da5422,R19 supplementary archive,excluded,,docs/PROVENANCE.md,Not a current public input: duplicate/historical/internal verification material; selected counterparts or documented workflow provided
R17/tables/A2_physical_recording_exiD_s1_f0.1_continuation_missing.csv,reference,2110,6e456c833358ad8d5641e9073b544ea2761a51dec6e34dd7517581c995f511ae,R19 supplementary archive,excluded,,docs/PROVENANCE.md,Not a current public input: duplicate/historical/internal verification material; selected counterparts or documented workflow provided
R17/tables/A2_physical_recording_exiD_s1_f0.1_target_only_missing.csv,reference,2011,09dcd1d37a88808aeada48dd88e3f1e6a7dc6caf0a972d13fe2946a199676581,R19 supplementary archive,excluded,,docs/PROVENANCE.md,Not a current public input: duplicate/historical/internal verification material; selected counterparts or documented workflow provided
R17/tables/A2_physical_recording_exiD_s1_f0.2_continuation_missing.csv,reference,2110,fd446f123d513f8bcf4f2faf5e2c8ed17b3a0ed6f1c449e8684f07e075781af7,R19 supplementary archive,excluded,,docs/PROVENANCE.md,Not a current public input: duplicate/historical/internal verification material; selected counterparts or documented workflow provided
R17/tables/A2_physical_recording_exiD_s1_f0.2_target_only_missing.csv,reference,2015,c7bb09e61761b6597c7c146d1e180178c79438916bc67ebeb98e25c98d06ff01,R19 supplementary archive,excluded,,docs/PROVENANCE.md,Not a current public input: duplicate/historical/internal verification material; selected counterparts or documented workflow provided
R17/tables/A2_physical_recording_exiD_s1_f0.4_continuation_missing.csv,reference,2111,6de96cf33c0beb59e73149a8e3efa099ba2d2280f3541267a4cdc753dcddf6da,R19 supplementary archive,excluded,,docs/PROVENANCE.md,Not a current public input: duplicate/historical/internal verification material; selected counterparts or documented workflow provided
R17/tables/A2_physical_recording_exiD_s1_f0.4_target_only_missing.csv,reference,2005,8211bce70476beaacbb5d1c7703228371daf716ee733cc4e528d063298b32d2b,R19 supplementary archive,excluded,,docs/PROVENANCE.md,Not a current public input: duplicate/historical/internal verification material; selected counterparts or documented workflow provided
R17/tables/A2_physical_recording_exiD_s1_f0.6_continuation_missing.csv,reference,2110,36539f454326a18f68f80943b12b5d4426fc3c158a9f3944d502d6b2b20ddc93,R19 supplementary archive,excluded,,docs/PROVENANCE.md,Not a current public input: duplicate/historical/internal verification material; selected counterparts or documented workflow provided
R17/tables/A2_physical_recording_exiD_s1_f0.6_target_only_missing.csv,reference,1995,3219bf92fc24109450dc8d0325970ee3a3ed0fe585431fe35a0b9a4cb54bbfc6,R19 supplementary archive,excluded,,docs/PROVENANCE.md,Not a current public input: duplicate/historical/internal verification material; selected counterparts or documented workflow provided
R17/tables/A2_physical_recording_exiD_s1_f1.0_continuation_missing.csv,reference,2112,8b36d4e17f888203d802f61b045c3aeea3cfe7bb28ecec521bd88cfec0f3206e,R19 supplementary archive,excluded,,docs/PROVENANCE.md,Not a current public input: duplicate/historical/internal verification material; selected counterparts or documented workflow provided
R17/tables/A2_physical_recording_exiD_s1_f1.0_target_only_missing.csv,reference,2008,be71a2e02a14395866ad818d179695c915f9b4840ea853b909143a7081910cdf,R19 supplementary archive,excluded,,docs/PROVENANCE.md,Not a current public input: duplicate/historical/internal verification material; selected counterparts or documented workflow provided
R17/tables/A2_physical_recording_exiD_s42_f0.1_continuation_missing.csv,reference,2111,9e5f378e6755140a315f70619a68a9d335dfd2a1a974989aca41c1a45ef9c35a,R19 supplementary archive,excluded,,docs/PROVENANCE.md,Not a current public input: duplicate/historical/internal verification material; selected counterparts or documented workflow provided
R17/tables/A2_physical_recording_exiD_s42_f0.1_target_only_missing.csv,reference,1963,341841217e764b555528d1bb7517a0e7142949a2ab1596df1c2e3a160581f44a,R19 supplementary archive,excluded,,docs/PROVENANCE.md,Not a current public input: duplicate/historical/internal verification material; selected counterparts or documented workflow provided
R17/tables/A2_physical_recording_exiD_s42_f0.2_continuation_missing.csv,reference,2112,babfca51cd4efb806538377c7415b6b717378ef5d6c5debed49e62139bf2ed4c,R19 supplementary archive,excluded,,docs/PROVENANCE.md,Not a current public input: duplicate/historical/internal verification material; selected counterparts or documented workflow provided
R17/tables/A2_physical_recording_exiD_s42_f0.2_target_only_missing.csv,reference,2004,3b28986f621a4763dbcd8b98cb214eb4c76bc8da5924d627fc0ca36844e69822,R19 supplementary archive,excluded,,docs/PROVENANCE.md,Not a current public input: duplicate/historical/internal verification material; selected counterparts or documented workflow provided
R17/tables/A2_physical_recording_exiD_s42_f0.4_continuation_missing.csv,reference,2110,b2e7fdd420b6a0349057e8e8608a962096db7c8b38148e50c9cde899288f6d7a,R19 supplementary archive,excluded,,docs/PROVENANCE.md,Not a current public input: duplicate/historical/internal verification material; selected counterparts or documented workflow provided
R17/tables/A2_physical_recording_exiD_s42_f0.4_target_only_missing.csv,reference,1979,fdadeb55f5eb8e8b21f9a29db7efc433e29a6aa8bd023446bb2dac2131e7cbe1,R19 supplementary archive,excluded,,docs/PROVENANCE.md,Not a current public input: duplicate/historical/internal verification material; selected counterparts or documented workflow provided
R17/tables/A2_physical_recording_exiD_s42_f0.6_continuation_missing.csv,reference,2112,cd8ec57f95eeee30f0634fdcbc04574c7f5806c3a5823c2599426ac23f32165c,R19 supplementary archive,excluded,,docs/PROVENANCE.md,Not a current public input: duplicate/historical/internal verification material; selected counterparts or documented workflow provided
R17/tables/A2_physical_recording_exiD_s42_f0.6_target_only_missing.csv,reference,1968,351bf0fb28ce2b4d6e52c46b0648e1b42600c6fd66e0207dd08ea491a3d68387,R19 supplementary archive,excluded,,docs/PROVENANCE.md,Not a current public input: duplicate/historical/internal verification material; selected counterparts or documented workflow provided
R17/tables/A2_physical_recording_exiD_s42_f1.0_continuation_missing.csv,reference,2112,c48190de1b8e8e0a5259a95ca2449bb127cc7d21a66d18d9ee408268d1c63523,R19 supplementary archive,excluded,,docs/PROVENANCE.md,Not a current public input: duplicate/historical/internal verification material; selected counterparts or documented workflow provided
R17/tables/A2_physical_recording_exiD_s42_f1.0_target_only_missing.csv,reference,2036,4aa4ea2cfec1ca20708996e6e31410cbf18ef6cfc0c2aa3acf44afcd591c6436,R19 supplementary archive,excluded,,docs/PROVENANCE.md,Not a current public input: duplicate/historical/internal verification material; selected counterparts or documented workflow provided
R17/tables/A2_recording_ETRI_s0_f0.1_continuation_missing.csv,reference,2023,da1cf8c1c464cdabec1cb2ef61b625d3860fc19009830e331a8f2de83adf3795,R19 supplementary archive,excluded,,docs/PROVENANCE.md,Not a current public input: duplicate/historical/internal verification material; selected counterparts or documented workflow provided
R17/tables/A2_recording_ETRI_s0_f0.1_target_only_missing.csv,reference,1940,3b508f35fc848dde48d08cb608303505c05bf3d4d05e4d7af15f18d03bbb8b13,R19 supplementary archive,excluded,,docs/PROVENANCE.md,Not a current public input: duplicate/historical/internal verification material; selected counterparts or documented workflow provided
R17/tables/A2_recording_ETRI_s0_f0.2_continuation_missing.csv,reference,2040,615ac20f5856fd42f5a10559bef29128b6ef247a00b1b4d23cf1ec4f42b91d04,R19 supplementary archive,excluded,,docs/PROVENANCE.md,Not a current public input: duplicate/historical/internal verification material; selected counterparts or documented workflow provided
R17/tables/A2_recording_ETRI_s0_f0.2_target_only_missing.csv,reference,1982,1c8c059f0b0e141f2d4663f23e7cb8333cb62d1efb712bc276c12a37b2dd9516,R19 supplementary archive,excluded,,docs/PROVENANCE.md,Not a current public input: duplicate/historical/internal verification material; selected counterparts or documented workflow provided
R17/tables/A2_recording_ETRI_s0_f0.4_continuation_missing.csv,reference,2143,c425302e8eca871a275f9c8e8c8c2b3b666607d628a8a2890007c6cc9f2b8b06,R19 supplementary archive,excluded,,docs/PROVENANCE.md,Not a current public input: duplicate/historical/internal verification material; selected counterparts or documented workflow provided
R17/tables/A2_recording_ETRI_s0_f0.4_target_only_missing.csv,reference,2087,4fb5b51a0136d963b6ba8d52610ff249c9fe3a717b41bd0bc3f2aa5266be0450,R19 supplementary archive,excluded,,docs/PROVENANCE.md,Not a current public input: duplicate/historical/internal verification material; selected counterparts or documented workflow provided
R17/tables/A2_recording_ETRI_s0_f0.6_continuation_missing.csv,reference,2114,ca8ea00fff33692bdc07bb1b31d738d9ab32112825590085c7a703218c2c82e7,R19 supplementary archive,excluded,,docs/PROVENANCE.md,Not a current public input: duplicate/historical/internal verification material; selected counterparts or documented workflow provided
R17/tables/A2_recording_ETRI_s0_f0.6_target_only_missing.csv,reference,2056,263e4151e62c23520d2552433c24b29f832b6ca6b78312b2e39a16d181b21dfa,R19 supplementary archive,excluded,,docs/PROVENANCE.md,Not a current public input: duplicate/historical/internal verification material; selected counterparts or documented workflow provided
R17/tables/A2_recording_ETRI_s0_f1.0_continuation_missing.csv,reference,2170,8c6c1301ac8baaa58a65849b68c2a09fd838b07ad292c61b1f7f846c5f201231,R19 supplementary archive,excluded,,docs/PROVENANCE.md,Not a current public input: duplicate/historical/internal verification material; selected counterparts or documented workflow provided
R17/tables/A2_recording_ETRI_s0_f1.0_target_only_missing.csv,reference,2104,467206a90b0d8e262ee015169b577cfe7ae51cee2078ca12572096730a0868ae,R19 supplementary archive,excluded,,docs/PROVENANCE.md,Not a current public input: duplicate/historical/internal verification material; selected counterparts or documented workflow provided
R17/tables/A2_recording_ETRI_s1_f0.1_continuation_missing.csv,reference,2027,f7be7e8c3fdafcc58cad717cc3725cac32a85900fac747e9ccb73a45a0e1daae,R19 supplementary archive,excluded,,docs/PROVENANCE.md,Not a current public input: duplicate/historical/internal verification material; selected counterparts or documented workflow provided
R17/tables/A2_recording_ETRI_s1_f0.1_target_only_missing.csv,reference,1940,d493da490f65dbae4994944bfb0f8117e8c855fba2b55654783958169952cd73,R19 supplementary archive,excluded,,docs/PROVENANCE.md,Not a current public input: duplicate/historical/internal verification material; selected counterparts or documented workflow provided
R17/tables/A2_recording_ETRI_s1_f0.2_continuation_missing.csv,reference,2110,0beef13b381580b9275458d9c567a17fe85fff8a64e12868b15b5411c815c06f,R19 supplementary archive,excluded,,docs/PROVENANCE.md,Not a current public input: duplicate/historical/internal verification material; selected counterparts or documented workflow provided
R17/tables/A2_recording_ETRI_s1_f0.2_target_only_missing.csv,reference,2027,9f2a06add2f165788f05a4710e6f89f9222b09f24483d9c54c9bbc3f5376571a,R19 supplementary archive,excluded,,docs/PROVENANCE.md,Not a current public input: duplicate/historical/internal verification material; selected counterparts or documented workflow provided
R17/tables/A2_recording_ETRI_s1_f0.4_continuation_missing.csv,reference,2110,605eb9de683bc278ced33423a94c0a6dd2def4cadaf20426fba5d4bd81919fed,R19 supplementary archive,excluded,,docs/PROVENANCE.md,Not a current public input: duplicate/historical/internal verification material; selected counterparts or documented workflow provided
R17/tables/A2_recording_ETRI_s1_f0.4_target_only_missing.csv,reference,2030,9ee1066f494fd1eef73b2725d0e90dae66144238862e972e00c22c6a94361604,R19 supplementary archive,excluded,,docs/PROVENANCE.md,Not a current public input: duplicate/historical/internal verification material; selected counterparts or documented workflow provided
R17/tables/A2_recording_ETRI_s1_f0.6_continuation_missing.csv,reference,2200,1fb220875d7e77b6fcac4418aff7852ab458743340db9c2b098bfc1ecf66ce5b,R19 supplementary archive,excluded,,docs/PROVENANCE.md,Not a current public input: duplicate/historical/internal verification material; selected counterparts or documented workflow provided
R17/tables/A2_recording_ETRI_s1_f0.6_target_only_missing.csv,reference,2139,049415c31a0ee6106abaee37569f73950be5a7bea47e3ecad5242e718ced68aa,R19 supplementary archive,excluded,,docs/PROVENANCE.md,Not a current public input: duplicate/historical/internal verification material; selected counterparts or documented workflow provided
R17/tables/A2_recording_ETRI_s1_f1.0_continuation_missing.csv,reference,2198,6c37ed365ffeb5afa8a5be72c1d4b95611f18b918a42d5dfbf56f03dd86024a1,R19 supplementary archive,excluded,,docs/PROVENANCE.md,Not a current public input: duplicate/historical/internal verification material; selected counterparts or documented workflow provided
R17/tables/A2_recording_ETRI_s1_f1.0_target_only_missing.csv,reference,2112,ba34e1a48e2ed30cb1eae591edbc2dd4f2e39e3e3845b13b1b67e5a2543a2e61,R19 supplementary archive,excluded,,docs/PROVENANCE.md,Not a current public input: duplicate/historical/internal verification material; selected counterparts or documented workflow provided
R17/tables/A2_recording_ETRI_s42_f0.1_continuation_missing.csv,reference,2051,cf3f66b48d81e5a553be10ff5051244119a901ece7b001e9e1db3f445053b6a2,R19 supplementary archive,excluded,,docs/PROVENANCE.md,Not a current public input: duplicate/historical/internal verification material; selected counterparts or documented workflow provided
R17/tables/A2_recording_ETRI_s42_f0.1_target_only_missing.csv,reference,2049,c6645bf79a72565f048bd6ac4a828d2e04cbbc084ce0f38cec1184b1d4294873,R19 supplementary archive,excluded,,docs/PROVENANCE.md,Not a current public input: duplicate/historical/internal verification material; selected counterparts or documented workflow provided
R17/tables/A2_recording_ETRI_s42_f0.2_continuation_missing.csv,reference,2140,d158638a57eb2828b48ad6d8eb52ecec6ea138bcc9bf69103863985803c77bab,R19 supplementary archive,excluded,,docs/PROVENANCE.md,Not a current public input: duplicate/historical/internal verification material; selected counterparts or documented workflow provided
R17/tables/A2_recording_ETRI_s42_f0.2_target_only_missing.csv,reference,2070,bb6625910aedd3d579dbeadd01a988a2be8e1a0b9188892cef1a716781ebcd3f,R19 supplementary archive,excluded,,docs/PROVENANCE.md,Not a current public input: duplicate/historical/internal verification material; selected counterparts or documented workflow provided
R17/tables/A2_recording_ETRI_s42_f0.4_continuation_missing.csv,reference,2126,a1810c830a7dac682274922e86a05c21c289b896c93d3b113c34903e7da9f51c,R19 supplementary archive,excluded,,docs/PROVENANCE.md,Not a current public input: duplicate/historical/internal verification material; selected counterparts or documented workflow provided
R17/tables/A2_recording_ETRI_s42_f0.4_target_only_missing.csv,reference,2061,f28b2fc8deeee7fb17b54af8322559f5d328c4f8c51bcd0b757a226274ebfb3b,R19 supplementary archive,excluded,,docs/PROVENANCE.md,Not a current public input: duplicate/historical/internal verification material; selected counterparts or documented workflow provided
R17/tables/A2_recording_ETRI_s42_f0.6_continuation_missing.csv,reference,2200,5afc42567f4834a112098b514c74e7a46ef6a57562b89bc43ff74f4b77a2e179,R19 supplementary archive,excluded,,docs/PROVENANCE.md,Not a current public input: duplicate/historical/internal verification material; selected counterparts or documented workflow provided
R17/tables/A2_recording_ETRI_s42_f0.6_target_only_missing.csv,reference,2117,2cd9be755ddf734fe7374aa58d8e09e7b7fb6a8f5f6201c2a3765c2875d08fe9,R19 supplementary archive,excluded,,docs/PROVENANCE.md,Not a current public input: duplicate/historical/internal verification material; selected counterparts or documented workflow provided
R17/tables/A2_recording_ETRI_s42_f1.0_continuation_missing.csv,reference,2201,dcab02476613a90b247cf1eff56914c8d4a3e866a31ef66f65ac926e506e08a9,R19 supplementary archive,excluded,,docs/PROVENANCE.md,Not a current public input: duplicate/historical/internal verification material; selected counterparts or documented workflow provided
R17/tables/A2_recording_ETRI_s42_f1.0_target_only_missing.csv,reference,2141,aa32aedcab39f4d2f6bd0fd3a5c76b1b1f26766a65c2eaa7b9439927f1ea2d52,R19 supplementary archive,excluded,,docs/PROVENANCE.md,Not a current public input: duplicate/historical/internal verification material; selected counterparts or documented workflow provided
R17/tables/A2_recording_exiD_s0_f0.1_continuation_missing.csv,reference,2111,bbaa5e7517a44c866165541c64312b45b46602fb0ae3904495a934171018b231,R19 supplementary archive,excluded,,docs/PROVENANCE.md,Not a current public input: duplicate/historical/internal verification material; selected counterparts or documented workflow provided
R17/tables/A2_recording_exiD_s0_f0.1_target_only_missing.csv,reference,2002,3a62c87683598ad0741e8ae9a1b7e6a1287703cfef71c16bbd311f0e729e67ae,R19 supplementary archive,excluded,,docs/PROVENANCE.md,Not a current public input: duplicate/historical/internal verification material; selected counterparts or documented workflow provided
R17/tables/A2_recording_exiD_s0_f0.2_continuation_missing.csv,reference,2111,bbb10d4d6c2e4f4be0d87f05b253a912390141bf8a681033556f1de2db6ec22d,R19 supplementary archive,excluded,,docs/PROVENANCE.md,Not a current public input: duplicate/historical/internal verification material; selected counterparts or documented workflow provided
R17/tables/A2_recording_exiD_s0_f0.2_target_only_missing.csv,reference,1991,e9b6ab1fe0334e4389c8a86428d1c039147cf5948e3c7d2227f04e859bc5cc06,R19 supplementary archive,excluded,,docs/PROVENANCE.md,Not a current public input: duplicate/historical/internal verification material; selected counterparts or documented workflow provided
R17/tables/A2_recording_exiD_s0_f0.4_continuation_missing.csv,reference,2111,43595127e1f8eae9b2cb8eb8d08ab4ae2deeee47702e06076997fe0cce77645e,R19 supplementary archive,excluded,,docs/PROVENANCE.md,Not a current public input: duplicate/historical/internal verification material; selected counterparts or documented workflow provided
R17/tables/A2_recording_exiD_s0_f0.4_target_only_missing.csv,reference,1984,7bc2139503067ef35071ef55050e66547f94e33f09d8f21a17d1bcaa864935be,R19 supplementary archive,excluded,,docs/PROVENANCE.md,Not a current public input: duplicate/historical/internal verification material; selected counterparts or documented workflow provided
R17/tables/A2_recording_exiD_s0_f0.6_continuation_missing.csv,reference,2109,6da6ba9d8948b7b5b99bc00d5a407989e36c1748534c6e08e3c86693a8669628,R19 supplementary archive,excluded,,docs/PROVENANCE.md,Not a current public input: duplicate/historical/internal verification material; selected counterparts or documented workflow provided
R17/tables/A2_recording_exiD_s0_f0.6_target_only_missing.csv,reference,2021,7e72374d36d0245f83759da40812e286369085e99dd1c62484c1e619f6cca8b1,R19 supplementary archive,excluded,,docs/PROVENANCE.md,Not a current public input: duplicate/historical/internal verification material; selected counterparts or documented workflow provided
R17/tables/A2_recording_exiD_s0_f1.0_continuation_missing.csv,reference,2109,f1838eb53143abf6ca3d6ae28ecb79ce9bad05c7eb2743664314921cd30376a8,R19 supplementary archive,excluded,,docs/PROVENANCE.md,Not a current public input: duplicate/historical/internal verification material; selected counterparts or documented workflow provided
R17/tables/A2_recording_exiD_s0_f1.0_target_only_missing.csv,reference,1984,05b3e78f1600d228c78bf4a6c58e09e6cd74460caed3b3174d218f63b9fd458f,R19 supplementary archive,excluded,,docs/PROVENANCE.md,Not a current public input: duplicate/historical/internal verification material; selected counterparts or documented workflow provided
R17/tables/A2_recording_exiD_s1_f0.1_continuation_missing.csv,reference,2109,26c0c2e94ef7d86195be61d5323adc398cbb22a9460cf83392a7d28f3e9a4fa8,R19 supplementary archive,excluded,,docs/PROVENANCE.md,Not a current public input: duplicate/historical/internal verification material; selected counterparts or documented workflow provided
R17/tables/A2_recording_exiD_s1_f0.1_target_only_missing.csv,reference,2019,7c45034be5bfd842c6378c32440ca1c6de4882bf7ac300e70c413e498c0e114a,R19 supplementary archive,excluded,,docs/PROVENANCE.md,Not a current public input: duplicate/historical/internal verification material; selected counterparts or documented workflow provided
R17/tables/A2_recording_exiD_s1_f0.2_continuation_missing.csv,reference,2111,a0c8a5397f33ae5bd1520cf22065d2a01e78c711fcea07145209da54b2ce3c9c,R19 supplementary archive,excluded,,docs/PROVENANCE.md,Not a current public input: duplicate/historical/internal verification material; selected counterparts or documented workflow provided
R17/tables/A2_recording_exiD_s1_f0.2_target_only_missing.csv,reference,1993,51d5c271ecc8e904d06f00874730e2d81c1c6c339b2bc622b282a476874b0d47,R19 supplementary archive,excluded,,docs/PROVENANCE.md,Not a current public input: duplicate/historical/internal verification material; selected counterparts or documented workflow provided
R17/tables/A2_recording_exiD_s1_f0.4_continuation_missing.csv,reference,2111,7e360f5833b50acf0a24584a7c25fe77d3478beec9bd66429851dc48f3b98597,R19 supplementary archive,excluded,,docs/PROVENANCE.md,Not a current public input: duplicate/historical/internal verification material; selected counterparts or documented workflow provided
R17/tables/A2_recording_exiD_s1_f0.4_target_only_missing.csv,reference,2012,346ea41d0b8017e60b415d9497d0006b6994b174bcbe1d4741bf1ff58956b757,R19 supplementary archive,excluded,,docs/PROVENANCE.md,Not a current public input: duplicate/historical/internal verification material; selected counterparts or documented workflow provided
R17/tables/A2_recording_exiD_s1_f0.6_continuation_missing.csv,reference,2110,f0aba463f4705cbed5563fe16da34db01f36dea75215df36ad40d841dcfe217b,R19 supplementary archive,excluded,,docs/PROVENANCE.md,Not a current public input: duplicate/historical/internal verification material; selected counterparts or documented workflow provided
R17/tables/A2_recording_exiD_s1_f0.6_target_only_missing.csv,reference,2012,87a3eb2000df7f181d1b2df96980da92309a9b7f5f577168203f9c60561a7a5f,R19 supplementary archive,excluded,,docs/PROVENANCE.md,Not a current public input: duplicate/historical/internal verification material; selected counterparts or documented workflow provided
R17/tables/A2_recording_exiD_s1_f1.0_continuation_missing.csv,reference,2112,3a7e62aa57ba00516a153ee8f7b93af2106c5c1cff3e56908a5a5dcf8fefea6b,R19 supplementary archive,excluded,,docs/PROVENANCE.md,Not a current public input: duplicate/historical/internal verification material; selected counterparts or documented workflow provided
R17/tables/A2_recording_exiD_s1_f1.0_target_only_missing.csv,reference,2017,2bc4c39197b06114a8dde3c71a5761cf7326ca52d0e29865baf23921bea9aa54,R19 supplementary archive,excluded,,docs/PROVENANCE.md,Not a current public input: duplicate/historical/internal verification material; selected counterparts or documented workflow provided
R17/tables/A2_recording_exiD_s42_f0.1_continuation_missing.csv,reference,2109,ab35ca4ecb13805dda2bc1f100733eb5e9ccdcb63f1c1d308d3d1cb87d93e49f,R19 supplementary archive,excluded,,docs/PROVENANCE.md,Not a current public input: duplicate/historical/internal verification material; selected counterparts or documented workflow provided
R17/tables/A2_recording_exiD_s42_f0.1_target_only_missing.csv,reference,1989,725d4c0f33046543894121356cfc71b0061265921d31176033b9ba1a7cf2cce7,R19 supplementary archive,excluded,,docs/PROVENANCE.md,Not a current public input: duplicate/historical/internal verification material; selected counterparts or documented workflow provided
R17/tables/A2_recording_exiD_s42_f0.2_continuation_missing.csv,reference,2108,a2a4e40e9aa25c43a69264782039b66be9bc336d7a6bc163819852b43d8a8a43,R19 supplementary archive,excluded,,docs/PROVENANCE.md,Not a current public input: duplicate/historical/internal verification material; selected counterparts or documented workflow provided
R17/tables/A2_recording_exiD_s42_f0.2_target_only_missing.csv,reference,2011,c9c9fe4fd8ed60d10b206231c1a97188c9e9865c0cc8e3ff6d47fd19bc88c2bb,R19 supplementary archive,excluded,,docs/PROVENANCE.md,Not a current public input: duplicate/historical/internal verification material; selected counterparts or documented workflow provided
R17/tables/A2_recording_exiD_s42_f0.4_continuation_missing.csv,reference,2109,b7a406cf6386f3117a53249b41518bd004e4429506155d34ee6beb8ae40cd26e,R19 supplementary archive,excluded,,docs/PROVENANCE.md,Not a current public input: duplicate/historical/internal verification material; selected counterparts or documented workflow provided
R17/tables/A2_recording_exiD_s42_f0.4_target_only_missing.csv,reference,1950,ffaea1af4dcfec94f5f4277c0037e03a662f5526c7f7dd6d4811dd0ebcc9e184,R19 supplementary archive,excluded,,docs/PROVENANCE.md,Not a current public input: duplicate/historical/internal verification material; selected counterparts or documented workflow provided
R17/tables/A2_recording_exiD_s42_f0.6_continuation_missing.csv,reference,2108,d5f05d32a4e83d328e6d82e70e05f12063e963bb25aee2a7867b681bc101f70e,R19 supplementary archive,excluded,,docs/PROVENANCE.md,Not a current public input: duplicate/historical/internal verification material; selected counterparts or documented workflow provided
R17/tables/A2_recording_exiD_s42_f0.6_target_only_missing.csv,reference,2025,2110db71123ff637ac15452cd57905bb26de79c13ee19b151f1e33ba7a342e75,R19 supplementary archive,excluded,,docs/PROVENANCE.md,Not a current public input: duplicate/historical/internal verification material; selected counterparts or documented workflow provided
R17/tables/A2_recording_exiD_s42_f1.0_continuation_missing.csv,reference,2109,eec9faa7af3fc5f2f8c2a6f44e08dc08891fa7c1459723e575ae0bf5f664ec8f,R19 supplementary archive,excluded,,docs/PROVENANCE.md,Not a current public input: duplicate/historical/internal verification material; selected counterparts or documented workflow provided
R17/tables/A2_recording_exiD_s42_f1.0_target_only_missing.csv,reference,1999,8763bcfd76c8d44005f0689b528c2d38014f20a9764221340a6c06abf08fbb0c,R19 supplementary archive,excluded,,docs/PROVENANCE.md,Not a current public input: duplicate/historical/internal verification material; selected counterparts or documented workflow provided
R17/tables/A2_recording_uniD_s0_f0.1_continuation_missing.csv,reference,2114,8781163bb2760882ed578a293a1566c97dbd171421328a47b396c82ae82f9df4,R19 supplementary archive,excluded,,docs/PROVENANCE.md,Not a current public input: duplicate/historical/internal verification material; selected counterparts or documented workflow provided
R17/tables/A2_recording_uniD_s0_f0.1_target_only_missing.csv,reference,2088,b437f339d3e26203df68f29000821da077b191fc9e10f700075f0b3806b57e59,R19 supplementary archive,excluded,,docs/PROVENANCE.md,Not a current public input: duplicate/historical/internal verification material; selected counterparts or documented workflow provided
R17/tables/A2_recording_uniD_s0_f0.2_continuation_missing.csv,reference,2111,3a7cb54654b5a2e003ab1cbdeb5d4831201526fc893effc31ef447a15c7b8b4b,R19 supplementary archive,excluded,,docs/PROVENANCE.md,Not a current public input: duplicate/historical/internal verification material; selected counterparts or documented workflow provided
R17/tables/A2_recording_uniD_s0_f0.2_target_only_missing.csv,reference,2008,d4be40f02cfe0d972d49eeea5b44165e8287ca8a939de9fe1fba9f6d80ee1c44,R19 supplementary archive,excluded,,docs/PROVENANCE.md,Not a current public input: duplicate/historical/internal verification material; selected counterparts or documented workflow provided
R17/tables/A2_recording_uniD_s0_f0.4_continuation_missing.csv,reference,2111,3b641e89b618b7c0033b63624d9543fb962f63c888779ad610cddb913507bc37,R19 supplementary archive,excluded,,docs/PROVENANCE.md,Not a current public input: duplicate/historical/internal verification material; selected counterparts or documented workflow provided
R17/tables/A2_recording_uniD_s0_f0.4_target_only_missing.csv,reference,2063,bedfe7305dbecb7de0cfbc163611f90e8a68e596c9a3db20ca65dbaa64828831,R19 supplementary archive,excluded,,docs/PROVENANCE.md,Not a current public input: duplicate/historical/internal verification material; selected counterparts or documented workflow provided
R17/tables/A2_recording_uniD_s0_f0.6_continuation_missing.csv,reference,2111,8d0774d5e76cb91f91718bb6a00703c10aa23373c8a04fcb565d727ef6040bd1,R19 supplementary archive,excluded,,docs/PROVENANCE.md,Not a current public input: duplicate/historical/internal verification material; selected counterparts or documented workflow provided
R17/tables/A2_recording_uniD_s0_f0.6_target_only_missing.csv,reference,2049,cccde92776ed2315d3d5b21d4b8197f61ae8320267ec515c554e1fc17573f602,R19 supplementary archive,excluded,,docs/PROVENANCE.md,Not a current public input: duplicate/historical/internal verification material; selected counterparts or documented workflow provided
R17/tables/A2_recording_uniD_s0_f1.0_continuation_missing.csv,reference,2114,7aa544a6cbdac3c8b626894d029637a68dfa5e429f620af26395410611ea77a1,R19 supplementary archive,excluded,,docs/PROVENANCE.md,Not a current public input: duplicate/historical/internal verification material; selected counterparts or documented workflow provided
R17/tables/A2_recording_uniD_s0_f1.0_target_only_missing.csv,reference,2040,ac9e9d27ff675490e613f65ffd6716a052941efa5f0bb203c63a193a7e2fa48b,R19 supplementary archive,excluded,,docs/PROVENANCE.md,Not a current public input: duplicate/historical/internal verification material; selected counterparts or documented workflow provided
R17/tables/A2_recording_uniD_s1_f0.1_continuation_missing.csv,reference,2111,185ee4d2ee4d8047e42f82d9c5642b3b986dabe94851a8c9ff8da4cc7ce64a5d,R19 supplementary archive,excluded,,docs/PROVENANCE.md,Not a current public input: duplicate/historical/internal verification material; selected counterparts or documented workflow provided
R17/tables/A2_recording_uniD_s1_f0.1_target_only_missing.csv,reference,1983,cc22950f59da78d2158a6407043170b31640ad29ba6cf48bd2189233a5d48bf7,R19 supplementary archive,excluded,,docs/PROVENANCE.md,Not a current public input: duplicate/historical/internal verification material; selected counterparts or documented workflow provided
R17/tables/A2_recording_uniD_s1_f0.2_continuation_missing.csv,reference,2111,ae9dccf1a6d28de00314f77d72853dfffadab1abdd1a78a5e3c651f0751dcad0,R19 supplementary archive,excluded,,docs/PROVENANCE.md,Not a current public input: duplicate/historical/internal verification material; selected counterparts or documented workflow provided
R17/tables/A2_recording_uniD_s1_f0.2_target_only_missing.csv,reference,2027,fe578459377c60788a7b5036e227bb07b63c2fe4fc66b660f422c07e99da8182,R19 supplementary archive,excluded,,docs/PROVENANCE.md,Not a current public input: duplicate/historical/internal verification material; selected counterparts or documented workflow provided
R17/tables/A2_recording_uniD_s1_f0.4_continuation_missing.csv,reference,2110,96575bd0454059adf8f8d78217ae8651327574801289b4fc602e84d276ab8adb,R19 supplementary archive,excluded,,docs/PROVENANCE.md,Not a current public input: duplicate/historical/internal verification material; selected counterparts or documented workflow provided
R17/tables/A2_recording_uniD_s1_f0.4_target_only_missing.csv,reference,2035,f56fd0fbc54ca23bb0a23070f2494979b8e6d11442e42f6436676f4ac8570c2a,R19 supplementary archive,excluded,,docs/PROVENANCE.md,Not a current public input: duplicate/historical/internal verification material; selected counterparts or documented workflow provided
R17/tables/A2_recording_uniD_s1_f0.6_continuation_missing.csv,reference,2113,7e134cfa4ef9b97b17f0cbebeb2484f275ed7a403ece457a071c524f3fc9a5f7,R19 supplementary archive,excluded,,docs/PROVENANCE.md,Not a current public input: duplicate/historical/internal verification material; selected counterparts or documented workflow provided
R17/tables/A2_recording_uniD_s1_f0.6_target_only_missing.csv,reference,2068,02b60a298c51bff5270fcfacf498bd5cbb27aa3486f1abfd165b5ce0c4481690,R19 supplementary archive,excluded,,docs/PROVENANCE.md,Not a current public input: duplicate/historical/internal verification material; selected counterparts or documented workflow provided
R17/tables/A2_recording_uniD_s1_f1.0_continuation_missing.csv,reference,2112,8fde23d8be3af73c7f4adcd64b8ab3e9e1ece4b2e775b80d2177a5b4436e3c27,R19 supplementary archive,excluded,,docs/PROVENANCE.md,Not a current public input: duplicate/historical/internal verification material; selected counterparts or documented workflow provided
R17/tables/A2_recording_uniD_s1_f1.0_target_only_missing.csv,reference,2000,d124646eb17af0d744322d64551c78ae4c7ca517fc95be656547cc198c45813b,R19 supplementary archive,excluded,,docs/PROVENANCE.md,Not a current public input: duplicate/historical/internal verification material; selected counterparts or documented workflow provided
R17/tables/A2_recording_uniD_s42_f0.1_continuation_missing.csv,reference,2112,f4c2b41ee8a2be2873921714135aa5298fcf156597d2cfb5069fc2e060fbf639,R19 supplementary archive,excluded,,docs/PROVENANCE.md,Not a current public input: duplicate/historical/internal verification material; selected counterparts or documented workflow provided
R17/tables/A2_recording_uniD_s42_f0.1_target_only_missing.csv,reference,2034,6020c4604eb351c8b922af953e8a22a99aac755fb46c13da08ab29a8992894a7,R19 supplementary archive,excluded,,docs/PROVENANCE.md,Not a current public input: duplicate/historical/internal verification material; selected counterparts or documented workflow provided
R17/tables/A2_recording_uniD_s42_f0.2_continuation_missing.csv,reference,2113,577b15962281e7ba7cf1ddd6965b5dffd80c3c154360400d255a4b4acb5e2f3d,R19 supplementary archive,excluded,,docs/PROVENANCE.md,Not a current public input: duplicate/historical/internal verification material; selected counterparts or documented workflow provided
R17/tables/A2_recording_uniD_s42_f0.2_target_only_missing.csv,reference,2023,f349f3cee479ae1a520684b521ad7439120da91eaf195e7cd46888545efe9244,R19 supplementary archive,excluded,,docs/PROVENANCE.md,Not a current public input: duplicate/historical/internal verification material; selected counterparts or documented workflow provided
R17/tables/A2_recording_uniD_s42_f0.4_continuation_missing.csv,reference,2108,26e11b16cd8390df6ca1ce157a2d23444febc856985e9aafd3f9cf4f8cecc362,R19 supplementary archive,excluded,,docs/PROVENANCE.md,Not a current public input: duplicate/historical/internal verification material; selected counterparts or documented workflow provided
R17/tables/A2_recording_uniD_s42_f0.4_target_only_missing.csv,reference,1999,4e8430f5d245d73964765e1ffef3199949f8f9dfa3aa2d895dd6ab91debee564,R19 supplementary archive,excluded,,docs/PROVENANCE.md,Not a current public input: duplicate/historical/internal verification material; selected counterparts or documented workflow provided
R17/tables/A2_recording_uniD_s42_f0.6_continuation_missing.csv,reference,2112,4f8b6d94b00ec923fa3fd4e0d6d664cf25df1960104167db5022c5e1bb34ea09,R19 supplementary archive,excluded,,docs/PROVENANCE.md,Not a current public input: duplicate/historical/internal verification material; selected counterparts or documented workflow provided
R17/tables/A2_recording_uniD_s42_f0.6_target_only_missing.csv,reference,2008,78fc66c71c2ec9a0fd9a4232b5fa72e62934042d47c293e66e4c1fff47f787fb,R19 supplementary archive,excluded,,docs/PROVENANCE.md,Not a current public input: duplicate/historical/internal verification material; selected counterparts or documented workflow provided
R17/tables/A2_recording_uniD_s42_f1.0_continuation_missing.csv,reference,2113,4d385bc1e4b399caf57a25a501a7538b954406bed3037e8d28cc3cb6c5dd8570,R19 supplementary archive,excluded,,docs/PROVENANCE.md,Not a current public input: duplicate/historical/internal verification material; selected counterparts or documented workflow provided
R17/tables/A2_recording_uniD_s42_f1.0_target_only_missing.csv,reference,2062,c2016c965a2225d2b8125e87298d1e4cf57c4910f6f0cd68941bef122b309c04,R19 supplementary archive,excluded,,docs/PROVENANCE.md,Not a current public input: duplicate/historical/internal verification material; selected counterparts or documented workflow provided
R17/tables/A2_split_checks.csv,reference,3832,f767b0124273e44a44fc4456bb382e425677f38a29d228e1f829d67eab5b42b0,R19 supplementary archive,excluded,,docs/PROVENANCE.md,Not a current public input: duplicate/historical/internal verification material; selected counterparts or documented workflow provided
R17/tables/B1_feature_dependencies.csv,reference,9211,1292d08c0f51fc1fbcae79ff12691c51f37dfb8617fe2a5475a1f6b0fa914f81,R19 supplementary archive,excluded,,docs/PROVENANCE.md,Not a current public input: duplicate/historical/internal verification material; selected counterparts or documented workflow provided
R17/tables/B2_censoring.csv,reference,17826,75c5977be0c025c34457e60eac7484c693030c04d3607da7159e705bc62b7b84,R19 supplementary archive,excluded,,docs/PROVENANCE.md,Not a current public input: duplicate/historical/internal verification material; selected counterparts or documented workflow provided
R17/tables/B2_censoring_summary.csv,reference,951,b297086de707aba8498ab71aef38bbda7d2a0ff027a1b695cce86e75e0a9d167,R19 supplementary archive,excluded,,docs/PROVENANCE.md,Not a current public input: duplicate/historical/internal verification material; selected counterparts or documented workflow provided
R17/tables/B2_raw_inputs.csv,reference,3197,1740de72b0ec8953d45af7c938ca8085afcbe5f88ee95f3fc487e86d98f31015,R19 supplementary archive,excluded,,docs/PROVENANCE.md,Not a current public input: duplicate/historical/internal verification material; selected counterparts or documented workflow provided
R17/tables/B2_upstream_velocity_mapping.csv,reference,641,9eecffe8ea0934372ea1050c562fa3e2b0dc488ca64124344265c1370a466656,R19 supplementary archive,excluded,,docs/PROVENANCE.md,Not a current public input: duplicate/historical/internal verification material; selected counterparts or documented workflow provided
R17/tables/R16_A1_comparison.csv,reference,2972,2ffdf06433df1bc76b964b18108919f71b1a67d03db49748328d2264f29d8b01,R19 supplementary archive,excluded,,docs/PROVENANCE.md,Not a current public input: duplicate/historical/internal verification material; selected counterparts or documented workflow provided
R17/tables/R16_A1_summary.csv,reference,614,b42481f23305d1acb9fe1b7e290ef040b9b6c6ef91fbd821bdeaaa314fb22e32,R19 supplementary archive,excluded,,docs/PROVENANCE.md,Not a current public input: duplicate/historical/internal verification material; selected counterparts or documented workflow provided
R17/tables/bootstrap_ci.csv,reference,6893,9eb1714a47d6a3a2b24607ff23d843a9f89e8e3bc1567ce298c88e914a8ec0d4,R19 supplementary archive,excluded,,docs/PROVENANCE.md,Not a current public input: duplicate/historical/internal verification material; selected counterparts or documented workflow provided
R17/tables/bootstrap_replicates.parquet,sample_array_or_model,461748,4f7a5bcd657e96b2eadc727e2a2a5fa614a8a6588fadaa3e6908257de839e37c,R19 supplementary archive,pending_rights,,DATA_LICENSES.md provider-specific links,Keyed samples/labels/features or learned source-derived contents: applicable redistribution/non-reconstruction and mixed-license scope not established; preserve privately
R17/tables/recomputed_metrics.csv,reference,25370,3300b592650c401468b00fa9a30a69daabafde783c589afccf3650034b1ab35a,R19 supplementary archive,excluded,,docs/PROVENANCE.md,Not a current public input: duplicate/historical/internal verification material; selected counterparts or documented workflow provided
R17/verification/A1_recording_full48_s0__ETRI.json,reference,1135,16a9ababf4bbce75297df93add17d20f5d397390619f32c10629f6dea788cb9b,R19 supplementary archive,excluded,,docs/PROVENANCE.md,Not a current public input: duplicate/historical/internal verification material; selected counterparts or documented workflow provided
R17/verification/A1_recording_full48_s0__exiD.json,reference,1144,f062961104a71ec4437b3e302d1b08a407c1703086e80c9df0a230d041829080,R19 supplementary archive,excluded,,docs/PROVENANCE.md,Not a current public input: duplicate/historical/internal verification material; selected counterparts or documented workflow provided
R17/verification/A1_recording_full48_s0__source_test.json,reference,1158,0a526702b56a619226b3b1a07b26932fc711178822c422f80f6627e51bb6c0ad,R19 supplementary archive,excluded,,docs/PROVENANCE.md,Not a current public input: duplicate/historical/internal verification material; selected counterparts or documented workflow provided
R17/verification/A1_recording_full48_s0__uniD.json,reference,1142,a0858eeac6ab1ab2bf035ec4ce8ede640b63a58e9645062eb9e7c63a8a601af8,R19 supplementary archive,excluded,,docs/PROVENANCE.md,Not a current public input: duplicate/historical/internal verification material; selected counterparts or documented workflow provided
R17/verification/A1_recording_full48_s1__ETRI.json,reference,1137,4a677b81903549289505867908f9d0552f57b0c50c8cb33ae1fdf1fa31164c1d,R19 supplementary archive,excluded,,docs/PROVENANCE.md,Not a current public input: duplicate/historical/internal verification material; selected counterparts or documented workflow provided
R17/verification/A1_recording_full48_s1__exiD.json,reference,1146,c1e5ba4e3f6ff1c0df4a5e7ee718a5cfd6ced92a3f1e8a6a7d802a9e28e5b3bd,R19 supplementary archive,excluded,,docs/PROVENANCE.md,Not a current public input: duplicate/historical/internal verification material; selected counterparts or documented workflow provided
R17/verification/A1_recording_full48_s1__source_test.json,reference,1158,4e63966dbe7aac0b7db9fab67307517cf47e6a7c09b2afc559cae8d102b3f283,R19 supplementary archive,excluded,,docs/PROVENANCE.md,Not a current public input: duplicate/historical/internal verification material; selected counterparts or documented workflow provided
R17/verification/A1_recording_full48_s1__uniD.json,reference,1140,7e95e7c2e6317b2a93b24ec21f4045126072e0b77f75e053cc76ab4c4f5c0b55,R19 supplementary archive,excluded,,docs/PROVENANCE.md,Not a current public input: duplicate/historical/internal verification material; selected counterparts or documented workflow provided
R17/verification/A1_recording_full48_s42__ETRI.json,reference,1143,f5fa3844e189b420529366b7c5e06cf13134255843c0e6a854ff50bd7e2265a3,R19 supplementary archive,excluded,,docs/PROVENANCE.md,Not a current public input: duplicate/historical/internal verification material; selected counterparts or documented workflow provided
R17/verification/A1_recording_full48_s42__exiD.json,reference,1152,bf1763a331f77b89919051eeda8a26d822a53f4ba22cda0f8c509e8dd097c49a,R19 supplementary archive,excluded,,docs/PROVENANCE.md,Not a current public input: duplicate/historical/internal verification material; selected counterparts or documented workflow provided
R17/verification/A1_recording_full48_s42__source_test.json,reference,1163,05cd9095f29e01e5453d504349b6ef3479b7953e30418840e7037cf9542a2d3a,R19 supplementary archive,excluded,,docs/PROVENANCE.md,Not a current public input: duplicate/historical/internal verification material; selected counterparts or documented workflow provided
R17/verification/A1_recording_full48_s42__uniD.json,reference,1146,39e3cdb7dfe2642e97b3bb0aad30380e4c7dd2b3ad7fb929c27821f4daa7de7c,R19 supplementary archive,excluded,,docs/PROVENANCE.md,Not a current public input: duplicate/historical/internal verification material; selected counterparts or documented workflow provided
R17/verification/A2_physical_recording_exiD_s0_f0.1_continuation__exiD.json,reference,1274,0ec5143d66e0834ab9149c871c28f6fd6bee151df101a85235f20dd22f9daf89,R19 supplementary archive,excluded,,docs/PROVENANCE.md,Not a current public input: duplicate/historical/internal verification material; selected counterparts or documented workflow provided
R17/verification/A2_physical_recording_exiD_s0_f0.1_target_only__exiD.json,reference,1270,13875c203b5aa40a794273f12bb750686bdc6bcc867d4b8208700f0744385222,R19 supplementary archive,excluded,,docs/PROVENANCE.md,Not a current public input: duplicate/historical/internal verification material; selected counterparts or documented workflow provided
R17/verification/A2_physical_recording_exiD_s0_f0.2_continuation__exiD.json,reference,1274,12cf5bc219466807c864f077861a13caa503659464fa8a37156e6b317ea20e7e,R19 supplementary archive,excluded,,docs/PROVENANCE.md,Not a current public input: duplicate/historical/internal verification material; selected counterparts or documented workflow provided
R17/verification/A2_physical_recording_exiD_s0_f0.2_target_only__exiD.json,reference,1270,211e2b975066c488ff0d72997ae51fbd8199c5de5b810ef0f6fa8ba99ec04069,R19 supplementary archive,excluded,,docs/PROVENANCE.md,Not a current public input: duplicate/historical/internal verification material; selected counterparts or documented workflow provided
R17/verification/A2_physical_recording_exiD_s0_f0.4_continuation__exiD.json,reference,1273,0959a2a5a606437b4ea56e9a52febd5ef3df8701263f338331153309468c18c3,R19 supplementary archive,excluded,,docs/PROVENANCE.md,Not a current public input: duplicate/historical/internal verification material; selected counterparts or documented workflow provided
R17/verification/A2_physical_recording_exiD_s0_f0.4_target_only__exiD.json,reference,1271,10dd4df3fc6d2922eed3d26a1ee25bbacdf0e9c7cbd7a15dea3a994fb26b1ab7,R19 supplementary archive,excluded,,docs/PROVENANCE.md,Not a current public input: duplicate/historical/internal verification material; selected counterparts or documented workflow provided
R17/verification/A2_physical_recording_exiD_s0_f0.6_continuation__exiD.json,reference,1276,67f5cdc873acb2295e4a57e10440a9ee4bcac97f5415eadf8d160ff00e07acf2,R19 supplementary archive,excluded,,docs/PROVENANCE.md,Not a current public input: duplicate/historical/internal verification material; selected counterparts or documented workflow provided
R17/verification/A2_physical_recording_exiD_s0_f0.6_target_only__exiD.json,reference,1269,b7140d3c2cb598bc7ca478f2df6f906e5edc7f259cf55e509d4e46689843ad41,R19 supplementary archive,excluded,,docs/PROVENANCE.md,Not a current public input: duplicate/historical/internal verification material; selected counterparts or documented workflow provided
R17/verification/A2_physical_recording_exiD_s0_f1.0_continuation__exiD.json,reference,1275,6e65823c50c3d728f5ad4dd9b66fe648d257bf2f089a3547c0b54f5d9eb4922e,R19 supplementary archive,excluded,,docs/PROVENANCE.md,Not a current public input: duplicate/historical/internal verification material; selected counterparts or documented workflow provided
R17/verification/A2_physical_recording_exiD_s0_f1.0_target_only__exiD.json,reference,1270,54440fd476e4116d19794387feafd55b72e8af946ad4ff987365e7a8a0d56eac,R19 supplementary archive,excluded,,docs/PROVENANCE.md,Not a current public input: duplicate/historical/internal verification material; selected counterparts or documented workflow provided
R17/verification/A2_physical_recording_exiD_s1_f0.1_continuation__exiD.json,reference,1274,349aff0ae070ba225e3a4e8a3ecf9a71630575e8dda3f61036c49fb5b2a54727,R19 supplementary archive,excluded,,docs/PROVENANCE.md,Not a current public input: duplicate/historical/internal verification material; selected counterparts or documented workflow provided
R17/verification/A2_physical_recording_exiD_s1_f0.1_target_only__exiD.json,reference,1269,2a73591ec8b04ec45ef80e52a7125d18b8036c4b62f6d960cc8c13391fbc2721,R19 supplementary archive,excluded,,docs/PROVENANCE.md,Not a current public input: duplicate/historical/internal verification material; selected counterparts or documented workflow provided
R17/verification/A2_physical_recording_exiD_s1_f0.2_continuation__exiD.json,reference,1274,c76bf5d5686604c4dc5f6054a0747138838f6510ad334f43209184689d3797c3,R19 supplementary archive,excluded,,docs/PROVENANCE.md,Not a current public input: duplicate/historical/internal verification material; selected counterparts or documented workflow provided
R17/verification/A2_physical_recording_exiD_s1_f0.2_target_only__exiD.json,reference,1270,6f6935ed686a9ddb5a69ec25a2efd082a1fa67e86ea2b158b8d1316b88d07048,R19 supplementary archive,excluded,,docs/PROVENANCE.md,Not a current public input: duplicate/historical/internal verification material; selected counterparts or documented workflow provided
R17/verification/A2_physical_recording_exiD_s1_f0.4_continuation__exiD.json,reference,1275,90e5badac42407ae52172429a229b2dae656e144422f27013bf715c08a0b7e74,R19 supplementary archive,excluded,,docs/PROVENANCE.md,Not a current public input: duplicate/historical/internal verification material; selected counterparts or documented workflow provided
R17/verification/A2_physical_recording_exiD_s1_f0.4_target_only__exiD.json,reference,1269,9aa5104f0cd64a11057b1add04ff1913fb88ba3436f8faebd65b11140cb02c0f,R19 supplementary archive,excluded,,docs/PROVENANCE.md,Not a current public input: duplicate/historical/internal verification material; selected counterparts or documented workflow provided
R17/verification/A2_physical_recording_exiD_s1_f0.6_continuation__exiD.json,reference,1275,030740aa27945a2ddc89b6b7b611fc9bfe5f7daf6146177d552bde7e53e75bc2,R19 supplementary archive,excluded,,docs/PROVENANCE.md,Not a current public input: duplicate/historical/internal verification material; selected counterparts or documented workflow provided
R17/verification/A2_physical_recording_exiD_s1_f0.6_target_only__exiD.json,reference,1269,3123cceae2505ec4bd510a961f726784e8e86084b764323f3a0d26beb73fe4ab,R19 supplementary archive,excluded,,docs/PROVENANCE.md,Not a current public input: duplicate/historical/internal verification material; selected counterparts or documented workflow provided
R17/verification/A2_physical_recording_exiD_s1_f1.0_continuation__exiD.json,reference,1274,2e603633a488c7b1f5f35ff25bede108a2f1c8cb4a05de1e6544e9f2ada248e5,R19 supplementary archive,excluded,,docs/PROVENANCE.md,Not a current public input: duplicate/historical/internal verification material; selected counterparts or documented workflow provided
R17/verification/A2_physical_recording_exiD_s1_f1.0_target_only__exiD.json,reference,1269,108f160c084607f796166262e18c0f87f53d4adcf94206bf62b95ff20c6bddcd,R19 supplementary archive,excluded,,docs/PROVENANCE.md,Not a current public input: duplicate/historical/internal verification material; selected counterparts or documented workflow provided
R17/verification/A2_physical_recording_exiD_s42_f0.1_continuation__exiD.json,reference,1280,704a859e96f1d1efafbaf01b05b38522a50a52bce7d691f0bb3f6015789cb198,R19 supplementary archive,excluded,,docs/PROVENANCE.md,Not a current public input: duplicate/historical/internal verification material; selected counterparts or documented workflow provided
R17/verification/A2_physical_recording_exiD_s42_f0.1_target_only__exiD.json,reference,1276,5026b4e61f97b0944ce88a799d5500e6bfb4e52af317dc485b92710ada468a19,R19 supplementary archive,excluded,,docs/PROVENANCE.md,Not a current public input: duplicate/historical/internal verification material; selected counterparts or documented workflow provided
R17/verification/A2_physical_recording_exiD_s42_f0.2_continuation__exiD.json,reference,1279,de7144a39e86ed52b284b958e08a44b745b71e296a7f7f1a0cc4b54be87f0f0a,R19 supplementary archive,excluded,,docs/PROVENANCE.md,Not a current public input: duplicate/historical/internal verification material; selected counterparts or documented workflow provided
R17/verification/A2_physical_recording_exiD_s42_f0.2_target_only__exiD.json,reference,1275,7a1ed4f4fc2a6b2b904e947c2bb1c61f3e965c8e8c6aaa14119d4a4d05e4963d,R19 supplementary archive,excluded,,docs/PROVENANCE.md,Not a current public input: duplicate/historical/internal verification material; selected counterparts or documented workflow provided
R17/verification/A2_physical_recording_exiD_s42_f0.4_continuation__exiD.json,reference,1280,67d341bc3c537641181fda9e828b399c9960c98acad0d70bf46aa364c82c4081,R19 supplementary archive,excluded,,docs/PROVENANCE.md,Not a current public input: duplicate/historical/internal verification material; selected counterparts or documented workflow provided
R17/verification/A2_physical_recording_exiD_s42_f0.4_target_only__exiD.json,reference,1275,6934f8c27cd6631282a70cd2e99d2f737c45b150788e67f9d33f6a5ef8c75a53,R19 supplementary archive,excluded,,docs/PROVENANCE.md,Not a current public input: duplicate/historical/internal verification material; selected counterparts or documented workflow provided
R17/verification/A2_physical_recording_exiD_s42_f0.6_continuation__exiD.json,reference,1282,0b85665576ece3417f18cbc88633e1fa64156cb644fd2d0af4fda3d5d9b8286b,R19 supplementary archive,excluded,,docs/PROVENANCE.md,Not a current public input: duplicate/historical/internal verification material; selected counterparts or documented workflow provided
R17/verification/A2_physical_recording_exiD_s42_f0.6_target_only__exiD.json,reference,1273,a20ba5ec68c55a942a3b530500b48a10e4385cba15832c2d59c9020ed0ce61fb,R19 supplementary archive,excluded,,docs/PROVENANCE.md,Not a current public input: duplicate/historical/internal verification material; selected counterparts or documented workflow provided
R17/verification/A2_physical_recording_exiD_s42_f1.0_continuation__exiD.json,reference,1280,fd7857ddd8605d341062349b9140f9cd876edad8ed07463a1d572e2ceb1bf02f,R19 supplementary archive,excluded,,docs/PROVENANCE.md,Not a current public input: duplicate/historical/internal verification material; selected counterparts or documented workflow provided
R17/verification/A2_physical_recording_exiD_s42_f1.0_target_only__exiD.json,reference,1275,76f41463cc495e551bd83b2f7723701c7f44effe0a84cbd2d0be4cebb8bf949d,R19 supplementary archive,excluded,,docs/PROVENANCE.md,Not a current public input: duplicate/historical/internal verification material; selected counterparts or documented workflow provided
R17/verification/A2_recording_ETRI_s0_f0.1_continuation__ETRI.json,reference,1195,19671b797743484b97008c6f39683a0bac87074a77db3c3872dea525a859ada8,R19 supplementary archive,excluded,,docs/PROVENANCE.md,Not a current public input: duplicate/historical/internal verification material; selected counterparts or documented workflow provided
R17/verification/A2_recording_ETRI_s0_f0.1_target_only__ETRI.json,reference,1188,64442fdd3a1fe21552f7bc233c105856045e3f39a58e9258799f3ccdf01cce4e,R19 supplementary archive,excluded,,docs/PROVENANCE.md,Not a current public input: duplicate/historical/internal verification material; selected counterparts or documented workflow provided
R17/verification/A2_recording_ETRI_s0_f0.2_continuation__ETRI.json,reference,1193,f2e62fa6df0db4c2347792050a084d3cd2c0cdf402172838c7f29c007305f35a,R19 supplementary archive,excluded,,docs/PROVENANCE.md,Not a current public input: duplicate/historical/internal verification material; selected counterparts or documented workflow provided
R17/verification/A2_recording_ETRI_s0_f0.2_target_only__ETRI.json,reference,1186,730c2b23efd5cddc7110d61f86af03742d6e93d3af523153f6e4477e96292db6,R19 supplementary archive,excluded,,docs/PROVENANCE.md,Not a current public input: duplicate/historical/internal verification material; selected counterparts or documented workflow provided
R17/verification/A2_recording_ETRI_s0_f0.4_continuation__ETRI.json,reference,1194,e1cf7a1396b8c263a4dc9415f286ac1a24b9ca0f51fe85dbc1b3a798c365a6ae,R19 supplementary archive,excluded,,docs/PROVENANCE.md,Not a current public input: duplicate/historical/internal verification material; selected counterparts or documented workflow provided
R17/verification/A2_recording_ETRI_s0_f0.4_target_only__ETRI.json,reference,1186,8d3bb9520895be7021f412e93a21224e0e5d325f18979096afc877cc2ec7a68b,R19 supplementary archive,excluded,,docs/PROVENANCE.md,Not a current public input: duplicate/historical/internal verification material; selected counterparts or documented workflow provided
R17/verification/A2_recording_ETRI_s0_f0.6_continuation__ETRI.json,reference,1192,e3ec4dfc499369e929895279de02aa8766a143de0109d95e29aaa6a89a7b77d6,R19 supplementary archive,excluded,,docs/PROVENANCE.md,Not a current public input: duplicate/historical/internal verification material; selected counterparts or documented workflow provided
R17/verification/A2_recording_ETRI_s0_f0.6_target_only__ETRI.json,reference,1189,a2884e85d7ee1411f60cc3c0534be58a21a6c807292b9268f4285ee729a8b9b6,R19 supplementary archive,excluded,,docs/PROVENANCE.md,Not a current public input: duplicate/historical/internal verification material; selected counterparts or documented workflow provided
R17/verification/A2_recording_ETRI_s0_f1.0_continuation__ETRI.json,reference,1194,73ce2ecfa3fb174b92fd596a3e318421573c829ee74c81707541ac81e5e378a7,R19 supplementary archive,excluded,,docs/PROVENANCE.md,Not a current public input: duplicate/historical/internal verification material; selected counterparts or documented workflow provided
R17/verification/A2_recording_ETRI_s0_f1.0_target_only__ETRI.json,reference,1188,9edb945b6b8bdb458af14a28f703f7af1d18c2df21d55e91dd3b8b8530b97370,R19 supplementary archive,excluded,,docs/PROVENANCE.md,Not a current public input: duplicate/historical/internal verification material; selected counterparts or documented workflow provided
R17/verification/A2_recording_ETRI_s1_f0.1_continuation__ETRI.json,reference,1193,87892de1c0ab76ded99c5089646ca5ee47004659db908dbdd5e2ac1c8d8dc981,R19 supplementary archive,excluded,,docs/PROVENANCE.md,Not a current public input: duplicate/historical/internal verification material; selected counterparts or documented workflow provided
R17/verification/A2_recording_ETRI_s1_f0.1_target_only__ETRI.json,reference,1172,c442e2af6e572e103d1f2f0f86667a56648d3e0c077ec93ee20deadf992de392,R19 supplementary archive,excluded,,docs/PROVENANCE.md,Not a current public input: duplicate/historical/internal verification material; selected counterparts or documented workflow provided
R17/verification/A2_recording_ETRI_s1_f0.2_continuation__ETRI.json,reference,1193,8f78765cab2a395ce743670cb6d4fed3d128c8763ca0aa053399bb83240ce477,R19 supplementary archive,excluded,,docs/PROVENANCE.md,Not a current public input: duplicate/historical/internal verification material; selected counterparts or documented workflow provided
R17/verification/A2_recording_ETRI_s1_f0.2_target_only__ETRI.json,reference,1188,2aa5c0048a0a9639d1786fdc4aaa88f6fa136bdacbd46a2f23ae3445f32f0bc6,R19 supplementary archive,excluded,,docs/PROVENANCE.md,Not a current public input: duplicate/historical/internal verification material; selected counterparts or documented workflow provided
R17/verification/A2_recording_ETRI_s1_f0.4_continuation__ETRI.json,reference,1195,44395db0b2cf1074d47fecd6efd4737120a3ea5a8cb7dfeaa9f35b6d666ef4ff,R19 supplementary archive,excluded,,docs/PROVENANCE.md,Not a current public input: duplicate/historical/internal verification material; selected counterparts or documented workflow provided
R17/verification/A2_recording_ETRI_s1_f0.4_target_only__ETRI.json,reference,1189,63dd650d6e9bfd0a4f5c0ae3f799873fb39a4df702bce7e2d9a382d9d510aa8c,R19 supplementary archive,excluded,,docs/PROVENANCE.md,Not a current public input: duplicate/historical/internal verification material; selected counterparts or documented workflow provided
R17/verification/A2_recording_ETRI_s1_f0.6_continuation__ETRI.json,reference,1195,92c5a710330e257368e089f8779aa3f9a8dc87861ef883dc8ddebc50140bb049,R19 supplementary archive,excluded,,docs/PROVENANCE.md,Not a current public input: duplicate/historical/internal verification material; selected counterparts or documented workflow provided
R17/verification/A2_recording_ETRI_s1_f0.6_target_only__ETRI.json,reference,1190,3a3d6125a232ec2b33bcb5d83c3f527e75ac25d658ec6b026389ea965123b7fa,R19 supplementary archive,excluded,,docs/PROVENANCE.md,Not a current public input: duplicate/historical/internal verification material; selected counterparts or documented workflow provided
R17/verification/A2_recording_ETRI_s1_f1.0_continuation__ETRI.json,reference,1193,a4946cf491672b5ff46ea92abf8a367b6c9ef81644aa68ff60b6fe9b2792ba3a,R19 supplementary archive,excluded,,docs/PROVENANCE.md,Not a current public input: duplicate/historical/internal verification material; selected counterparts or documented workflow provided
R17/verification/A2_recording_ETRI_s1_f1.0_target_only__ETRI.json,reference,1187,df6dce4757d91aed451ad56edecdd4587b29aa609266212cccea05a713303c81,R19 supplementary archive,excluded,,docs/PROVENANCE.md,Not a current public input: duplicate/historical/internal verification material; selected counterparts or documented workflow provided
R17/verification/A2_recording_ETRI_s42_f0.1_continuation__ETRI.json,reference,1200,c8e13399206bcdc4ea0a7233a8255f58a9516fd2d716f1ea65b12b1ea5b4f60f,R19 supplementary archive,excluded,,docs/PROVENANCE.md,Not a current public input: duplicate/historical/internal verification material; selected counterparts or documented workflow provided
R17/verification/A2_recording_ETRI_s42_f0.1_target_only__ETRI.json,reference,1194,20ece56c8a34b1f575de2a700494ad28c457a865b88b650fa85ee6084dfc6f99,R19 supplementary archive,excluded,,docs/PROVENANCE.md,Not a current public input: duplicate/historical/internal verification material; selected counterparts or documented workflow provided
R17/verification/A2_recording_ETRI_s42_f0.2_continuation__ETRI.json,reference,1199,82087f23f8ae5e2ff6ea5b22d66142b20540e5f3c622cea3e5f15bdf826159cd,R19 supplementary archive,excluded,,docs/PROVENANCE.md,Not a current public input: duplicate/historical/internal verification material; selected counterparts or documented workflow provided
R17/verification/A2_recording_ETRI_s42_f0.2_target_only__ETRI.json,reference,1193,c7a5fe80e637946d5e372f5beed673aeccee597fd16cd6869ccfa4d694654f21,R19 supplementary archive,excluded,,docs/PROVENANCE.md,Not a current public input: duplicate/historical/internal verification material; selected counterparts or documented workflow provided
R17/verification/A2_recording_ETRI_s42_f0.4_continuation__ETRI.json,reference,1199,f73f85a41acb03b0c1dbad38ee67a80eaf15b1dcafe95fc74648a29129317fd8,R19 supplementary archive,excluded,,docs/PROVENANCE.md,Not a current public input: duplicate/historical/internal verification material; selected counterparts or documented workflow provided
R17/verification/A2_recording_ETRI_s42_f0.4_target_only__ETRI.json,reference,1193,719da409d9e96dcac58381c4c83b81ec208e338c420232f69bb7d61e89d4000a,R19 supplementary archive,excluded,,docs/PROVENANCE.md,Not a current public input: duplicate/historical/internal verification material; selected counterparts or documented workflow provided
R17/verification/A2_recording_ETRI_s42_f0.6_continuation__ETRI.json,reference,1200,7ca2bfbec7045c69dbc2c7a1f2fb6cdae8d9db1a5733579b25e55187aad2f343,R19 supplementary archive,excluded,,docs/PROVENANCE.md,Not a current public input: duplicate/historical/internal verification material; selected counterparts or documented workflow provided
R17/verification/A2_recording_ETRI_s42_f0.6_target_only__ETRI.json,reference,1192,fc4fc6d981b81c2176c3b3b7d0d51c3ab63615fdef179603ec195aa4fa2e8dfb,R19 supplementary archive,excluded,,docs/PROVENANCE.md,Not a current public input: duplicate/historical/internal verification material; selected counterparts or documented workflow provided
R17/verification/A2_recording_ETRI_s42_f1.0_continuation__ETRI.json,reference,1198,c9ab584e56b66a4373e44bb2e341aa66a3f7c95fe352275f08355645ef094677,R19 supplementary archive,excluded,,docs/PROVENANCE.md,Not a current public input: duplicate/historical/internal verification material; selected counterparts or documented workflow provided
R17/verification/A2_recording_ETRI_s42_f1.0_target_only__ETRI.json,reference,1194,265f6aa08a2952c2d1817a969f26ff099977a5e835cd38620fafce64670c5cbe,R19 supplementary archive,excluded,,docs/PROVENANCE.md,Not a current public input: duplicate/historical/internal verification material; selected counterparts or documented workflow provided
R17/verification/A2_recording_exiD_s0_f0.1_continuation__exiD.json,reference,1220,dcc189e96054f7bcd557bc6e8f966fa1983c60c4f62d8070e19bc6e4b34ee830,R19 supplementary archive,excluded,,docs/PROVENANCE.md,Not a current public input: duplicate/historical/internal verification material; selected counterparts or documented workflow provided
R17/verification/A2_recording_exiD_s0_f0.1_target_only__exiD.json,reference,1215,00272018876beee649e48207a7c9d6c3dfc4997a05cd7c923045cc3a0e3980e6,R19 supplementary archive,excluded,,docs/PROVENANCE.md,Not a current public input: duplicate/historical/internal verification material; selected counterparts or documented workflow provided
R17/verification/A2_recording_exiD_s0_f0.2_continuation__exiD.json,reference,1220,8159bd39cac7b6c165ed10f04c133fbf0a09e53560e2e9e98cf1997aaecfbc85,R19 supplementary archive,excluded,,docs/PROVENANCE.md,Not a current public input: duplicate/historical/internal verification material; selected counterparts or documented workflow provided
R17/verification/A2_recording_exiD_s0_f0.2_target_only__exiD.json,reference,1216,b6ca484ec6ee6ad630e3f3c7e1ecab57d5c09daaa845ac0cd3c183e2265614f4,R19 supplementary archive,excluded,,docs/PROVENANCE.md,Not a current public input: duplicate/historical/internal verification material; selected counterparts or documented workflow provided
R17/verification/A2_recording_exiD_s0_f0.4_continuation__exiD.json,reference,1220,3a3754b7f9347e9ed5c91060fcb5d169e92734124f5a3c9d033752cf3b61865f,R19 supplementary archive,excluded,,docs/PROVENANCE.md,Not a current public input: duplicate/historical/internal verification material; selected counterparts or documented workflow provided
R17/verification/A2_recording_exiD_s0_f0.4_target_only__exiD.json,reference,1216,ff92e7812f4eb4365edadfc8c6eef1d186b59efbde23aa8be2a5538f870214e7,R19 supplementary archive,excluded,,docs/PROVENANCE.md,Not a current public input: duplicate/historical/internal verification material; selected counterparts or documented workflow provided
R17/verification/A2_recording_exiD_s0_f0.6_continuation__exiD.json,reference,1219,d5edf829941ba12671857dc8135be8c07923be6b7c786fc721a5373660b472a3,R19 supplementary archive,excluded,,docs/PROVENANCE.md,Not a current public input: duplicate/historical/internal verification material; selected counterparts or documented workflow provided
R17/verification/A2_recording_exiD_s0_f0.6_target_only__exiD.json,reference,1215,1cfd43b07d55611c764012d9559366c311cbab86708bd856d3d4fbf37dc64dec,R19 supplementary archive,excluded,,docs/PROVENANCE.md,Not a current public input: duplicate/historical/internal verification material; selected counterparts or documented workflow provided
R17/verification/A2_recording_exiD_s0_f1.0_continuation__exiD.json,reference,1220,ac6a360a0957f5fa2b4d817d8459774c0040e6226aa07f52ac5451ab3deea68c,R19 supplementary archive,excluded,,docs/PROVENANCE.md,Not a current public input: duplicate/historical/internal verification material; selected counterparts or documented workflow provided
R17/verification/A2_recording_exiD_s0_f1.0_target_only__exiD.json,reference,1212,2609f9e1c0d9d5666a316d4b835e124e2a5b8bf668edd7490ff7db1dce012fde,R19 supplementary archive,excluded,,docs/PROVENANCE.md,Not a current public input: duplicate/historical/internal verification material; selected counterparts or documented workflow provided
R17/verification/A2_recording_exiD_s1_f0.1_continuation__exiD.json,reference,1219,7e2cd79d7d1ca1a3ec20e9581bbce3826d625a6b5f290f0a5c53558208595b60,R19 supplementary archive,excluded,,docs/PROVENANCE.md,Not a current public input: duplicate/historical/internal verification material; selected counterparts or documented workflow provided
R17/verification/A2_recording_exiD_s1_f0.1_target_only__exiD.json,reference,1214,2e53b232775f37e34cc5424d4940e4a50eaffdcad5abe360d5f5502d3fd505fa,R19 supplementary archive,excluded,,docs/PROVENANCE.md,Not a current public input: duplicate/historical/internal verification material; selected counterparts or documented workflow provided
R17/verification/A2_recording_exiD_s1_f0.2_continuation__exiD.json,reference,1220,b7055b460979cf45f6929240e3d515aee8fb8bddeea21462b456f78d61ebc0d8,R19 supplementary archive,excluded,,docs/PROVENANCE.md,Not a current public input: duplicate/historical/internal verification material; selected counterparts or documented workflow provided
R17/verification/A2_recording_exiD_s1_f0.2_target_only__exiD.json,reference,1214,a90cdf01527a9dea51299900a6b53c8ef11ae4326c5bbf9d0979956d7a6730b7,R19 supplementary archive,excluded,,docs/PROVENANCE.md,Not a current public input: duplicate/historical/internal verification material; selected counterparts or documented workflow provided
R17/verification/A2_recording_exiD_s1_f0.4_continuation__exiD.json,reference,1220,0c204cf5359c375e4c979c50020fbec46077e39aee56a0f2a5fb3870bbd4efba,R19 supplementary archive,excluded,,docs/PROVENANCE.md,Not a current public input: duplicate/historical/internal verification material; selected counterparts or documented workflow provided
R17/verification/A2_recording_exiD_s1_f0.4_target_only__exiD.json,reference,1215,542d3f0880596f337c034c0c39ba3f98cb2208add4b9973fc61134ba2df71156,R19 supplementary archive,excluded,,docs/PROVENANCE.md,Not a current public input: duplicate/historical/internal verification material; selected counterparts or documented workflow provided
R17/verification/A2_recording_exiD_s1_f0.6_continuation__exiD.json,reference,1220,23b7d59b81871cc65b899d1ae2c2ac7ab437edd24d45b0fd3cb4767f070da29a,R19 supplementary archive,excluded,,docs/PROVENANCE.md,Not a current public input: duplicate/historical/internal verification material; selected counterparts or documented workflow provided
R17/verification/A2_recording_exiD_s1_f0.6_target_only__exiD.json,reference,1214,834115972cfc7e2e8860d1978a0ce59d4ecf8ad600383266bddd5da1981e5d41,R19 supplementary archive,excluded,,docs/PROVENANCE.md,Not a current public input: duplicate/historical/internal verification material; selected counterparts or documented workflow provided
R17/verification/A2_recording_exiD_s1_f1.0_continuation__exiD.json,reference,1220,957ba609c779d10f8cc3e3040a39a8b58b60c8914fea005354524baa36a01d62,R19 supplementary archive,excluded,,docs/PROVENANCE.md,Not a current public input: duplicate/historical/internal verification material; selected counterparts or documented workflow provided
R17/verification/A2_recording_exiD_s1_f1.0_target_only__exiD.json,reference,1216,2294310731f68061f13799ab62bdf02d6e869623511a6902676733f8758c5afc,R19 supplementary archive,excluded,,docs/PROVENANCE.md,Not a current public input: duplicate/historical/internal verification material; selected counterparts or documented workflow provided
R17/verification/A2_recording_exiD_s42_f0.1_continuation__exiD.json,reference,1227,839eff120997dcd15a07de32a8618eef578337f40690921c7e254d0d9a07c763,R19 supplementary archive,excluded,,docs/PROVENANCE.md,Not a current public input: duplicate/historical/internal verification material; selected counterparts or documented workflow provided
R17/verification/A2_recording_exiD_s42_f0.1_target_only__exiD.json,reference,1220,382e2c3927ee00ed3991c12bd8aecbc7e192f12223d17716c1f850424ac58772,R19 supplementary archive,excluded,,docs/PROVENANCE.md,Not a current public input: duplicate/historical/internal verification material; selected counterparts or documented workflow provided
R17/verification/A2_recording_exiD_s42_f0.2_continuation__exiD.json,reference,1227,fc7326cee052fe8c1bfda4c07c6f32b8374cb686f5be3044856157747bf0fc40,R19 supplementary archive,excluded,,docs/PROVENANCE.md,Not a current public input: duplicate/historical/internal verification material; selected counterparts or documented workflow provided
R17/verification/A2_recording_exiD_s42_f0.2_target_only__exiD.json,reference,1220,dd652e22cec2a6ce7ced049e1b25162109279cc55caafe415da0b611e67ad829,R19 supplementary archive,excluded,,docs/PROVENANCE.md,Not a current public input: duplicate/historical/internal verification material; selected counterparts or documented workflow provided
R17/verification/A2_recording_exiD_s42_f0.4_continuation__exiD.json,reference,1226,71fb288d83a3e5e6c56c10dd2cf7db8ef923ec6594be2dfc5444860dd4d84b4a,R19 supplementary archive,excluded,,docs/PROVENANCE.md,Not a current public input: duplicate/historical/internal verification material; selected counterparts or documented workflow provided
R17/verification/A2_recording_exiD_s42_f0.4_target_only__exiD.json,reference,1221,dedb8a43d7c22d36132ac485d30a2f0a4e1c7a4e0a1efb11353e453b44938ba4,R19 supplementary archive,excluded,,docs/PROVENANCE.md,Not a current public input: duplicate/historical/internal verification material; selected counterparts or documented workflow provided
R17/verification/A2_recording_exiD_s42_f0.6_continuation__exiD.json,reference,1226,90db588134963765cc8576ec67f993386d6f7ca86ffcbca8e9cc52cd3a6aadd2,R19 supplementary archive,excluded,,docs/PROVENANCE.md,Not a current public input: duplicate/historical/internal verification material; selected counterparts or documented workflow provided
R17/verification/A2_recording_exiD_s42_f0.6_target_only__exiD.json,reference,1221,586303cf8e81f748b58a1456ae325f0858078617eccac6fe6b0f8eebd32baacf,R19 supplementary archive,excluded,,docs/PROVENANCE.md,Not a current public input: duplicate/historical/internal verification material; selected counterparts or documented workflow provided
R17/verification/A2_recording_exiD_s42_f1.0_continuation__exiD.json,reference,1226,4c1e701b01d0b8b02b7285959a0e18904908d1aa084dcfaef4f5b86cf21eec5b,R19 supplementary archive,excluded,,docs/PROVENANCE.md,Not a current public input: duplicate/historical/internal verification material; selected counterparts or documented workflow provided
R17/verification/A2_recording_exiD_s42_f1.0_target_only__exiD.json,reference,1221,7e5f0589f9ce592977186408261c172940aaf5a32fd3b6b673e27ceb68bd4b05,R19 supplementary archive,excluded,,docs/PROVENANCE.md,Not a current public input: duplicate/historical/internal verification material; selected counterparts or documented workflow provided
R17/verification/A2_recording_uniD_s0_f0.1_continuation__uniD.json,reference,1217,edded173907ddf40389bcbc1af7846018906075771333868375157a50c68f6db,R19 supplementary archive,excluded,,docs/PROVENANCE.md,Not a current public input: duplicate/historical/internal verification material; selected counterparts or documented workflow provided
R17/verification/A2_recording_uniD_s0_f0.1_target_only__uniD.json,reference,1211,ac9ec7f0852b62eb0ff700f393de45d60c582944e44896f7bd17cf1cdca4300d,R19 supplementary archive,excluded,,docs/PROVENANCE.md,Not a current public input: duplicate/historical/internal verification material; selected counterparts or documented workflow provided
R17/verification/A2_recording_uniD_s0_f0.2_continuation__uniD.json,reference,1217,3b6ce769ae5c1c0fe5223924cb16f5f738a69fba8a626230b0df55db62df06ea,R19 supplementary archive,excluded,,docs/PROVENANCE.md,Not a current public input: duplicate/historical/internal verification material; selected counterparts or documented workflow provided
R17/verification/A2_recording_uniD_s0_f0.2_target_only__uniD.json,reference,1209,ee26692ff4cab5b65fe9c716850f8c451269e6c01d8fccc1468301a6603680c8,R19 supplementary archive,excluded,,docs/PROVENANCE.md,Not a current public input: duplicate/historical/internal verification material; selected counterparts or documented workflow provided
R17/verification/A2_recording_uniD_s0_f0.4_continuation__uniD.json,reference,1216,78ee9abd18df3bee245c8b023e857693af12c7c731dd8a10351c826f8285d48c,R19 supplementary archive,excluded,,docs/PROVENANCE.md,Not a current public input: duplicate/historical/internal verification material; selected counterparts or documented workflow provided
R17/verification/A2_recording_uniD_s0_f0.4_target_only__uniD.json,reference,1211,61d6a17fb26592292f7c70965c9e559ab29560b9e446394571df2a90c02cc137,R19 supplementary archive,excluded,,docs/PROVENANCE.md,Not a current public input: duplicate/historical/internal verification material; selected counterparts or documented workflow provided
R17/verification/A2_recording_uniD_s0_f0.6_continuation__uniD.json,reference,1216,8c437278cb89606824d2e7a7631058f083ade573dba1e1c43cd25a46b5452fea,R19 supplementary archive,excluded,,docs/PROVENANCE.md,Not a current public input: duplicate/historical/internal verification material; selected counterparts or documented workflow provided
R17/verification/A2_recording_uniD_s0_f0.6_target_only__uniD.json,reference,1211,a168c0b444451b43d16b6db54b6178cb127edf256fb533a7fe82fd49f6925ee4,R19 supplementary archive,excluded,,docs/PROVENANCE.md,Not a current public input: duplicate/historical/internal verification material; selected counterparts or documented workflow provided
R17/verification/A2_recording_uniD_s0_f1.0_continuation__uniD.json,reference,1216,b06114507133d8c6e234310635d6200ce6c37c18f591f6c82682c080b69b81f3,R19 supplementary archive,excluded,,docs/PROVENANCE.md,Not a current public input: duplicate/historical/internal verification material; selected counterparts or documented workflow provided
R17/verification/A2_recording_uniD_s0_f1.0_target_only__uniD.json,reference,1211,816678e7c522c88358634b430f6f53f9f00cd8ac0979773a561195531042704c,R19 supplementary archive,excluded,,docs/PROVENANCE.md,Not a current public input: duplicate/historical/internal verification material; selected counterparts or documented workflow provided
R17/verification/A2_recording_uniD_s1_f0.1_continuation__uniD.json,reference,1216,fc6f853b54f64fd54ddadc8e66224337a937853ee1f41821f43a58daf7f9e35d,R19 supplementary archive,excluded,,docs/PROVENANCE.md,Not a current public input: duplicate/historical/internal verification material; selected counterparts or documented workflow provided
R17/verification/A2_recording_uniD_s1_f0.1_target_only__uniD.json,reference,1210,0b35c262bed4b213a3d6bf8cf7da5791b090a671bf54300f47ae83afaa643cdf,R19 supplementary archive,excluded,,docs/PROVENANCE.md,Not a current public input: duplicate/historical/internal verification material; selected counterparts or documented workflow provided
R17/verification/A2_recording_uniD_s1_f0.2_continuation__uniD.json,reference,1217,989734bdc3c64e21887c9107c770fb940e6c1821d48c5f1ca45a62ecd4c67115,R19 supplementary archive,excluded,,docs/PROVENANCE.md,Not a current public input: duplicate/historical/internal verification material; selected counterparts or documented workflow provided
R17/verification/A2_recording_uniD_s1_f0.2_target_only__uniD.json,reference,1210,f53e689d2ceb874d81f9a7cd989db2fb7007a6d6601cf600db9a1c21b3bb5de9,R19 supplementary archive,excluded,,docs/PROVENANCE.md,Not a current public input: duplicate/historical/internal verification material; selected counterparts or documented workflow provided
R17/verification/A2_recording_uniD_s1_f0.4_continuation__uniD.json,reference,1217,2156a7ff9414cd485584fb6ee35d8a7fce9668f2e563a9ba77b78f98cb691151,R19 supplementary archive,excluded,,docs/PROVENANCE.md,Not a current public input: duplicate/historical/internal verification material; selected counterparts or documented workflow provided
R17/verification/A2_recording_uniD_s1_f0.4_target_only__uniD.json,reference,1211,fb4c55a0f2bce4293e71030636d595322cc3baa74ea8042c5e8c706156fe7a2b,R19 supplementary archive,excluded,,docs/PROVENANCE.md,Not a current public input: duplicate/historical/internal verification material; selected counterparts or documented workflow provided
R17/verification/A2_recording_uniD_s1_f0.6_continuation__uniD.json,reference,1217,d416b80db3ff2c2b5993cfcdc6cb27be22f1e113b3ec747b95b647fafa69ae9b,R19 supplementary archive,excluded,,docs/PROVENANCE.md,Not a current public input: duplicate/historical/internal verification material; selected counterparts or documented workflow provided
R17/verification/A2_recording_uniD_s1_f0.6_target_only__uniD.json,reference,1212,27ddcad985211c76882cf4f248879622960f0ad8b28c61e9cc7d4d8deff9da54,R19 supplementary archive,excluded,,docs/PROVENANCE.md,Not a current public input: duplicate/historical/internal verification material; selected counterparts or documented workflow provided
R17/verification/A2_recording_uniD_s1_f1.0_continuation__uniD.json,reference,1216,ecef952c225c695b3fcdc331051db34e9c5ecd53826ddfe229e4b2a20eb8e3ae,R19 supplementary archive,excluded,,docs/PROVENANCE.md,Not a current public input: duplicate/historical/internal verification material; selected counterparts or documented workflow provided
R17/verification/A2_recording_uniD_s1_f1.0_target_only__uniD.json,reference,1210,30b1f4a8267dd10abd3dfd84b894576e54ae43242dfd17030af530118405b8fa,R19 supplementary archive,excluded,,docs/PROVENANCE.md,Not a current public input: duplicate/historical/internal verification material; selected counterparts or documented workflow provided
R17/verification/A2_recording_uniD_s42_f0.1_continuation__uniD.json,reference,1220,a2c91c1020a831c63f66db64ba6e4907281e993d9d3b28932e7c002dd1360a4f,R19 supplementary archive,excluded,,docs/PROVENANCE.md,Not a current public input: duplicate/historical/internal verification material; selected counterparts or documented workflow provided
R17/verification/A2_recording_uniD_s42_f0.1_target_only__uniD.json,reference,1213,90b0ac237a542dcabe9c9079200cc21193b069fe7f83d53093c2316d61ce1ac1,R19 supplementary archive,excluded,,docs/PROVENANCE.md,Not a current public input: duplicate/historical/internal verification material; selected counterparts or documented workflow provided
R17/verification/A2_recording_uniD_s42_f0.2_continuation__uniD.json,reference,1219,c288a865f519ef3826fcfeeda6e6dbc080b4aa3919d53995df1564d0d332d034,R19 supplementary archive,excluded,,docs/PROVENANCE.md,Not a current public input: duplicate/historical/internal verification material; selected counterparts or documented workflow provided
R17/verification/A2_recording_uniD_s42_f0.2_target_only__uniD.json,reference,1214,88f1a5a3f7d870f86fec048550c0aa32010758baccb153f604f78203321af9f2,R19 supplementary archive,excluded,,docs/PROVENANCE.md,Not a current public input: duplicate/historical/internal verification material; selected counterparts or documented workflow provided
R17/verification/A2_recording_uniD_s42_f0.4_continuation__uniD.json,reference,1220,3005bc9799aa62af3905b87cbb87452837cb9cc5fe52c2814c3d69049e803892,R19 supplementary archive,excluded,,docs/PROVENANCE.md,Not a current public input: duplicate/historical/internal verification material; selected counterparts or documented workflow provided
R17/verification/A2_recording_uniD_s42_f0.4_target_only__uniD.json,reference,1214,772fde228d8ceb32420b8ee724bf23295922d5b4a9819777648e16b9112fd08f,R19 supplementary archive,excluded,,docs/PROVENANCE.md,Not a current public input: duplicate/historical/internal verification material; selected counterparts or documented workflow provided
R17/verification/A2_recording_uniD_s42_f0.6_continuation__uniD.json,reference,1220,93c3f5a31a00fdf2a0788bf35508d98e3641b96e2944db97fa98084dc4f5c5b4,R19 supplementary archive,excluded,,docs/PROVENANCE.md,Not a current public input: duplicate/historical/internal verification material; selected counterparts or documented workflow provided
R17/verification/A2_recording_uniD_s42_f0.6_target_only__uniD.json,reference,1215,692fbcba7c288910a501eddafaa56ee553767345773c77fbd6730604f9a6cd8c,R19 supplementary archive,excluded,,docs/PROVENANCE.md,Not a current public input: duplicate/historical/internal verification material; selected counterparts or documented workflow provided
R17/verification/A2_recording_uniD_s42_f1.0_continuation__uniD.json,reference,1220,bfc6c46bca7a64ded19a176c2224d4c51f449529d3188724a64027487c6895e3,R19 supplementary archive,excluded,,docs/PROVENANCE.md,Not a current public input: duplicate/historical/internal verification material; selected counterparts or documented workflow provided
R17/verification/A2_recording_uniD_s42_f1.0_target_only__uniD.json,reference,1215,a449849388548abd10bd3078b0949e0cac11e1461ee2b00fe168be31eaaa8012,R19 supplementary archive,excluded,,docs/PROVENANCE.md,Not a current public input: duplicate/historical/internal verification material; selected counterparts or documented workflow provided
R17/verification/model_artifacts.csv,reference,28348,76f5c28be5f4f427481f9cb9bdd769722ea48b41a899edc37a5a89cf74ba384a,R19 supplementary archive,excluded,,docs/PROVENANCE.md,Not a current public input: duplicate/historical/internal verification material; selected counterparts or documented workflow provided
R17/verification/new_predictions_checks.csv,reference,13147,99f4b6a9ea90ef08f335ee9c277127f6097b2cfabc72f6bb00eb192a77841202,R19 supplementary archive,excluded,,docs/PROVENANCE.md,Not a current public input: duplicate/historical/internal verification material; selected counterparts or documented workflow provided
R17/verification/training_median_checks.csv,sample_array_or_model,5710,88b327330a80cfbe8e22934bd7b80ddf0d2d4e2be208b3f6c6e713537c649bdf,R19 supplementary archive,pending_rights,,DATA_LICENSES.md provider-specific links,Keyed samples/labels/features or learned source-derived contents: applicable redistribution/non-reconstruction and mixed-license scope not established; preserve privately
README.md,reference,4525,0b2179bef2edda7cc3379400d9b0a1f5d7efc6fbc7742d0dc9b060b42de2a9d1,R19 supplementary archive,excluded,,docs/PROVENANCE.md,Not a current public input: duplicate/historical/internal verification material; selected counterparts or documented workflow provided
REVIEW_TRANSFORMS.json,reference,8316,af9e81b9650d1ea612cd133344dbb2f2a180515e29cadeed4b6c8156ebade17f,R19 supplementary archive,excluded,,docs/PROVENANCE.md,Not a current public input: duplicate/historical/internal verification material; selected counterparts or documented workflow provided
figures/fig1_corrections.pdf,aggregate_or_figure,12960,e480544af97c2636251e3b1cee3e2ef74bad348d5251624e266bd8dde4f6b1bb,R19 supplementary archive,published,figures/fig1_corrections.pdf,LICENSE_CODE; DATA_LICENSES.md,Author code or non-reconstructive study aggregate/plot selected explicitly
figures/fig1_corrections.png,aggregate_or_figure,67748,9cf69296a5c19f1a489c6b86d30015fd382a25090fbd280a26c190d82c0217d1,R19 supplementary archive,published,figures/fig1_corrections.png,LICENSE_CODE; DATA_LICENSES.md,Author code or non-reconstructive study aggregate/plot selected explicitly
figures/fig2_samefit.pdf,aggregate_or_figure,19378,4a413978abad1f4d0c46de70699ce5f16599d96ae63411e20db51c72dc1b78d1,R19 supplementary archive,published,figures/fig2_samefit.pdf,LICENSE_CODE; DATA_LICENSES.md,Author code or non-reconstructive study aggregate/plot selected explicitly
figures/fig2_samefit.png,aggregate_or_figure,208716,64c61c51344bdf38e1e01562e26614e3f1dee2a9f49e1a7cc43a931636bd6ea1,R19 supplementary archive,published,figures/fig2_samefit.png,LICENSE_CODE; DATA_LICENSES.md,Author code or non-reconstructive study aggregate/plot selected explicitly
figures/fig3_attribution.pdf,aggregate_or_figure,27512,81712407961903d1bd8064e441bed8736cfcd43a2f0058de96b1479fa6c3c1a0,R19 supplementary archive,published,figures/fig3_attribution.pdf,LICENSE_CODE; DATA_LICENSES.md,Author code or non-reconstructive study aggregate/plot selected explicitly
figures/fig3_attribution.png,aggregate_or_figure,196065,eb3068e20cf576adc020cde8522eb0fe5b12bc0e7628ae9cc69870339531b3df,R19 supplementary archive,published,figures/fig3_attribution.png,LICENSE_CODE; DATA_LICENSES.md,Author code or non-reconstructive study aggregate/plot selected explicitly
figures/fig4_shap_distribution.pdf,aggregate_or_figure,478721,5a6d5ea54a37399d737d11bf99cc457108ae8288e096f6167d4dfaa30507072d,R19 supplementary archive,published,figures/fig4_shap_distribution.pdf,LICENSE_CODE; DATA_LICENSES.md,Author code or non-reconstructive study aggregate/plot selected explicitly
figures/fig4_shap_distribution.png,aggregate_or_figure,572305,8060dbec6eaf186a2f514163b34f741629d3d7f6650c6c6fdc619c420d0984bf,R19 supplementary archive,published,figures/fig4_shap_distribution.png,LICENSE_CODE; DATA_LICENSES.md,Author code or non-reconstructive study aggregate/plot selected explicitly
figures/fig5_adaptation.pdf,aggregate_or_figure,18889,702a6060f2c871877e94ba4b15acf1dc9f7afa19e5c44ac7fe9631c2b50ecc76,R19 supplementary archive,published,figures/fig5_adaptation.pdf,LICENSE_CODE; DATA_LICENSES.md,Author code or non-reconstructive study aggregate/plot selected explicitly
figures/fig5_adaptation.png,aggregate_or_figure,185305,7ad55c312169c9cf16293ff09b1e35f289079d8a534b8ced4a526f11f3fa8190,R19 supplementary archive,published,figures/fig5_adaptation.png,LICENSE_CODE; DATA_LICENSES.md,Author code or non-reconstructive study aggregate/plot selected explicitly
figures/fig6_paired_gain.pdf,aggregate_or_figure,18408,a424a37909210f263614e8f35a30481a328baed566b338afb4dbc41c6e9dbe12,R19 supplementary archive,published,figures/fig6_paired_gain.pdf,LICENSE_CODE; DATA_LICENSES.md,Author code or non-reconstructive study aggregate/plot selected explicitly
figures/fig6_paired_gain.png,aggregate_or_figure,102668,7424194c0fdf29f2c8d327368bfad2792bc9b5386fd3a66caf2db66bacb45fc3,R19 supplementary archive,published,figures/fig6_paired_gain.png,LICENSE_CODE; DATA_LICENSES.md,Author code or non-reconstructive study aggregate/plot selected explicitly
figures/fig7_recording_uncertainty.pdf,aggregate_or_figure,19873,e0be0be6b17007524e9198fe89744b009b2c74e792df709dfd93df45fcb0f950,R19 supplementary archive,published,figures/fig7_recording_uncertainty.pdf,LICENSE_CODE; DATA_LICENSES.md,Author code or non-reconstructive study aggregate/plot selected explicitly
figures/fig7_recording_uncertainty.png,aggregate_or_figure,94896,cca955b586e81ea60c02d661afab722ea370208fcf05c34fbb733299449d4155,R19 supplementary archive,published,figures/fig7_recording_uncertainty.png,LICENSE_CODE; DATA_LICENSES.md,Author code or non-reconstructive study aggregate/plot selected explicitly
figures/fig8_recording_gain.pdf,aggregate_or_figure,21190,bc0642eab507e2ce32509fa5ba1f886a3aad936cc46fe2463ded9bcf2123fe17,R19 supplementary archive,published,figures/fig8_recording_gain.pdf,LICENSE_CODE; DATA_LICENSES.md,Author code or non-reconstructive study aggregate/plot selected explicitly
figures/fig8_recording_gain.png,aggregate_or_figure,160178,8be52f5d840868e251a9a0c67f12e0ca3f3cd194ace201938a589499d881f8db,R19 supplementary archive,published,figures/fig8_recording_gain.png,LICENSE_CODE; DATA_LICENSES.md,Author code or non-reconstructive study aggregate/plot selected explicitly
reproduce/plot_recording_results.py,code,3400,e1e23e39e49abd6e08be63fff8e09285db582e1772a817e8f2a7e0a33494014d,R19 supplementary archive,published,reproduce/plot_recording_results.py,LICENSE_CODE; DATA_LICENSES.md,Author code or non-reconstructive study aggregate/plot selected explicitly
reproduce/plot_vehicle_results.py,reference,7636,ac638d3cf22dc2d51a02ccc836b1d71b6a46bc4da951c0da00894d88ca909dc7,R19 supplementary archive,excluded,,docs/PROVENANCE.md,Not a current public input: duplicate/historical/internal verification material; selected counterparts or documented workflow provided
reproduce/requirements.txt,aggregate_or_figure,118,4e48ab042f4ff58e94548351a7f655ed4988474b1b21ac6d00a36fd50365b913,R19 supplementary archive,published,environment/desktop_replay_requirements.txt,LICENSE_CODE; DATA_LICENSES.md,Author code or non-reconstructive study aggregate/plot selected explicitly
reproduce/verify_manifest.py,reference,485,530aa63c2ddb709b55cb11a96e470af2e8ec083261982ddab073c3a284cdeab5,R19 supplementary archive,excluded,,docs/PROVENANCE.md,Not a current public input: duplicate/historical/internal verification material; selected counterparts or documented workflow provided
reproduce/verify_recording_results.py,reference,14929,a834df949bdb29573331ace254b04f3c9547d28b3baa604a2b546adefc827b5e,R19 supplementary archive,excluded,,docs/PROVENANCE.md,Not a current public input: duplicate/historical/internal verification material; selected counterparts or documented workflow provided
reproduce/verify_vehicle_results.py,reference,9736,f51ca48dd855d54677b9c56b4f8464238dd24f1be6e094806f74e4537e9a00ea,R19 supplementary archive,excluded,,docs/PROVENANCE.md,Not a current public input: duplicate/historical/internal verification material; selected counterparts or documented workflow provided
verified/R16/adaptation_no_emt.csv,aggregate_or_figure,2128,acf1471bce018d9b6bbf030523b99d6a9bb2e9d9a7c3713abfe5f8308ca4d631,R19 supplementary archive,published_derivative,aggregates/R16/adaptation_no_emt.csv,LICENSE_CODE; DATA_LICENSES.md,Author code or non-reconstructive study aggregate/plot selected explicitly
verified/R16/calibration_bins.csv,aggregate_or_figure,3898,d469d7d3fb277ffc9f02f509107d7fbae354e4bc0af51368015e18b13a8e4bfa,R19 supplementary archive,published_derivative,aggregates/R16/calibration_bins.csv,LICENSE_CODE; DATA_LICENSES.md,Author code or non-reconstructive study aggregate/plot selected explicitly
verified/R16/paired_ci.csv,aggregate_or_figure,1710,43ad2337986c9bdd4914a5d53bba2022fb980537aca5214a83352838f533663d,R19 supplementary archive,published_derivative,aggregates/R16/paired_ci.csv,LICENSE_CODE; DATA_LICENSES.md,Author code or non-reconstructive study aggregate/plot selected explicitly
verified/R16/paired_gains.csv,aggregate_or_figure,2027,7f9debec52acd7753061354e0fcf0c503367c78558734c878c29452880d01f65,R19 supplementary archive,published_derivative,aggregates/R16/paired_gains.csv,LICENSE_CODE; DATA_LICENSES.md,Author code or non-reconstructive study aggregate/plot selected explicitly
verified/R16/populations.json,aggregate_or_figure,713,7274d0a9d3370d40cf5246062e102d0153bd88d1ce1d433ead75df4e6541ed4c,R19 supplementary archive,published,aggregates/R16/populations.json,LICENSE_CODE; DATA_LICENSES.md,Author code or non-reconstructive study aggregate/plot selected explicitly
verified/R16/prediction_metrics.csv,aggregate_or_figure,39898,95e415dd617da399f3959cc4b2fb2e82041235fb230ee6010b841d266b4d2cfe,R19 supplementary archive,published_derivative,aggregates/R16/prediction_metrics.csv,LICENSE_CODE; DATA_LICENSES.md,Author code or non-reconstructive study aggregate/plot selected explicitly
verified/R16/same_fit_ci.csv,aggregate_or_figure,1064,77ba13fb025d6284cf1b35fc1425695ad954880ba10271835159e77e3786f48e,R19 supplementary archive,published_derivative,aggregates/R16/same_fit_ci.csv,LICENSE_CODE; DATA_LICENSES.md,Author code or non-reconstructive study aggregate/plot selected explicitly
verified/R16/same_fit_metrics.csv,aggregate_or_figure,714,36dc32dcd7c529107f605799f3acdf2360ed2d3dbe19d25f91b4b07c581e7995,R19 supplementary archive,published_derivative,aggregates/R16/same_fit_metrics.csv,LICENSE_CODE; DATA_LICENSES.md,Author code or non-reconstructive study aggregate/plot selected explicitly
verified/R16/shap_recomputed.csv,aggregate_or_figure,10506,589ce83ff1bb52a1c9cbfe4b08704baca1e49fe4b0b6869963015dbba5c8d4df,R19 supplementary archive,published_derivative,aggregates/R16/shap_recomputed.csv,LICENSE_CODE; DATA_LICENSES.md,Author code or non-reconstructive study aggregate/plot selected explicitly
verified/R16/shap_validation.json,reference,1017,9b81ad9181b5938ce78002ef05df248270d4af31e8c87cf6dc44f079cf1abdfc,R19 supplementary archive,excluded,,docs/PROVENANCE.md,Not a current public input: duplicate/historical/internal verification material; selected counterparts or documented workflow provided
verified/R16/split_validation.json,reference,10194,63d1eaabe10ce47f985204b9b53d49bb586ca7cdb91791fc3e322b2a2c7e23b6,R19 supplementary archive,excluded,,docs/PROVENANCE.md,Not a current public input: duplicate/historical/internal verification material; selected counterparts or documented workflow provided
verified/R16/summary.json,aggregate_or_figure,4651,c736cca021d6f6dccd7b2d5a7f94f923579c77c2c4c629ef349ce513a77d55d6,R19 supplementary archive,published_derivative,aggregates/R16/summary.json,LICENSE_CODE; DATA_LICENSES.md,Author code or non-reconstructive study aggregate/plot selected explicitly
verified/R17/A1_seed_metrics.csv,aggregate_or_figure,2716,b9a065ba7c737eb8347260c0a1b0f4b6f76a4572c94a178fe4c7c9b331416178,R19 supplementary archive,published_derivative,aggregates/R17/A1_seed_metrics.csv,LICENSE_CODE; DATA_LICENSES.md,Author code or non-reconstructive study aggregate/plot selected explicitly
verified/R17/A1_summary.csv,aggregate_or_figure,466,eecb281c29b471ee9b727d73a0f93eb6ab7fdf2b075891ccd2ef124a74f0d9ce,R19 supplementary archive,published_derivative,aggregates/R17/A1_summary.csv,LICENSE_CODE; DATA_LICENSES.md,Author code or non-reconstructive study aggregate/plot selected explicitly
verified/R17/A2_seed_gains.csv,aggregate_or_figure,5262,53dcb1594256ade3cc486eaba1913437fe55d500f6689b54123cba078cc10e80,R19 supplementary archive,published_derivative,aggregates/R17/A2_seed_gains.csv,LICENSE_CODE; DATA_LICENSES.md,Author code or non-reconstructive study aggregate/plot selected explicitly
verified/R17/A2_summary.csv,aggregate_or_figure,4377,848438fcb834ba12cfa706b0522dbdb538d03102dcb32996ed0aa06b581ffbb4,R19 supplementary archive,published_derivative,aggregates/R17/A2_summary.csv,LICENSE_CODE; DATA_LICENSES.md,Author code or non-reconstructive study aggregate/plot selected explicitly
verified/R17/B2_counterexamples.csv,reference,504,588a853b30d56b38f2ddbe59fcd3c5ac1ad0d07c7c33a11ab30612ff58d177f6,R19 supplementary archive,excluded,,docs/PROVENANCE.md,Not a current public input: duplicate/historical/internal verification material; selected counterparts or documented workflow provided
verified/R17/bootstrap_ci.csv,aggregate_or_figure,4115,ff770b6a07c5b2b27b9074c43ad55e7cb6cd615f8d1dac21b658b65e37a015d2,R19 supplementary archive,published_derivative,aggregates/R17/bootstrap_ci.csv,LICENSE_CODE; DATA_LICENSES.md,Author code or non-reconstructive study aggregate/plot selected explicitly
verified/R17/bootstrap_replicates.parquet,sample_array_or_model,460926,ca01f6f79cd27db672b5743f8a1ae98ff235cc88bb08fc0e1933f4754e6ecf95,R19 supplementary archive,pending_rights,,DATA_LICENSES.md provider-specific links,Keyed samples/labels/features or learned source-derived contents: applicable redistribution/non-reconstruction and mixed-license scope not established; preserve privately
verified/R17/prediction_metrics.csv,aggregate_or_figure,26628,c973362be68c46a1e3ca24d8b5e17ea3d4c97356363ca2688d5948e2e4472158,R19 supplementary archive,published_derivative,aggregates/R17/prediction_metrics.csv,LICENSE_CODE; DATA_LICENSES.md,Author code or non-reconstructive study aggregate/plot selected explicitly
verified/R17/recomputation_summary.json,reference,991,a3034fe0a7c7f6cc53848be41d92d30681a7f43bde8b324fbc734d9a2543de1c,R19 supplementary archive,excluded,,docs/PROVENANCE.md,Not a current public input: duplicate/historical/internal verification material; selected counterparts or documented workflow provided
verified/R17/reference_validation.csv,reference,1473,b0114fa2452e05c0c26a10f69bf98f4ff038c5669aaee916ae17ed7f4ace39e7,R19 supplementary archive,excluded,,docs/PROVENANCE.md,Not a current public input: duplicate/historical/internal verification material; selected counterparts or documented workflow provided
verified/R17/split_validation.csv,reference,5695,6699ec696ec3d73c26273fb31830dd4b5fc11c72a4f00b4f3a996a23d4e539b2,R19 supplementary archive,excluded,,docs/PROVENANCE.md,Not a current public input: duplicate/historical/internal verification material; selected counterparts or documented workflow provided
handoff/GAVOGO_GitHub_R20_Server_Request_KO.md,private_handoff,20085,c28d530cfeb62d66cb42bf7b93395f04e70ebfac1bb9323b02a4c0a7d1d1dce2,user private handoff,excluded_private,,Explicit R20 scope,Manuscript/contact/request/private ZIP reference; never upload full text or archive
handoff/HANDOFF_SHA256.json,private_handoff,1624,701ea6f7cc4f65748bf70d88c73d00ae7738b5fc0ad563dd779fa13fcfa2df06,user private handoff,excluded_private,,Explicit R20 scope,Manuscript/contact/request/private ZIP reference; never upload full text or archive
handoff/private_reference/GAVOGO_ScientificReports_SupplementaryData1_R19.zip,private_handoff,35128816,84fc2885d8b6ceebe1f95e4a9b6f998c74f87c78d98646ff1a1420efcfd10147,user private handoff,excluded_private,,Explicit R20 scope,Manuscript/contact/request/private ZIP reference; never upload full text or archive
handoff/private_reference/AUTHOR_CONTACT_UPDATE_R20.md,private_handoff,1336,2fd6a7d07f4e16e845a7ce558cdbef90fd18845892ee8f7247f070c9cdc06e03,user private handoff,excluded_private,,Explicit R20 scope,Manuscript/contact/request/private ZIP reference; never upload full text or archive
handoff/private_reference/R19_structure.json,private_handoff,2120,911e95a7110b31b706cc572eca2527516418eb311eb6873ced649203b3ceb88d,user private handoff,excluded_private,,Explicit R20 scope,Manuscript/contact/request/private ZIP reference; never upload full text or archive
handoff/private_reference/R19_SUPPLEMENTARY_INFORMATION_TEXT.txt,private_handoff,17642,bc52752b028cd060882292901e7a470e9db29e69465cf9a29a7f05af968cc0c4,user private handoff,excluded_private,,Explicit R20 scope,Manuscript/contact/request/private ZIP reference; never upload full text or archive
handoff/private_reference/GAVOGO_ScientificReports_SupplementaryData2_R19.zip,private_handoff,37173758,3a8f8cdae6063bf917d11c835fbd605b9e07483d8068cbe56a29ac8e113f5111,user private handoff,excluded_private,,Explicit R20 scope,Manuscript/contact/request/private ZIP reference; never upload full text or archive
handoff/private_reference/R19_publication_files_checksums.json,private_handoff,4564,1514f8a8701c1887e2439159f780784b081eec9dcb521a07ed24d6c9313b5d22,user private handoff,excluded_private,,Explicit R20 scope,Manuscript/contact/request/private ZIP reference; never upload full text or archive
handoff/private_reference/R19_MANUSCRIPT_TEXT.txt,private_handoff,55496,9393d1fd4802bbe609835164500340991166094b27b679125f3552e91f18bced,user private handoff,excluded_private,,Explicit R20 scope,Manuscript/contact/request/private ZIP reference; never upload full text or archive
public-generated/DATA_ACCESS.md,author_publication_material,2537,c3f1137a6238aaee5c96e54e79dc42e422960852fc6b484919b668bc6c110f1a,R20 public derivation or authored documentation,published,DATA_ACCESS.md,LICENSE_CODE for software; DATA_LICENSES.md for study aggregates/figures,"Reviewed public content; no keyed samples, trajectories, feature arrays, credentials or manuscript narrative"
public-generated/DATA_LICENSES.md,author_publication_material,3277,097383363d7cf001d64ed7ee1c56d3c0978bc0a7d84aec26eb19b228e90648d3,R20 public derivation or authored documentation,published,DATA_LICENSES.md,LICENSE_CODE for software; DATA_LICENSES.md for study aggregates/figures,"Reviewed public content; no keyed samples, trajectories, feature arrays, credentials or manuscript narrative"
public-generated/PUBLIC_SOURCE_TRANSFORMS.csv,author_publication_material,37729,4fff7361403329254f02ab33426dc025435fa6fb79f9e2b10672693b16abcc62,R20 public derivation or authored documentation,published,PUBLIC_SOURCE_TRANSFORMS.csv,LICENSE_CODE for software; DATA_LICENSES.md for study aggregates/figures,"Reviewed public content; no keyed samples, trajectories, feature arrays, credentials or manuscript narrative"
public-generated/README.md,author_publication_material,1195,f646c9b5f5d2945f0cd57660710b0385e8befdde08a9efd0c92a15f5e63bc8af,R20 public derivation or authored documentation,published,README.md,LICENSE_CODE for software; DATA_LICENSES.md for study aggregates/figures,"Reviewed public content; no keyed samples, trajectories, feature arrays, credentials or manuscript narrative"
public-generated/aggregates/R16/archived_sampling.csv,author_publication_material,160,f6130b76a07eca1e6ac5e73be04ec2da5e6a0d40e811e89256dba61833d23239,R20 public derivation or authored documentation,published,aggregates/R16/archived_sampling.csv,LICENSE_CODE for software; DATA_LICENSES.md for study aggregates/figures,"Reviewed public content; no keyed samples, trajectories, feature arrays, credentials or manuscript narrative"
public-generated/aggregates/R17/B2_counts.json,author_publication_material,182,3cbb22d43c9bf91dbd24e83a8ccb0fc7db6cb565002e8252b39b3b2c70571435,R20 public derivation or authored documentation,published,aggregates/R17/B2_counts.json,LICENSE_CODE for software; DATA_LICENSES.md for study aggregates/figures,"Reviewed public content; no keyed samples, trajectories, feature arrays, credentials or manuscript narrative"
public-generated/docs/KNOWN_LIMITATIONS.md,author_publication_material,2493,ccbc45a0c12478cebf4b861e4195ee04bc79f1173b87acb1e219f84dc859d3c1,R20 public derivation or authored documentation,published,docs/KNOWN_LIMITATIONS.md,LICENSE_CODE for software; DATA_LICENSES.md for study aggregates/figures,"Reviewed public content; no keyed samples, trajectories, feature arrays, credentials or manuscript narrative"
public-generated/docs/PAPER_MAP_R19.md,author_publication_material,3172,790420074af33452b26ef0999ab33605d4d6daefb7aa74b9834db092f32588e9,R20 public derivation or authored documentation,published,docs/PAPER_MAP_R19.md,LICENSE_CODE for software; DATA_LICENSES.md for study aggregates/figures,"Reviewed public content; no keyed samples, trajectories, feature arrays, credentials or manuscript narrative"
public-generated/docs/PROVENANCE.md,author_publication_material,2028,ef75c6fdf814d604484b9c649a09e04f0af235876b4626d0ca8c80efaa8cdb4b,R20 public derivation or authored documentation,published,docs/PROVENANCE.md,LICENSE_CODE for software; DATA_LICENSES.md for study aggregates/figures,"Reviewed public content; no keyed samples, trajectories, feature arrays, credentials or manuscript narrative"
public-generated/docs/R19_mapping.json,author_publication_material,343,ffd4b7a026683fee80acea73817750452879f26949b7990341db8af9dca78f67,R20 public derivation or authored documentation,published,docs/R19_mapping.json,LICENSE_CODE for software; DATA_LICENSES.md for study aggregates/figures,"Reviewed public content; no keyed samples, trajectories, feature arrays, credentials or manuscript narrative"
public-generated/docs/REPRODUCIBILITY.md,author_publication_material,4015,31ece18423ac506dda63bb3dfcef93aeb13becc6d025352daec6a34acd6c9a21,R20 public derivation or authored documentation,published,docs/REPRODUCIBILITY.md,LICENSE_CODE for software; DATA_LICENSES.md for study aggregates/figures,"Reviewed public content; no keyed samples, trajectories, feature arrays, credentials or manuscript narrative"
public-generated/docs/ZENODO_NEXT_STEPS.md,author_publication_material,1074,facd02efae404c3d8da51271315ca2fa026a6db7e5477f6ec9664198758be399,R20 public derivation or authored documentation,published,docs/ZENODO_NEXT_STEPS.md,LICENSE_CODE for software; DATA_LICENSES.md for study aggregates/figures,"Reviewed public content; no keyed samples, trajectories, feature arrays, credentials or manuscript narrative"
public-generated/environment/public_environment.json,author_publication_material,261,f627e98c6b75e091668b0462b1c76402ab0d7b6e09c231432e144e8ff6421e8b,R20 public derivation or authored documentation,published,environment/public_environment.json,LICENSE_CODE for software; DATA_LICENSES.md for study aggregates/figures,"Reviewed public content; no keyed samples, trajectories, feature arrays, credentials or manuscript narrative"
public-generated/environment/public_requirements.txt,author_publication_material,88,b1060222f901a7a1711af5e85557956d1adadb7805e01cb7fba32e81fd3a230f,R20 public derivation or authored documentation,published,environment/public_requirements.txt,LICENSE_CODE for software; DATA_LICENSES.md for study aggregates/figures,"Reviewed public content; no keyed samples, trajectories, feature arrays, credentials or manuscript narrative"
public-generated/environment/research_environment.json,author_publication_material,395,13941abb414182c5ebc2b81b5dea9de12e35769a7d425e7196493a20059b01bf,R20 public derivation or authored documentation,published,environment/research_environment.json,LICENSE_CODE for software; DATA_LICENSES.md for study aggregates/figures,"Reviewed public content; no keyed samples, trajectories, feature arrays, credentials or manuscript narrative"
public-generated/environment/research_requirements.txt,author_publication_material,112,9e88cf415194900eaafeccccc510885376efa671efb00874568a7233c632bbce,R20 public derivation or authored documentation,published,environment/research_requirements.txt,LICENSE_CODE for software; DATA_LICENSES.md for study aggregates/figures,"Reviewed public content; no keyed samples, trajectories, feature arrays, credentials or manuscript narrative"
public-generated/reproduce/check_inputs.py,author_publication_material,678,0139c95bb5e670802f296b5f91c247a9106c6b43c0a40d94cbc1057ce7278fe7,R20 public derivation or authored documentation,published,reproduce/check_inputs.py,LICENSE_CODE for software; DATA_LICENSES.md for study aggregates/figures,"Reviewed public content; no keyed samples, trajectories, feature arrays, credentials or manuscript narrative"
public-generated/reproduce/plot_vehicle_public.py,author_publication_material,7889,2591b47423c1981dc8ba4607477efcd7bd3653db509a5669ae1c4a1c3eaf61fc,R20 public derivation or authored documentation,published,reproduce/plot_vehicle_public.py,LICENSE_CODE for software; DATA_LICENSES.md for study aggregates/figures,"Reviewed public content; no keyed samples, trajectories, feature arrays, credentials or manuscript narrative"
public-generated/reproduce/reproduce_public.py,author_publication_material,962,886a3c5d7dc345af807e893a05fa1e95e99a67bbf91f5c6ff5bb955e4abef242,R20 public derivation or authored documentation,published,reproduce/reproduce_public.py,LICENSE_CODE for software; DATA_LICENSES.md for study aggregates/figures,"Reviewed public content; no keyed samples, trajectories, feature arrays, credentials or manuscript narrative"
public-generated/reproduce/verify_public.py,author_publication_material,8213,00c44f6dee9bfe45a00dc535d983741de45656120ea5b9b6efe8d205d1a62573,R20 public derivation or authored documentation,published,reproduce/verify_public.py,LICENSE_CODE for software; DATA_LICENSES.md for study aggregates/figures,"Reviewed public content; no keyed samples, trajectories, feature arrays, credentials or manuscript narrative"
public-generated/tables/main_01.csv,author_publication_material,331,4bb540cbc657c8fb91f04914740ff4be7ee45a271d8319430940d477f35c499b,R20 public derivation or authored documentation,published,tables/main_01.csv,LICENSE_CODE for software; DATA_LICENSES.md for study aggregates/figures,"Reviewed public content; no keyed samples, trajectories, feature arrays, credentials or manuscript narrative"
public-generated/tables/main_02.csv,author_publication_material,211,41e285d3c4347307a782ea1eaf8bc16fef43991113268aaa666f400b7b22fc97,R20 public derivation or authored documentation,published,tables/main_02.csv,LICENSE_CODE for software; DATA_LICENSES.md for study aggregates/figures,"Reviewed public content; no keyed samples, trajectories, feature arrays, credentials or manuscript narrative"
public-generated/tables/main_03.csv,author_publication_material,187,c60c70518e906b813f86d8ac1214e28d239cafefb38092f96fa58a4af5bbc778,R20 public derivation or authored documentation,published,tables/main_03.csv,LICENSE_CODE for software; DATA_LICENSES.md for study aggregates/figures,"Reviewed public content; no keyed samples, trajectories, feature arrays, credentials or manuscript narrative"
public-generated/tables/main_04.csv,author_publication_material,821,64022f7a773a5985c23b06c8b4dfe9be16c3d1a8fc0d10962324820eb77e72e9,R20 public derivation or authored documentation,published,tables/main_04.csv,LICENSE_CODE for software; DATA_LICENSES.md for study aggregates/figures,"Reviewed public content; no keyed samples, trajectories, feature arrays, credentials or manuscript narrative"
public-generated/tables/main_05.csv,author_publication_material,139,afce0ae4517502b22ef6e3db6544eadb59a427cc8df18b3157deb81975a54d54,R20 public derivation or authored documentation,published,tables/main_05.csv,LICENSE_CODE for software; DATA_LICENSES.md for study aggregates/figures,"Reviewed public content; no keyed samples, trajectories, feature arrays, credentials or manuscript narrative"
public-generated/tables/supp_01.csv,author_publication_material,452,0ec6916e9fa4542ce232c4494a0d41ef30040d1ce640d9525ac3b4b85ca1ddf8,R20 public derivation or authored documentation,published,tables/supp_01.csv,LICENSE_CODE for software; DATA_LICENSES.md for study aggregates/figures,"Reviewed public content; no keyed samples, trajectories, feature arrays, credentials or manuscript narrative"
public-generated/tables/supp_02.csv,author_publication_material,280,53203d5fd8eb653ffa3aed0559d98b462cf470a04f548365c0dc82814704e533,R20 public derivation or authored documentation,published,tables/supp_02.csv,LICENSE_CODE for software; DATA_LICENSES.md for study aggregates/figures,"Reviewed public content; no keyed samples, trajectories, feature arrays, credentials or manuscript narrative"
public-generated/tables/supp_03.csv,author_publication_material,306,bdfc4ea13391b4e3ab68c8b53cb5c5918cc2545d51dafa16604bc60fe13bcfab,R20 public derivation or authored documentation,published,tables/supp_03.csv,LICENSE_CODE for software; DATA_LICENSES.md for study aggregates/figures,"Reviewed public content; no keyed samples, trajectories, feature arrays, credentials or manuscript narrative"
public-generated/tables/supp_04.csv,author_publication_material,316,64fa78d7ae92a8237b605cab30fdc120765a43ed23f7f3031e4df97be03495d0,R20 public derivation or authored documentation,published,tables/supp_04.csv,LICENSE_CODE for software; DATA_LICENSES.md for study aggregates/figures,"Reviewed public content; no keyed samples, trajectories, feature arrays, credentials or manuscript narrative"
public-generated/tables/supp_05.csv,author_publication_material,856,ac67d660d8d0fd486f6314ae17049811100948213fc260eb9c4e293490d71994,R20 public derivation or authored documentation,published,tables/supp_05.csv,LICENSE_CODE for software; DATA_LICENSES.md for study aggregates/figures,"Reviewed public content; no keyed samples, trajectories, feature arrays, credentials or manuscript narrative"
public-generated/tables/supp_06.csv,author_publication_material,227,1278f4d2859e480f64eecdf32d25a4f6f177fbce072746dbe1590f39cea2ebcf,R20 public derivation or authored documentation,published,tables/supp_06.csv,LICENSE_CODE for software; DATA_LICENSES.md for study aggregates/figures,"Reviewed public content; no keyed samples, trajectories, feature arrays, credentials or manuscript narrative"
public-generated/tables/supp_07.csv,author_publication_material,739,2d2c974a3cdab67cbd6840dbad7cf01939ca7807778789ad5dabbebe19f48da8,R20 public derivation or authored documentation,published,tables/supp_07.csv,LICENSE_CODE for software; DATA_LICENSES.md for study aggregates/figures,"Reviewed public content; no keyed samples, trajectories, feature arrays, credentials or manuscript narrative"
public-generated/tables/supp_08.csv,author_publication_material,273,b2e10159efadc4453fe2f825e124cb1f75df9c3edea66e7094f178632acc835a,R20 public derivation or authored documentation,published,tables/supp_08.csv,LICENSE_CODE for software; DATA_LICENSES.md for study aggregates/figures,"Reviewed public content; no keyed samples, trajectories, feature arrays, credentials or manuscript narrative"
public-generated/verification/PUBLIC_TESTS.json,author_publication_material,4289,66a8b39eb71d591508c868cfec033dfb1400c54c20d063f6cbae424a994dc898,R20 public derivation or authored documentation,published,verification/PUBLIC_TESTS.json,LICENSE_CODE for software; DATA_LICENSES.md for study aggregates/figures,"Reviewed public content; no keyed samples, trajectories, feature arrays, credentials or manuscript narrative"
public-generated/verification/SCOPE.json,author_publication_material,684,dcdc1880f1748ff2a2b8386f601bdfc178c49c38529fdd92b059cb43146eda78,R20 public derivation or authored documentation,published,verification/SCOPE.json,LICENSE_CODE for software; DATA_LICENSES.md for study aggregates/figures,"Reviewed public content; no keyed samples, trajectories, feature arrays, credentials or manuscript narrative"
public-generated/.gitattributes,author_publication_material,108,8b0e3ed4071b0a9b468335fd7b1b45348857f3ae424c8a0a1b7429bf9fe9eaf6,R20 public derivation or authored documentation,published,.gitattributes,Repository manifest integrity,Prevent newline conversion of manifested bytes
